año,partido,sector,puntaje,independiente,votos,tipo,tipo2,transicion
2004,Nueva Alternativa Independiente,Center-Left,4,0,15510,0,Alcalde,15
2016,Chile Quiere Amplitud,Center-Right,6,0,34745,0,Alcalde,27
2012,Chile está en Otra,Center-Right,6,0,123,0,Alcalde,23
2021,Unidos Por La Dignidad,Center-Left,4,0,15342,0,Alcalde,32
2021,Frente Amplio,Left,2.25,0,42126,0,Alcalde,32
2004,Juntos Podemos,Far Left,1,0,188629,0,Alcalde,15
2008,Juntos Podemos Más,Left,2,0,157414,0,Alcalde,19
2021,Frente Amplio,Left,2.25,0,53019,0,Alcalde,32
2016,Yo Marco por el Cambio,Left,3,0,1321,0,Alcalde,27
2004,Concertación por la Democracia,Center-Left,4.25,0,1382185,0,Alcalde,15
2008,Concertación Democrática,Center-Left,4.25,0,1143898,0,Alcalde,19
2021,Chile Vamos,Center-Right,6,0,58817,0,Alcalde,32
2021,Chile Digno Verde Y Soberano,Left,2,0,25242,0,Alcalde,32
2016,Yo Marco por el Cambio,Left,3,0,688,0,Alcalde,27
2008,La fuerza del Norte,Center-Left,4,0,1166,0,Alcalde,19
2016,Norte Verde,Left,3,0,4313,0,Alcalde,27
2004,Juntos Podemos,Left,2,0,59805,0,Alcalde,15
2008,Juntos Podemos Más,Left,2,0,85528,0,Alcalde,19
2021,Dignidad Ahora,Left,2,0,99547,0,Alcalde,32
2016,Nueva Mayoría,Center-Left,3.5,0,36300,0,Alcalde,27
2012,Mas Humanos,Left,3,0,31562,0,Alcalde,23
2021,Chile Digno Verde Y Soberano,Left,2,0,63631,0,Alcalde,32
2021,Dignidad Ahora,Left,2,0,63540,0,Alcalde,32
2021,Ecologistas E Independientes,Left,2,0,82254,0,Alcalde,32
2004,Juntos Podemos,Left,2,0,123338,0,Alcalde,15
2008,Juntos Podemos Más,Left,2,0,159719,0,Alcalde,19
2021,Frente Amplio,Left,2.25,0,115923,0,Alcalde,32
2016,Alternativa Democrática,Left,3,0,5983,0,Alcalde,27
2016,Cambiemos la Historia,Left,3,0,7475,0,Alcalde,27
2012,El Cambio por Ti,Left,3,0,75312,0,Alcalde,23
2012,Igualdad para Chile,Left,3,0,18770,0,Alcalde,23
2016,Justicia y Transparencia,Left,3,0,6873,0,Alcalde,27
2012,Mas Humanos,Left,3,0,24229,0,Alcalde,23
2016,Poder Ecologista y Ciudadano,Left,3,0,44688,0,Alcalde,27
2012,Por el Desarrollo del Norte,Left,3,0,35791,0,Alcalde,23
2012,Por un Chile justo,Left,3,0,129690,0,Alcalde,23
2008,Por un Chile limpio,Left,3,0,199054,0,Alcalde,19
2016,Pueblo Unido,Left,3,0,26794,0,Alcalde,27
2016,Alternativa Democrática,Left,3,0,9076,0,Alcalde,27
2012,Regionalistas e Independientes,Left,3,0,90942,0,Alcalde,23
2021,Nuevo Tiempo,Right,8,0,2848,0,Alcalde,32
2016,Yo Marco por el Cambio,Left,3,0,42241,0,Alcalde,27
2021,Chile Digno Verde Y Soberano,Far Left,1,0,331961,0,Alcalde,32
2012,Por un Chile justo,Left,2,0,74997,0,Alcalde,23
2016,Nueva Mayoría,Left,2,0,77341,0,Alcalde,27
2021,Independientes Cristianos,Right,8,0,469,0,Alcalde,32
2016,Nueva Mayoría,Center-Left,3.5,0,288683,0,Alcalde,27
2021,Unidad Por El Apruebo,Center-Left,3.5,0,152708,0,Alcalde,32
2008,Concertación Democrática,Center-Left,4,0,88740,0,Alcalde,19
2012,Concertación Democrática,Center-Left,4,0,169560,0,Alcalde,23
2004,Concertación por la Democracia,Center-Left,4,0,103512,0,Alcalde,15
2008,Concertación Progresista,Center-Left,4,0,23987,0,Alcalde,19
2016,Nueva Mayoría,Center-Left,3.5,0,561090,0,Alcalde,27
2021,Unidos Por La Dignidad,Center-Left,4,0,578604,0,Alcalde,32
2012,Concertación Democrática,Center-Left,4.5,0,915035,0,Alcalde,23
2021,Ecologistas E Independientes,Left,2,0,45825,0,Alcalde,32
2012,El Cambio por Ti,Left,2,0,146,0,Alcalde,23
2016,Poder Ecologista y Ciudadano,Left,2,0,32852,0,Alcalde,27
2016,Pueblo Unido,Left,2,0,1901,0,Alcalde,27
2021,Dignidad Ahora,Left,2,0,51272,0,Alcalde,32
2016,Alternativa Democrática,Left,3,0,12840,0,Alcalde,27
2012,Mas Humanos,Left,3,0,34661,0,Alcalde,23
2012,Igualdad para Chile,Left,2,0,19805,0,Alcalde,23
2016,Pueblo Unido,Left,3,0,18102,0,Alcalde,27
2021,Frente Amplio,Left,2.25,0,20992,0,Alcalde,32
2016,Alternativa Democrática,Left,3,0,11602,0,Alcalde,27
2008,La fuerza del Norte,Center-Left,4,0,24405,0,Alcalde,19
2004,Nueva Alternativa Independiente,Center-Left,4,0,4743,0,Alcalde,15
2004,Nueva Fuerza Regional,Center-Left,4,0,38866,0,Alcalde,15
2021,Unidos Por La Dignidad,Center-Left,4,0,78767,0,Alcalde,32
2012,Chile está en Otra,Center-Right,6,0,9851,0,Alcalde,23
2016,Chile Quiere Amplitud,Center-Right,6,0,3455,0,Alcalde,27
2004,Alianza,Center-Right,7,0,332757,0,Alcalde,15
2021,Ciudadanos Independientes,Right,8,0,846,0,Alcalde,32
2016,Nueva Mayoría,Center-Left,3.5,0,270826,0,Alcalde,27
2021,Unidad Por El Apruebo,Center-Left,3.5,0,238156,0,Alcalde,32
2008,Alianza,Center-Right,7,0,469670,0,Alcalde,19
2012,Por un Chile justo,Center-Left,4,0,362649,0,Alcalde,23
2012,El Cambio por Ti,Center-Left,3.5,0,88800,0,Alcalde,23
2016,Yo Marco por el Cambio,Center-Left,3.5,0,47889,0,Alcalde,27
2021,Unidos Por La Dignidad,Left,3.25,0,6851,0,Alcalde,32
2021,Unidad Por El Apruebo,Center-Left,3.5,0,128188,0,Alcalde,32
2016,Nueva Mayoría,Center-Left,3.5,0,147450,0,Alcalde,27
2016,Chile Vamos,Center-Right,7,0,513346,0,Alcalde,27
2021,Chile Vamos,Center-Right,7,0,563307,0,Alcalde,32
2012,Por un Chile justo,Center-Left,4,0,182592,0,Alcalde,23
2012,Regionalistas e Independientes,Center-Left,4,0,42854,0,Alcalde,23
2016,Partido Regionalista de Magallanes,Center-Left,4,0,448,0,Alcalde,27
2016,Chile Vamos,Center-Right,7,0,10419,0,Alcalde,27
2021,Chile Vamos,Center-Right,7,0,7951,0,Alcalde,32
2021,Republicanos,Far Right,9,0,58920,0,Alcalde,32
2012,Concertación Democrática,Center-Left,3.5,0,547313,0,Alcalde,23
2016,Nueva Mayoría,Center-Left,3.5,0,379168,0,Alcalde,27
2021,Unidad Por El Apruebo,Center-Left,3.5,0,317576,0,Alcalde,32
2016,Poder Ecologista y Ciudadano,Left,2,0,3648,0,Alcalde,27
2004,Concertación por la Democracia,Center-Left,4,0,404281,0,Alcalde,15
2008,Concertación Progresista,Center-Left,4,0,442498,0,Alcalde,19
2004,Concertación por la Democracia,Center-Left,4,0,192858,0,Alcalde,15
2008,Concertación Progresista,Center-Left,4,0,152138,0,Alcalde,19
2008,Por un Chile limpio,Left,3,0,55556,0,Alcalde,19
2004,Alianza,Center-Right,6.5,0,881816,0,Alcalde,15
2012,Coalición,Center-Right,7,0,427542,0,Alcalde,23
2021,Ciudadanos Independientes,Right,8,0,2565,0,Alcalde,32
2021,Independientes Cristianos,Right,8,0,176,0,Alcalde,32
2021,Republicanos,Right,8.5,0,24317,0,Alcalde,32
2008,Alianza,Center-Right,6.5,0,841431,0,Alcalde,19
2012,Coalición,Center-Right,6.5,0,655367,0,Alcalde,23
2016,Chile Vamos,Center-Right,6.5,0,601048,0,Alcalde,27
2021,Chile Vamos,Center-Right,6.5,0,514741,0,Alcalde,32
2016,Cambiemos la Historia,Left,3,0,11915,0,Alcalde,27
2021,Frente Amplio,Left,3,0,262187,0,Alcalde,32
2008,Concertación Democrática,Center-Left,3.75,0,594187,0,Alcalde,19
2004,Concertación por la Democracia,Center-Left,3.75,0,744680,0,Alcalde,15
2016,Pacto Aysén,Left,3,0,108,0,Alcalde,27
2016,Unidos Resulta en Democracia,Left,3,0,998,0,Alcalde,27
2004,Alianza,Right,8,0,1228808,0,Alcalde,15
2008,Alianza,Right,8,0,1275653,0,Alcalde,19
2012,Coalición,Right,8,0,997036,0,Alcalde,23
2016,Chile Vamos,Right,8,0,702926,0,Alcalde,27
2021,Chile Vamos,Right,8,0,505249,0,Alcalde,32
2016,Justicia y Transparencia,Far Left,0.5,0,7994,0,Alcalde,27
2021,Union Patriotica,Far Left,0.5,0,17884,0,Alcalde,32
2016,Yo Marco por el Cambio,Left,2,0,363,0,Alcalde,27
2004,Nueva Alternativa Independiente,Center-Left,4,0,29912,0,Concejal,15
2016,Chile Quiere Amplitud,Center-Right,6,0,35652,0,Concejal,27
2012,Chile está en Otra,Center-Right,6,0,1478,0,Concejal,23
2021,Unidos Por La Dignidad,Center-Left,4,0,10262,0,Concejal,32
2021,Frente Amplio,Left,2.25,0,50643,0,Concejal,32
2004,Juntos Podemos,Far Left,1,0,299086,0,Concejal,15
2008,Juntos Podemos Más,Far Left,1,0,305990,0,Concejal,19
2021,Frente Amplio,Left,2.25,0,118856,0,Concejal,32
2004,Nueva Fuerza Regional,Left,2,0,1240,0,Concejal,15
2016,Yo Marco por el Cambio,Left,3,0,4630,0,Concejal,27
2004,Concertación por la Democracia,Center-Left,4.25,0,1246772,0,Concejal,15
2008,Concertación Democrática,Center-Left,4.25,0,849714,0,Concejal,19
2008,Por un Chile limpio,Left,3,0,4297,0,Concejal,19
2021,Chile Vamos Evopoli - Independientes,Center-Right,6,0,181465,0,Concejal,32
2021,Chile Digno Verde Y Soberano,Left,2,0,87815,0,Concejal,32
2016,Yo Marco por el Cambio,Left,3,0,4633,0,Concejal,27
2012,Por el Desarrollo del Norte,Center-Left,4,0,1141,0,Concejal,23
2008,La fuerza del Norte,Center-Left,4,0,1648,0,Concejal,19
2016,Norte Verde,Left,3,0,2112,0,Concejal,27
2004,Juntos Podemos,Left,2,0,119381,0,Concejal,15
2008,Juntos Podemos Más,Left,2,0,114324,0,Concejal,19
2021,Dignidad Ahora,Left,2,0,54724,0,Concejal,32
2008,Juntos Podemos Más,Left,2,0,2606,0,Concejal,19
2016,Con la Fuerza del Futuro,Center-Right,7,0,18665,0,Concejal,27
2012,Mas Humanos,Left,3,0,36307,0,Concejal,23
2021,Partido De Trabajadores Revolucionarios,Far Left,1,0,197,0,Concejal,32
2021,Chile Digno Verde Y Soberano,Left,2,0,226783,0,Concejal,32
2021,Dignidad Ahora,Left,2,0,191445,0,Concejal,32
2021,Ecologistas E Independientes,Left,2,0,168630,0,Concejal,32
2004,Juntos Podemos,Left,2,0,143163,0,Concejal,15
2008,Juntos Podemos Más,Left,2,0,132333,0,Concejal,19
2021,Frente Amplio,Left,2.25,0,239443,0,Concejal,32
2016,Alternativa Democrática,Left,3,0,54489,0,Concejal,27
2016,Cambiemos la Historia,Left,3,0,23758,0,Concejal,27
2016,Con la Fuerza del Futuro,Left,3,0,201528,0,Concejal,27
2012,El Cambio por Ti,Left,3,0,114526,0,Concejal,23
2012,Igualdad para Chile,Left,3,0,23171,0,Concejal,23
2016,Justicia y Transparencia,Left,3,0,5077,0,Concejal,27
2012,Mas Humanos,Left,3,0,64549,0,Concejal,23
2016,Norte Verde,Left,3,0,4570,0,Concejal,27
2016,Pacto Aysén,Left,3,0,434,0,Concejal,27
2016,Poder Ecologista y Ciudadano,Left,3,0,59963,0,Concejal,27
2012,Por el Desarrollo del Norte,Left,3,0,26327,0,Concejal,23
2012,Por un Chile justo,Left,3,0,261886,0,Concejal,23
2008,Por un Chile limpio,Left,3,0,231502,0,Concejal,19
2016,Pueblo Unido,Left,3,0,36070,0,Concejal,27
2021,Radicales E Independientes,Left,3,0,212375,0,Concejal,32
2016,Alternativa Democrática,Left,3,0,12205,0,Concejal,27
2012,Regionalistas e Independientes,Left,3,0,171200,0,Concejal,23
2021,Nuevo Tiempo,Right,8,0,3443,0,Concejal,32
2016,Yo Marco por el Cambio,Left,3,0,78911,0,Concejal,27
2021,Chile Digno Verde Y Soberano,Far Left,1,0,446281,0,Concejal,32
2012,Por un Chile justo,Left,2,0,286009,0,Concejal,23
2016,Nueva Mayoría por Chile,Left,2,0,208549,0,Concejal,27
2021,Independientes Cristianos,Right,8,0,1166,0,Concejal,32
2012,Por un Chile justo,Left,2,0,593,0,Concejal,23
2021,Partido De Trabajadores Revolucionarios,Far Left,0.5,0,13352,0,Concejal,32
2016,Nueva Mayoría para Chile,Center-Left,3.5,0,168470,0,Concejal,27
2016,Nueva Mayoría por Chile,Center-Left,3.5,0,161164,0,Concejal,27
2021,Unidad Por El Apruebo Ps Ppd E Independientes,Center-Left,3.5,0,248415,0,Concejal,32
2008,Concertación Democrática,Center-Left,4,0,164425,0,Concejal,19
2012,Concertación Democrática,Center-Left,4,0,207246,0,Concejal,23
2004,Concertación por la Democracia,Center-Left,4,0,129630,0,Concejal,15
2008,Concertación Progresista,Center-Left,4,0,217889,0,Concejal,19
2016,Nueva Mayoría para Chile,Center-Left,3.5,0,485516,0,Concejal,27
2021,Unidos Por La Dignidad,Center-Left,4,0,398969,0,Concejal,32
2012,Concertación Democrática,Center-Left,4.5,0,694369,0,Concejal,23
2021,Ecologistas E Independientes,Left,2,0,84617,0,Concejal,32
2012,El Cambio por Ti,Left,2,0,1647,0,Concejal,23
2016,Poder Ecologista y Ciudadano,Left,2,0,23184,0,Concejal,27
2012,El Cambio por Ti,Left,3,0,1969,0,Concejal,23
2016,Chile Vamos PRI-Evópoli e Independientes,Center-Right,6,0,68697,0,Concejal,27
2021,Dignidad Ahora,Left,2,0,67063,0,Concejal,32
2016,Alternativa Democrática,Left,3,0,38599,0,Concejal,27
2012,Mas Humanos,Left,3,0,64780,0,Concejal,23
2012,Igualdad para Chile,Left,2,0,24657,0,Concejal,23
2016,Pueblo Unido,Left,3,0,22187,0,Concejal,27
2016,Con la Fuerza del Futuro,Left,3,0,5433,0,Concejal,27
2021,Frente Amplio,Left,2.25,0,11189,0,Concejal,32
2016,Alternativa Democrática,Left,3,0,3318,0,Concejal,27
2008,La fuerza del Norte,Center-Left,4,0,33584,0,Concejal,19
2004,Nueva Alternativa Independiente,Center-Left,4,0,12545,0,Concejal,15
2004,Nueva Fuerza Regional,Center-Left,4,0,38693,0,Concejal,15
2021,Unidos Por La Dignidad,Center-Left,4,0,240597,0,Concejal,32
2012,Chile está en Otra,Center-Right,6,0,6718,0,Concejal,23
2016,Chile Quiere Amplitud,Center-Right,6,0,15831,0,Concejal,27
2004,Alianza,Center-Right,7,0,231456,0,Concejal,15
2021,Ciudadanos Independientes,Right,8,0,4415,0,Concejal,32
2016,Nueva Mayoría por Chile,Center-Left,3.5,0,281789,0,Concejal,27
2021,Unidad Por El Apruebo Ps Ppd E Independientes,Center-Left,3.5,0,249834,0,Concejal,32
2008,Alianza,Center-Right,7,0,294567,0,Concejal,19
2012,Por un Chile justo,Center-Left,4,0,409906,0,Concejal,23
2012,El Cambio por Ti,Center-Left,3.5,0,123372,0,Concejal,23
2016,Yo Marco por el Cambio,Center-Left,3.5,0,88374,0,Concejal,27
2021,Unidos Por La Dignidad,Left,3.25,0,51874,0,Concejal,32
2021,Radicales E Independientes,Center-Left,4,0,195127,0,Concejal,32
2016,Con la Fuerza del Futuro,Center-Left,4,0,197802,0,Concejal,27
2021,Chile Vamos - Pri E Independientes,Center-Right,7,0,96449,0,Concejal,32
2012,Por un Chile justo,Center-Left,4,0,217148,0,Concejal,23
2012,Regionalistas e Independientes,Center-Left,4,0,234621,0,Concejal,23
2016,Partido Regionalista de Magallanes,Center-Left,4,0,1777,0,Concejal,27
2016,Chile Vamos PRI-Evópoli e Independientes,Center-Right,7,0,61217,0,Concejal,27
2021,Chile Vamos - Pri E Independientes,Center-Right,7,0,51045,0,Concejal,32
2021,Republicanos,Far Right,9,0,111073,0,Concejal,32
2012,Concertación Democrática,Center-Left,3.5,0,556702,0,Concejal,23
2016,Nueva Mayoría para Chile,Center-Left,3.5,0,413328,0,Concejal,27
2021,Unidad Por El Apruebo Ps Ppd E Independientes,Center-Left,3.5,0,430825,0,Concejal,32
2016,Poder Ecologista y Ciudadano,Left,2,0,3350,0,Concejal,27
2004,Concertación por la Democracia,Center-Left,4,0,610519,0,Concejal,15
2008,Concertación Progresista,Center-Left,4,0,517469,0,Concejal,19
2021,Chile Vamos Evopoli - Independientes,Center-Right,7,0,112567,0,Concejal,32
2016,Chile Vamos PRI-Evópoli e Independientes,Center-Right,7,0,131686,0,Concejal,27
2021,Chile Vamos Renovacion Nacional - Independientes,Center-Right,7,0,206593,0,Concejal,32
2016,Chile Vamos RN e Independientes,Center-Right,7,0,108681,0,Concejal,27
2021,Chile Vamos Udi - Independientes,Center-Right,7,0,201720,0,Concejal,32
2004,Concertación por la Democracia,Center-Left,4,0,277878,0,Concejal,15
2008,Concertación Progresista,Center-Left,4,0,316975,0,Concejal,19
2008,Por un Chile limpio,Left,3,0,224270,0,Concejal,19
2004,Alianza,Center-Right,6.5,0,923655,0,Concejal,15
2016,Chile Vamos UDI e Independientes,Center-Right,7,0,163076,0,Concejal,27
2012,Coalición,Center-Right,7,0,320220,0,Concejal,23
2021,Ciudadanos Independientes,Right,8,0,3234,0,Concejal,32
2021,Independientes Cristianos,Right,8,0,3017,0,Concejal,32
2021,Republicanos,Right,8.5,0,77519,0,Concejal,32
2008,Alianza,Center-Right,6.5,0,980189,0,Concejal,19
2012,Coalición,Center-Right,6.5,0,701078,0,Concejal,23
2016,Chile Vamos RN e Independientes,Center-Right,6.5,0,694667,0,Concejal,27
2021,Chile Vamos Renovacion Nacional - Independientes,Center-Right,6.5,0,577834,0,Concejal,32
2016,Cambiemos la Historia,Left,3,0,38838,0,Concejal,27
2021,Frente Amplio,Left,3,0,137700,0,Concejal,32
2008,Concertación Democrática,Center-Left,3.75,0,679982,0,Concejal,19
2004,Concertación por la Democracia,Center-Left,3.75,0,667071,0,Concejal,15
2016,Pacto Aysén,Left,3,0,689,0,Concejal,27
2016,Unidos Resulta en Democracia,Left,3,0,746,0,Concejal,27
2004,Alianza,Right,8,0,1151703,0,Concejal,15
2008,Alianza,Right,8,0,919765,0,Concejal,19
2012,Coalición,Right,8,0,733855,0,Concejal,23
2016,Chile Vamos UDI e Independientes,Right,8,0,570480,0,Concejal,27
2021,Chile Vamos Udi - Independientes,Right,8,0,401269,0,Concejal,32
2016,Justicia y Transparencia,Far Left,0.5,0,9111,0,Concejal,27
2021,Union Patriotica,Far Left,0.5,0,29364,0,Concejal,32
2016,Yo Marco por el Cambio,Left,2,0,3042,0,Concejal,27
2017,Sumemos,Center-Right,6,0,37622,0,Consejero Regional,28
2021,Independientes Unidos,Center-Right,6,0,65320,0,Consejero Regional,32
2021,Democracia Ciudadana,Center-Left,4.5,0,3091,0,Consejero Regional,32
2017,Sumemos,Center,4.75,0,6574,0,Consejero Regional,28
2021,Frente Amplio,Left,2.25,0,45255,0,Consejero Regional,32
2021,Frente Amplio,Left,2.25,0,176275,0,Consejero Regional,32
2017,Coalición Regionalista Verde,Left,3,0,11885,0,Consejero Regional,28
2013,Nueva Constitución para Chile,Left,3,0,3926,0,Consejero Regional,24
2017,Chile Vamos - RN - EVOPOLI,Center-Right,6,0,131360,0,Consejero Regional,28
2021,Chile Vamos Evopoli - Independientes,Center-Right,6,0,177778,0,Consejero Regional,32
2017,Coalición Regionalista Verde,Left,3,0,33152,0,Consejero Regional,28
2021,Regionalistas Verdes E Independientes,Left,3,0,62169,0,Consejero Regional,32
2013,Por el Desarrollo del Norte,Center-Left,4,0,4217,0,Consejero Regional,24
2021,Por Un Chile Digno,Left,2,0,33556,0,Consejero Regional,32
2017,A Refundar Chile,Far Left,1,0,33835,0,Consejero Regional,28
2017,Por un Chile Justo y Descentralizado,Left,3,0,1391,0,Consejero Regional,28
2013,Nueva Mayoría por Chile,Center-Left,3.5,0,6629,0,Consejero Regional,24
2021,Ecologistas E Independientes,Left,2,0,146946,0,Consejero Regional,32
2021,Humanicemos Chile,Left,2,0,47153,0,Consejero Regional,32
2021,Por Un Chile Digno,Left,2,0,131531,0,Consejero Regional,32
2017,Frente Amplio,Left,2.25,0,219645,0,Consejero Regional,28
2021,Frente Amplio,Left,2.25,0,171341,0,Consejero Regional,32
2017,Frente Ecologista y Ciudadano,Left,2.25,0,72988,0,Consejero Regional,28
2021,Frente Por La Unidad De La Clase Trabajadora,Left,2.25,0,12847,0,Consejero Regional,32
2021,Cambio Radical Progresista,Left,3,0,133290,0,Consejero Regional,32
2017,Coalición Regionalista Verde,Left,3,0,39336,0,Consejero Regional,28
2021,Independientes Unidos,Left,3,0,11367,0,Consejero Regional,32
2017,Integración para el Desarrollo,Left,3,0,5387,0,Consejero Regional,28
2021,Partido Conservador Cristiano E Independientes,Left,3,0,4907,0,Consejero Regional,32
2017,Por Todo Chile,Left,3,0,83010,0,Consejero Regional,28
2017,Por un Chile Justo y Descentralizado,Left,3,0,115995,0,Consejero Regional,28
2021,Regionalistas Verdes E Independientes,Left,3,0,170059,0,Consejero Regional,32
2021,Nuevo Tiempo,Right,8,0,1155,0,Consejero Regional,32
2017,Por Todo Chile,Left,3,0,10468,0,Consejero Regional,28
2017,Por un Chile Justo y Descentralizado,Far Left,1,0,245678,0,Consejero Regional,28
2021,Por Un Chile Digno,Far Left,1,0,386576,0,Consejero Regional,32
2013,Nueva Mayoría por Chile,Left,2,0,287452,0,Consejero Regional,24
2021,Partido Conservador Cristiano E Independientes,Left,2,0,16451,0,Consejero Regional,32
2021,Partido De La Gente,Center,5.5,0,474827,0,Consejero Regional,32
2021,Frente Por La Unidad De La Clase Trabajadora,Far Left,0.5,0,23906,0,Consejero Regional,32
2017,Partido de Trabajadores Revolucionarios,Far Left,0.5,0,2911,0,Consejero Regional,28
2021,Unidad Constituyente,Center-Left,3.5,0,125267,0,Consejero Regional,32
2013,Nueva Mayoría para Chile,Center-Left,3.5,0,718749,0,Consejero Regional,24
2017,Unidos por la Descentralización,Center-Left,4,0,555893,0,Consejero Regional,28
2021,Democracia Ciudadana,Center-Left,4.5,0,413930,0,Consejero Regional,32
2021,Ecologistas E Independientes,Left,2,0,169256,0,Consejero Regional,32
2017,Frente Ecologista y Ciudadano,Left,2,0,130458,0,Consejero Regional,28
2013,Nueva Constitución para Chile,Left,2,0,34744,0,Consejero Regional,24
2021,Humanicemos Chile,Left,2,0,59494,0,Consejero Regional,32
2017,Frente Amplio,Left,2.25,0,118093,0,Consejero Regional,28
2013,Todos a La Moneda,Left,3,0,99480,0,Consejero Regional,24
2017,Frente Amplio,Left,2.25,0,68793,0,Consejero Regional,28
2013,Nueva Constitución para Chile,Left,3,0,39319,0,Consejero Regional,24
2017,Por un Chile Justo y Descentralizado,Left,3,0,2977,0,Consejero Regional,28
2017,Frente Amplio,Left,2.25,0,6045,0,Consejero Regional,28
2021,Frente Amplio,Left,2.25,0,1610,0,Consejero Regional,32
2013,"Si tú quieres, Chile cambia",Left,3,0,1398,0,Consejero Regional,24
2017,Unidos por la Descentralización,Center-Left,4,0,45389,0,Consejero Regional,28
2021,Democracia Ciudadana,Center-Left,4.5,0,103431,0,Consejero Regional,32
2017,Sumemos,Center,5.1,0,34449,0,Consejero Regional,28
2021,Independientes Unidos,Right,8,0,2676,0,Consejero Regional,32
2013,Nueva Mayoría por Chile,Center-Left,3.5,0,570917,0,Consejero Regional,24
2021,Unidad Constituyente,Center-Left,3.5,0,155190,0,Consejero Regional,32
2017,Por un Chile Justo y Descentralizado,Center-Left,4,0,367160,0,Consejero Regional,28
2017,Por Todo Chile,Center-Left,3.5,0,117213,0,Consejero Regional,28
2013,"Si tú quieres, Chile cambia",Center-Left,3.5,0,227659,0,Consejero Regional,24
2021,Cambio Radical Progresista,Left,3.25,0,26060,0,Consejero Regional,32
2021,Cambio Radical Progresista,Left,3,0,95582,0,Consejero Regional,32
2013,Nueva Mayoría por Chile,Center-Left,3.5,0,173419,0,Consejero Regional,24
2021,Chile Vamos - Pri E Independientes,Center-Right,7,0,95537,0,Consejero Regional,32
2017,Por un Chile Justo y Descentralizado,Center-Left,4,0,143609,0,Consejero Regional,28
2013,PRI Movimiento Regionalista,Center-Left,4,0,178995,0,Consejero Regional,24
2017,Chile Vamos - UDI - PRI - IND,Center-Right,7,0,92573,0,Consejero Regional,28
2021,Chile Vamos - Pri E Independientes,Center-Right,7,0,48615,0,Consejero Regional,32
2021,Republicanos E Independientes,Far Right,9,0,371898,0,Consejero Regional,32
2017,Chile Vamos - RN - EVOPOLI,Center-Right,7,0,279206,0,Consejero Regional,28
2013,Nueva Mayoría para Chile,Center-Left,3.5,0,615100,0,Consejero Regional,24
2017,Unidos por la Descentralización,Center-Left,3.5,0,502283,0,Consejero Regional,28
2021,Unidad Constituyente,Center-Left,3.5,0,313750,0,Consejero Regional,32
2017,Frente Ecologista y Ciudadano,Left,2.25,0,43601,0,Consejero Regional,28
2017,Chile Vamos - UDI - PRI - IND,Center-Right,7,0,215341,0,Consejero Regional,28
2021,Chile Vamos Evopoli - Independientes,Center-Right,7,0,96383,0,Consejero Regional,32
2021,Chile Vamos Renovacion Nacional - Independientes,Center-Right,7,0,149907,0,Consejero Regional,32
2021,Chile Vamos Udi - Independientes,Center-Right,7,0,189876,0,Consejero Regional,32
2017,Integración para el Desarrollo,Left,3,0,3866,0,Consejero Regional,28
2021,Republicanos E Independientes,Right,8.5,0,99273,0,Consejero Regional,32
2013,Alianza,Center-Right,6.5,0,811932,0,Consejero Regional,24
2013,Todos a La Moneda,Left,3,0,163241,0,Consejero Regional,24
2013,Por el Desarrollo del Norte,Left,3,0,18839,0,Consejero Regional,24
2013,PRI Movimiento Regionalista,Left,3,0,167048,0,Consejero Regional,24
2013,Nueva Mayoría por Chile,Center-Left,3.5,0,235124,0,Consejero Regional,24
2013,Nueva Constitución para Chile,Left,3,0,123266,0,Consejero Regional,24
2013,"Si tú quieres, Chile cambia",Left,3,0,133683,0,Consejero Regional,24
2013,Alianza,Center-Right,7,0,247108,0,Consejero Regional,24
2013,Nueva Mayoría para Chile,Center-Left,3.5,0,120156,0,Consejero Regional,24
2017,Chile Vamos - RN - EVOPOLI,Center-Right,6.5,0,894809,0,Consejero Regional,28
2021,Chile Vamos Renovacion Nacional - Independientes,Center-Right,6.5,0,554137,0,Consejero Regional,32
2017,Frente Amplio,Left,3,0,274850,0,Consejero Regional,28
2021,Frente Amplio,Left,3,0,179241,0,Consejero Regional,32
2013,Alianza,Right,8,0,825040,0,Consejero Regional,24
2017,Chile Vamos - UDI - PRI - IND,Right,8,0,796850,0,Consejero Regional,28
2021,Chile Vamos Udi - Independientes,Right,8,0,491497,0,Consejero Regional,32
2017,A Refundar Chile,Far Left,0.5,0,22936,0,Consejero Regional,28
2021,Union Patriotica,Far Left,0.5,0,41223,0,Consejero Regional,32
2021,"A Pulso, Por El Buen Vivir (D27)",Left,2,0,5043,0,Constituyente,32
2023,Unidad Para Chile,Left,3,0,3073,0,Constituyente,34
2021,Arica Siempre Arica (D1),Left,2,0,4571,0,Constituyente,32
2021,Asamblea Constituyente Atacama,Left,2,0,18424,0,Constituyente,32
2021,Asamblea Popular Constituyente (D20),Left,2,0,35763,0,Constituyente,32
2021,Asamblea Popular Por La Dignidad (D17),Left,2,0,33569,0,Constituyente,32
2021,Autonomia Social Y Sindical Tarapaca (D2),Left,2,0,3448,0,Constituyente,32
2021,Biobio Sin Partidos (D21),Left,2,0,24521,0,Constituyente,32
2021,Cabildo Autoconvocado (D2),Left,2,0,2084,0,Constituyente,32
2021,Chile Independiente (D24),Left,2,0,9954,0,Constituyente,32
2021,Lista Del Apruebo,Center-Left,3.5,0,2242,0,Constituyente,32
2023,Unidad Para Chile,Left,3,0,3783,0,Constituyente,34
2021,Apruebo Dignidad,Left,3,0,50929,0,Constituyente,32
2023,Unidad Para Chile,Left,3,0,220670,0,Constituyente,34
2021,Comunidad Independiente De Maule (D17),Left,2,0,11421,0,Constituyente,32
2021,Comunidad Independiente Ven Seremos (D8),Left,2,0,10767,0,Constituyente,32
2021,Apruebo Dignidad,Left,3,0,84551,0,Constituyente,32
2023,Unidad Para Chile,Left,3,0,530327,0,Constituyente,34
2021,Coordinadora Social De Magallanes (D28),Left,2,0,9510,0,Constituyente,32
2021,Corrientes Independientes (D16),Left,2,0,20884,0,Constituyente,32
2021,Decision Ciudadana (D6),Left,2,0,13188,0,Constituyente,32
2023,Unidad Para Chile,Left,3,0,31004,0,Constituyente,34
2023,Chile Seguro,Center-Right,6,0,220477,0,Constituyente,34
2023,Unidad Para Chile,Left,3,0,3361,0,Constituyente,34
2023,Unidad Para Chile,Far Left,1,0,23244,0,Constituyente,34
2023,Todo Por Chile,Center-Left,4,0,35367,0,Constituyente,34
2023,Unidad Para Chile,Left,3,0,10590,0,Constituyente,34
2023,Todo Por Chile,Center-Left,4,0,71205,0,Constituyente,34
2023,Todo Por Chile,Center-Left,4,0,65578,0,Constituyente,34
2023,Unidad Para Chile,Left,3,0,229508,0,Constituyente,34
2021,Elige La Lista Del Pueblo (D23),Left,2,0,25617,0,Constituyente,32
2021,Energia Independiente (D11),Left,2,0,5299,0,Constituyente,32
2023,Chile Seguro,Center-Right,6,0,251340,0,Constituyente,34
2023,Chile Seguro,Center-Right,6.5,0,264843,0,Constituyente,34
2021,Vamos Por Chile,Center-Right,6,0,112476,0,Constituyente,32
2023,Unidad Para Chile,Left,3,0,83538,0,Constituyente,34
2021,Apruebo Dignidad,Left,3,0,29703,0,Constituyente,32
2023,Unidad Para Chile,Left,3,0,96038,0,Constituyente,34
2021,"Fuerza Social De Ñuble, La Lista Del Pueblo (D19)",Left,2,0,32364,0,Constituyente,32
2021,Apruebo Dignidad,Left,3,0,10670,0,Constituyente,32
2023,Chile Seguro,Right,8,0,109414,0,Constituyente,34
2021,Independientes Como Tu (D10),Left,2,0,17830,0,Constituyente,32
2021,Independientes Con Chile (D11),Left,2,0,29005,0,Constituyente,32
2021,Independientes De Ñuble Por La Nueva Constitucion (D19),Left,2,0,20193,0,Constituyente,32
2021,Independientes De Tarapaca (D2),Left,2,0,11099,0,Constituyente,32
2021,Independientes Del Apruebo Region Coquimbo,Left,2,0,23564,0,Constituyente,32
2021,Independientes Del Biobio Por Una Nueva Constitucion (D20),Left,2,0,36291,0,Constituyente,32
2021,Independientes Del Norte Grande Por Una Nueva Constitucion (D3),Left,2,0,13161,0,Constituyente,32
2021,Independientes Distrito 6 + Lista Del Pueblo (D6),Left,2,0,54240,0,Constituyente,32
2021,Independientes Nueva Constitucion (D26),Left,2,0,18335,0,Constituyente,32
2021,Independientes Por La Nueva Constitucion,Left,2,0,212177,0,Constituyente,32
2021,Independientes Por La Region De Coquimbo (D5),Left,2,0,23800,0,Constituyente,32
2021,Independientes Por Una Nueva Constitucion,Left,2,0,158928,0,Constituyente,32
2021,Independientes Sin Padrinos (D13),Left,2,0,27950,0,Constituyente,32
2021,Independientes Y Movimientos Sociales Del Apruebo (D8),Left,2,0,41690,0,Constituyente,32
2021,Insulares E Independientes (D26),Left,2,0,26909,0,Constituyente,32
2021,La Lista Del Pueblo,Left,2,0,411551,0,Constituyente,32
2021,La Lista Del Pueblo 100% Independientes (D15),Left,2,0,35120,0,Constituyente,32
2021,La Lista Del Pueblo Distrito 12 (D12),Left,2,0,68242,0,Constituyente,32
2021,La Lista Del Pueblo Distrito 9 (D9),Left,2,0,74163,0,Constituyente,32
2021,La Lista Del Pueblo Maule Sur (D18),Left,2,0,35869,0,Constituyente,32
2021,Lista Del Pueblo - Movimiento Territorial Constituyente (D5),Left,2,0,58516,0,Constituyente,32
2021,Lista Del Pueblo Transformando Desde El Willi (D25),Left,2,0,6642,0,Constituyente,32
2021,Lista Del Pueblo-Rios Independientes (D24),Left,2,0,15344,0,Constituyente,32
2021,Lista Independiente Parto Social (D7),Left,2,0,8685,0,Constituyente,32
2021,Lista Por La Justicia Social (D13),Left,2,0,9732,0,Constituyente,32
2021,Lista Social Poder Constituyente A Toda Costa (D7),Left,2,0,12178,0,Constituyente,32
2021,Magallanicos No Neutrales (D28),Left,2,0,4268,0,Constituyente,32
2021,Apruebo Dignidad,Left,3,0,611651,0,Constituyente,32
2021,Movimiento Independientes Del Norte (D3),Left,2,0,31466,0,Constituyente,32
2021,Movimiento Social Constituyente / La Lista Del Pueblo (D11),Left,2,0,35518,0,Constituyente,32
2021,Movimiento Social La Lista Del Pueblo (D22),Left,2,0,8858,0,Constituyente,32
2021,Movimientos Sociales : Unidad De Independientes (D10),Left,2,0,39056,0,Constituyente,32
2021,Movimientos Sociales Autonomos (D15),Left,2,0,22911,0,Constituyente,32
2021,Movimientos Sociales Independientes (D6),Left,2,0,41896,0,Constituyente,32
2021,Movimientos Sociales Plurinacionales E Independientes (D9),Left,2,0,20254,0,Constituyente,32
2021,Nobles Hijxos De Tarapaca (D2),Left,2,0,5514,0,Constituyente,32
2021,Nuestras Voces (D25),Left,2,0,6027,0,Constituyente,32
2021,Organizaciones Sociales Y Territoriales Del Wallmapu,Left,2,0,26714,0,Constituyente,32
2021,Apruebo Dignidad,Far Left,1,0,207563,0,Constituyente,32
2023,Unidad Para Chile,Far Left,1,0,770407,0,Constituyente,34
2021,Ciudadanos Cristianos,Right,8,0,13249,0,Constituyente,32
2023,Partido De La Gente,Center,5.5,0,537424,0,Constituyente,34
2021,Partido De Trabajadores Revolucionarios,Far Left,0.5,0,52382,0,Constituyente,32
2021,Lista Del Apruebo,Center-Left,3.5,0,365145,0,Constituyente,32
2021,Lista Del Apruebo,Center-Left,3.5,0,172056,0,Constituyente,32
2023,Todo Por Chile,Center-Left,4,0,335498,0,Constituyente,34
2021,Partido Ecologista Verde,Left,2,0,194641,0,Constituyente,32
2021,Partido Humanista,Left,3,0,29114,0,Constituyente,32
2023,Unidad Para Chile,Left,3,0,104020,0,Constituyente,34
2021,Lista Del Apruebo,Center-Left,3.5,0,11751,0,Constituyente,32
2021,Ciudadanos Cristianos,Right,8,0,10200,0,Constituyente,32
2021,Lista Del Apruebo,Center-Left,3.5,0,58179,0,Constituyente,32
2023,Todo Por Chile,Center-Left,4,0,281356,0,Constituyente,34
2021,Lista Del Apruebo,Center-Left,3.5,0,27260,0,Constituyente,32
2023,Todo Por Chile,Center-Left,4,0,88820,0,Constituyente,34
2021,Vamos Por Chile,Right,8,0,43982,0,Constituyente,32
2023,Partido Republicano De Chile,Far Right,9,0,3476333,0,Constituyente,34
2023,Unidad Para Chile,Left,3,0,355468,0,Constituyente,34
2021,Lista Del Apruebo,Center-Left,3.5,0,189055,0,Constituyente,32
2021,Patagonia Somos Todos (D27),Left,2,0,3299,0,Constituyente,32
2021,Pueblo Unido Tarapaca (D2),Left,2,0,5978,0,Constituyente,32
2021,Regionalismo Ciudadano Independiente (D28),Left,3,0,10173,0,Constituyente,32
2021,Ciudadanos Cristianos,Right,8,0,14054,0,Constituyente,32
2021,Vamos Por Chile,Right,8,0,563257,0,Constituyente,32
2021,Vamos Por Chile,Center-Right,6.5,0,243366,0,Constituyente,32
2023,Chile Seguro,Center-Right,6.5,0,460334,0,Constituyente,34
2021,Republica De Los Independientes De Magallanes (D28),Left,2,0,3241,0,Constituyente,32
2021,Apruebo Dignidad,Left,3,0,76587,0,Constituyente,32
2023,Unidad Para Chile,Left,3,0,341299,0,Constituyente,34
2021,Sexta Unida (D16),Left,2,0,16395,0,Constituyente,32
2021,Soberania Ciudadana (D7),Left,2,0,9892,0,Constituyente,32
2021,Sumate Ahora (D1),Left,2,0,5906,0,Constituyente,32
2021,Vamos Por Chile,Right,8,0,212085,0,Constituyente,32
2023,Chile Seguro,Right,8,0,760273,0,Constituyente,34
2021,Union Patriotica,Far Left,0.5,0,42040,0,Constituyente,32
2021,Voces Constituyentes (D12),Left,2,0,38584,0,Constituyente,32
1993,La Nueva Izquierda,Left,2,0,67733,0,Diputado,4
2005,Fuerza Regional Independiente,Center-Left,4,0,20191,0,Diputado,16
2017,Sumemos,Center-Right,6,0,60912,0,Diputado,28
1989,Alianza de Centro,Center-Right,6,0,57574,0,Diputado,0
2021,Independientes Unidos,Center-Right,6,0,90377,0,Diputado,32
2009,Coalición por el Cambio,Center-Right,7,0,18021,0,Diputado,20
2021,Nuevo Pacto Social,Center-Left,3.5,0,11058,0,Diputado,32
2017,Sumemos,Center,4.75,0,30198,0,Diputado,28
2021,Apruebo Dignidad,Left,3,0,103197,0,Diputado,32
1993,Alternativa Democrática de Izquierda,Far Left,1,0,336034,0,Diputado,4
1997,La Izquierda,Far Left,1,0,398588,0,Diputado,8
2001,Partido Comunista,Far Left,1,0,320688,0,Diputado,12
2005,Juntos Podemos Más,Far Left,1,0,339547,0,Diputado,16
2009,Concertación y Juntos Podemos,Left,2,0,133718,0,Diputado,20
2021,Apruebo Dignidad,Left,3,0,202415,0,Diputado,32
2005,Fuerza Regional Independiente,Left,2,0,26698,0,Diputado,16
2021,Apruebo Dignidad,Left,3,0,84949,0,Diputado,32
1989,Partido del Sur,Center-Right,6,0,47387,0,Diputado,0
1997,Unión por Chile,Right,8,0,20813,0,Diputado,8
1993,Unión por el Progreso de Chile,Right,8,0,13422,0,Diputado,4
1989,Alianza de Centro,Center-Right,6,0,28575,0,Diputado,0
2017,Coalicion Regionalista Verde,Left,3,0,20555,0,Diputado,28
2013,Nueva Mayoría,Center-Left,3.5,0,967003,0,Diputado,24
2001,Concertación,Center-Left,4.25,0,1162210,0,Diputado,12
2021,Chile Podemos +,Center-Right,7,0,64396,0,Diputado,32
2021,Apruebo Dignidad,Left,3,0,51834,0,Diputado,32
2005,Concertación Democrática,Center-Left,4.25,0,1370501,0,Diputado,16
2021,Apruebo Dignidad,Far Left,1,0,46822,0,Diputado,32
2021,Nuevo Pacto Social,Center-Left,3.5,0,24084,0,Diputado,32
2009,Concertación y Juntos Podemos,Center-Left,4.25,0,940265,0,Diputado,20
1989,Concertación de Partidos por la Democracia,Center,4.75,0,1766347,0,Diputado,0
2021,Nuevo Pacto Social,Center-Left,3.5,0,59116,0,Diputado,32
1993,Concertación de Partidos por la Democracia,Center,4.75,0,1827373,0,Diputado,4
2021,Nuevo Pacto Social,Center-Left,3.5,0,75001,0,Diputado,32
2021,Nuevo Pacto Social,Center-Left,3.5,0,52564,0,Diputado,32
1997,Concertación de Partidos por la Democracia,Center,4.75,0,1331755,0,Diputado,8
2009,Nueva Mayoría para Chile,Center-Left,3.5,0,3815,0,Diputado,20
2021,Nuevo Pacto Social,Center-Left,3.5,0,26279,0,Diputado,32
2021,Chile Podemos +,Center-Right,6,0,156678,0,Diputado,32
2021,Chile Podemos +,Center-Right,6.5,0,117552,0,Diputado,32
2017,Chile Vamos,Center-Right,6,0,255254,0,Diputado,28
2021,Apruebo Dignidad,Left,3,0,64967,0,Diputado,32
2021,Apruebo Dignidad,Left,3,0,55809,0,Diputado,32
2017,Coalicion Regionalista Verde,Left,3,0,94634,0,Diputado,28
2005,Juntos Podemos Más,Left,2,0,102842,0,Diputado,16
1989,Concertación de Partidos por la Democracia,Left,3,0,52225,0,Diputado,0
1997,Partido Humanista,Left,3,0,168597,0,Diputado,8
2001,Partido Humanista,Left,3,0,69692,0,Diputado,12
2009,Nueva Mayoría para Chile,Center-Left,3.5,0,95177,0,Diputado,20
2021,Dignidad Ahora,Left,2,0,46870,0,Diputado,32
2021,Chile Podemos +,Right,8,0,166183,0,Diputado,32
2021,Independientes Unidos,Right,8,0,86622,0,Diputado,32
2021,Nuevo Pacto Social,Center-Left,3.5,0,16487,0,Diputado,32
2021,Apruebo Dignidad,Left,3,0,104869,0,Diputado,32
2021,Dignidad Ahora,Left,2,0,80486,0,Diputado,32
2021,Frente Social Cristiano,Right,8.5,0,3617,0,Diputado,32
2021,Dignidad Ahora,Left,2,0,59305,0,Diputado,32
1997,La Izquierda,Far Left,1,0,26589,0,Diputado,8
2021,Independientes Unidos,Right,8,0,2395,0,Diputado,32
2021,Chile Podemos +,Center-Right,7,0,15521,0,Diputado,32
2021,Frente Social Cristiano,Right,8.5,0,174832,0,Diputado,32
2001,Partido Liberal,Center-Right,7,0,3475,0,Diputado,12
1989,Liberal-Socialista Chileno,Right,8,0,47237,0,Diputado,0
1989,Concertación de Partidos por la Democracia,Left,3,0,14942,0,Diputado,0
2017,Convergencia Democratica,Center-Left,4,0,9558,0,Diputado,28
2009,Chile Limpio. Vote Feliz,Left,3,0,26440,0,Diputado,20
2013,Nueva Mayoría,Center-Left,3.5,0,6387,0,Diputado,24
1993,Alternativa Democrática de Izquierda,Left,3,0,6644,0,Diputado,4
1993,La Nueva Izquierda,Left,2,0,2215,0,Diputado,4
2005,Juntos Podemos Más,Left,2,0,46229,0,Diputado,16
1993,La Nueva Izquierda,Left,2,0,26247,0,Diputado,4
1993,Alternativa Democrática de Izquierda,Left,3,0,87817,0,Diputado,4
2009,Chile Limpio. Vote Feliz,Left,3,0,65892,0,Diputado,20
2013,Nueva Constitución para Chile,Left,3,0,73047,0,Diputado,24
1989,Partido Nacional,Right,8,0,53819,0,Diputado,0
1993,Unión por el Progreso de Chile,Right,8,0,2688,0,Diputado,4
1997,La Izquierda,Far Left,1,0,8971,0,Diputado,8
2021,Nuevo Tiempo,Right,8,0,4403,0,Diputado,32
1989,Unidad para la Democracia,Left,3,0,297897,0,Diputado,0
2017,Por Todo Chile,Left,3,0,35441,0,Diputado,28
2013,"Si tú quieres, Chile cambia",Left,3,0,85437,0,Diputado,24
2017,La Fuerza De La Mayoria,Far Left,1,0,275055,0,Diputado,28
2021,Apruebo Dignidad,Far Left,1,0,418887,0,Diputado,32
2013,Nueva Mayoría,Left,2,0,255914,0,Diputado,24
2021,Frente Social Cristiano,Right,8,0,36927,0,Diputado,32
2021,Partido De La Gente,Center,5.5,0,533653,0,Diputado,32
2017,Partido De Trabajadores Revolucionarios,Far Left,0.5,0,4661,0,Diputado,28
2021,Partido De Trabajadores Revolucionarios,Far Left,0.5,0,50773,0,Diputado,32
2013,Nueva Mayoría,Center-Left,3.5,0,135120,0,Diputado,24
2009,Nueva Mayoría para Chile,Center-Left,3.5,0,203635,0,Diputado,20
2001,Concertación,Center-Left,4,0,135191,0,Diputado,12
2005,Concertación Democrática,Center-Left,4,0,131625,0,Diputado,16
2009,Concertación y Juntos Podemos,Center-Left,4,0,115828,0,Diputado,20
2021,Nuevo Pacto Social,Center-Left,3.5,0,240815,0,Diputado,32
2017,Convergencia Democratica,Center-Left,4,0,616643,0,Diputado,28
2017,Frente Amplio,Left,2,0,128601,0,Diputado,28
2013,Nueva Constitución para Chile,Left,2,0,32762,0,Diputado,24
2021,Partido Ecologista Verde,Left,2,0,305392,0,Diputado,32
2021,Dignidad Ahora,Left,2,0,136290,0,Diputado,32
2017,Frente Amplio,Left,2.25,0,253580,0,Diputado,28
2013,Partido Humanista,Left,3,0,208879,0,Diputado,24
2017,Frente Amplio,Left,2.25,0,129271,0,Diputado,28
2013,Nueva Constitución para Chile,Left,3,0,67094,0,Diputado,24
2017,Convergencia Democratica,Center-Left,4,0,14345,0,Diputado,28
2017,Frente Amplio,Left,2.25,0,46612,0,Diputado,28
2005,Fuerza Regional Independiente,Center-Left,4,0,30324,0,Diputado,16
2013,"Si tú quieres, Chile cambia",Left,3,0,16664,0,Diputado,24
2021,Nuevo Pacto Social,Center-Left,3.5,0,36936,0,Diputado,32
1989,Concertación de Partidos por la Democracia,Center-Left,4.5,0,619595,0,Diputado,0
1993,Concertación de Partidos por la Democracia,Center-Left,4.5,0,49764,0,Diputado,4
1997,Concertación de Partidos por la Democracia,Center-Left,4.5,0,46719,0,Diputado,8
1989,Alianza de Centro,Center-Right,6,0,91793,0,Diputado,0
2005,Alianza,Center-Right,7,0,148063,0,Diputado,16
2021,Independientes Unidos,Right,8,0,7881,0,Diputado,32
2017,La Fuerza De La Mayoria,Center-Left,3.5,0,366097,0,Diputado,28
2013,Nueva Mayoría,Center-Left,3.5,0,685804,0,Diputado,24
2021,Nuevo Pacto Social,Center-Left,3.5,0,168427,0,Diputado,32
2013,Alianza,Center-Right,7,0,146402,0,Diputado,24
2017,Por Todo Chile,Center-Left,3.5,0,198834,0,Diputado,28
2013,"Si tú quieres, Chile cambia",Center-Left,3.5,0,235722,0,Diputado,24
2021,Partido Progresista De Chile,Left,3.25,0,45119,0,Diputado,32
2021,Nuevo Pacto Social,Center-Left,3.5,0,58343,0,Diputado,32
2017,La Fuerza De La Mayoria,Center-Left,3.5,0,216558,0,Diputado,28
2013,Nueva Mayoría,Center-Left,3.5,0,225955,0,Diputado,24
2001,Alianza por Chile,Center-Right,7,0,327121,0,Diputado,12
1997,Chile 2000,Center-Right,7,0,55100,0,Diputado,8
2013,Partido Regionalista de los Independientes,Center-Left,4,0,72306,0,Diputado,24
2017,Chile Vamos,Center-Right,7,0,39710,0,Diputado,28
2021,Chile Podemos +,Center-Right,7,0,7677,0,Diputado,32
2021,Frente Social Cristiano,Far Right,9,0,492219,0,Diputado,32
2013,Nueva Mayoría,Center-Left,3.5,0,691713,0,Diputado,24
2017,La Fuerza De La Mayoria,Center-Left,3.5,0,585393,0,Diputado,28
2021,Nuevo Pacto Social,Center-Left,3.5,0,317514,0,Diputado,32
2017,Frente Amplio,Left,2.25,0,87350,0,Diputado,28
2001,Concertación,Center-Left,4,0,782333,0,Diputado,12
2005,Concertación Democrática,Center-Left,4,0,1017956,0,Diputado,16
2009,Concertación y Juntos Podemos,Center-Left,4,0,839744,0,Diputado,20
1989,Concertación de Partidos por la Democracia,Center-Left,4.5,0,778501,0,Diputado,0
1993,Concertación de Partidos por la Democracia,Center-Left,4.5,0,798206,0,Diputado,4
1997,Concertación de Partidos por la Democracia,Center-Left,4.5,0,727293,0,Diputado,8
1989,Concertación de Partidos por la Democracia,Center-Left,4.5,0,268103,0,Diputado,0
1993,Concertación de Partidos por la Democracia,Center-Left,4.5,0,200837,0,Diputado,4
1989,Unidad para la Democracia,Center-Left,4,0,1330,0,Diputado,0
2001,Concertación,Center-Left,4,0,248821,0,Diputado,12
2005,Concertación Democrática,Center-Left,4,0,233564,0,Diputado,16
2009,Concertación y Juntos Podemos,Center-Left,4,0,251456,0,Diputado,20
1997,Concertación de Partidos por la Democracia,Center-Left,4.5,0,181538,0,Diputado,8
2009,Chile Limpio. Vote Feliz,Left,3,0,264466,0,Diputado,20
2001,Alianza por Chile,Center-Right,6.5,0,845865,0,Diputado,12
2009,Coalición por el Cambio,Center-Right,7,0,153261,0,Diputado,20
1989,Democracia y Progreso,Center-Right,7,0,413780,0,Diputado,0
1989,Unidad para la Democracia,Center-Right,7,0,61374,0,Diputado,0
1989,Liberal-Socialista Chileno,Right,8,0,148503,0,Diputado,0
1997,Unión por Chile,Right,8,0,270940,0,Diputado,8
1993,Unión por el Progreso de Chile,Right,8,0,324084,0,Diputado,4
2005,Alianza,Center-Right,6.5,0,932422,0,Diputado,16
2009,Coalición por el Cambio,Center-Right,6.5,0,1178392,0,Diputado,20
2013,Alianza,Center-Right,6.5,0,928037,0,Diputado,24
2017,Chile Vamos,Center-Right,6.5,0,1067962,0,Diputado,28
2021,Chile Podemos +,Center-Right,6.5,0,576164,0,Diputado,32
1989,Democracia y Progreso,Center-Right,7,0,1242432,0,Diputado,0
1993,Unión por el Progreso de Chile,Center-Right,7,0,1098852,0,Diputado,4
1997,Unión por Chile,Center-Right,7,0,971903,0,Diputado,8
2021,Apruebo Dignidad,Left,3,0,193171,0,Diputado,32
2017,Frente Amplio,Left,3,0,342965,0,Diputado,28
1993,Concertación de Partidos por la Democracia,Center-Left,4.5,0,53377,0,Diputado,4
1989,Liberal-Socialista Chileno,Right,8,0,10398,0,Diputado,0
2001,Concertación,Center-Left,3.75,0,614434,0,Diputado,12
2005,Concertación Democrática,Center-Left,3.75,0,663561,0,Diputado,16
2009,Concertación y Juntos Podemos,Center-Left,3.75,0,653367,0,Diputado,20
1993,Concertación de Partidos por la Democracia,Center-Left,4,0,803719,0,Diputado,4
1997,Concertación de Partidos por la Democracia,Center-Left,4,0,640397,0,Diputado,8
2017,Sumemos,Center,5.1,0,2874,0,Diputado,28
1993,Unión por el Progreso de Chile,Right,8,0,216639,0,Diputado,4
1997,Chile 2000,Center-Right,7,0,68822,0,Diputado,8
2005,Alianza,Right,8,0,1475901,0,Diputado,16
2009,Coalición por el Cambio,Right,8,0,1525000,0,Diputado,20
2013,Alianza,Right,8,0,1179342,0,Diputado,24
2017,Chile Vamos,Right,8,0,958414,0,Diputado,28
2021,Chile Podemos +,Right,8,0,505881,0,Diputado,32
1989,Democracia y Progreso,Far Right,9,0,667369,0,Diputado,0
1993,Unión por el Progreso de Chile,Far Right,9,0,816104,0,Diputado,4
1997,Unión por Chile,Far Right,9,0,837736,0,Diputado,8
2001,Alianza por Chile,Far Right,9,0,1547209,0,Diputado,12
2017,Union Patriotica,Far Left,0.5,0,51068,0,Diputado,28
2021,Union Patriotica,Far Left,0.5,0,56421,0,Diputado,32
1992,Concertación,Center-Left,3.5,0,52481,0,Municipal,3
1992,Partido Comunista,Far Left,1,0,419478,0,Municipal,3
1996,La Izquierda,Far Left,1,0,321607,0,Municipal,7
2000,La Izquierda,Far Left,1,0,211018,0,Municipal,11
1996,El Sur Independiente,Center-Right,6,0,15929,0,Municipal,7
1992,Concertación,Center,4.75,0,1854060,0,Municipal,3
1996,Concertación,Center,4.75,0,1642830,0,Municipal,7
2000,Concertación de Partidos por la Democracia,Center,4.75,0,1408445,0,Municipal,11
2000,Humanistas y Ecologistas,Left,3,0,50532,0,Municipal,11
1996,Opción Humanista,Left,3,0,78184,0,Municipal,7
1996,La Izquierda,Far Left,1,0,50519,0,Municipal,7
2000,La Izquierda,Far Left,1,0,62611,0,Municipal,11
2000,Concertación de Partidos por la Democracia,Center-Left,4.5,0,1206,0,Municipal,11
1992,Partido Liberal,Center-Right,7,0,15505,0,Municipal,3
1996,Independientes progresistas por Centro Centro,Left,2,0,163993,0,Municipal,7
2000,Humanistas y Ecologistas,Left,3,0,9992,0,Municipal,11
1992,Participación y Progreso,Right,8,0,4145,0,Municipal,3
1992,Concertación,Center-Left,4.5,0,31057,0,Municipal,3
1996,Concertación,Center-Left,4.5,0,73084,0,Municipal,7
2000,Concertación de Partidos por la Democracia,Center-Left,4.5,0,155173,0,Municipal,11
2000,Alianza por Chile,Center-Right,7,0,559739,0,Municipal,11
2000,Centro Centro,Center-Right,7,0,68154,0,Municipal,11
1992,Concertación,Center-Left,4.5,0,590547,0,Municipal,3
1996,Concertación,Center-Left,4.5,0,737019,0,Municipal,7
2000,Concertación de Partidos por la Democracia,Center-Left,4.5,0,743384,0,Municipal,11
1992,Concertación,Center-Left,4.5,0,314421,0,Municipal,3
1996,Concertación,Center-Left,4.5,0,412238,0,Municipal,7
2000,Concertación de Partidos por la Democracia,Center-Left,4.5,0,352858,0,Municipal,11
2000,Alianza por Chile,Center-Right,6.5,0,1013016,0,Municipal,11
1996,El Sur Independiente,Center-Right,7,0,3824,0,Municipal,7
1996,Opción Humanista,Center-Right,7,0,22264,0,Municipal,7
1992,Participación y Progreso,Center-Right,7,0,383066,0,Municipal,3
1996,Unión por Chile,Right,8,0,976608,0,Municipal,7
1992,Participación y Progreso,Center-Right,7,0,860808,0,Municipal,3
1996,Unión por Chile,Center-Right,7,0,863816,0,Municipal,7
1992,Concertación,Center-Left,4.5,0,26788,0,Municipal,3
1992,Concertación,Center-Left,4,0,547079,0,Municipal,3
1996,Concertación,Center-Left,4,0,675635,0,Municipal,7
2000,Concertación de Partidos por la Democracia,Center-Left,4,0,734575,0,Municipal,11
1992,Unión de Centro Centro,Center-Right,6,0,519017,0,Municipal,3
2000,Centro Centro,Center-Right,7,0,10594,0,Municipal,11
1996,Independientes progresistas por Centro Centro,Center-Right,7,0,11553,0,Municipal,7
1992,Participación y Progreso,Far Right,9,0,652668,0,Municipal,3
1996,Unión por Chile,Far Right,9,0,212160,0,Municipal,7
2000,Alianza por Chile,Far Right,9,0,1040349,0,Municipal,11
2017,Sumemos,Center-Right,6,0,62608,0,Senador,28
2021,Independientes Unidos,Center-Right,6,0,130406,0,Senador,32
2017,Sumemos,Center,4.75,0,45534,0,Senador,28
2021,Apruebo Dignidad,Left,3,0,114453,0,Senador,32
2021,Apruebo Dignidad,Left,3,0,15929,0,Senador,32
2021,Apruebo Dignidad,Left,3,0,43579,0,Senador,32
2017,Coalicion Regionalista Verde,Left,3,0,518,0,Senador,28
2021,Chile Podemos +,Center-Right,7,0,149847,0,Senador,32
2021,Apruebo Dignidad,Left,3,0,15828,0,Senador,32
2021,Apruebo Dignidad,Far Left,1,0,15766,0,Senador,32
2021,Nuevo Pacto Social,Center-Left,3.5,0,26107,0,Senador,32
2021,Nuevo Pacto Social,Center-Left,3.5,0,24266,0,Senador,32
2021,Chile Podemos +,Center-Right,6,0,218166,0,Senador,32
2021,Nuevo Pacto Social,Center-Left,3.5,0,3846,0,Senador,32
2017,Chile Vamos,Center-Right,6,0,67790,0,Senador,28
2021,Chile Podemos +,Center-Right,6.5,0,21673,0,Senador,32
2021,Apruebo Dignidad,Left,3,0,172485,0,Senador,32
2017,Coalicion Regionalista Verde,Left,3,0,2397,0,Senador,28
2021,Dignidad Ahora,Left,2,0,41330,0,Senador,32
2021,Independientes Unidos,Right,8,0,27456,0,Senador,32
2021,Apruebo Dignidad,Left,3,0,57772,0,Senador,32
2021,Dignidad Ahora,Left,2,0,41014,0,Senador,32
2021,Frente Social Cristiano,Right,8.5,0,12669,0,Senador,32
2021,Dignidad Ahora,Left,2,0,981,0,Senador,32
2021,Independientes Unidos,Right,8,0,7145,0,Senador,32
2021,Chile Podemos +,Right,8,0,9298,0,Senador,32
2021,Chile Podemos +,Center-Right,7,0,14382,0,Senador,32
2021,Frente Social Cristiano,Right,8.5,0,23930,0,Senador,32
2017,Por Todo Chile,Left,3,0,6946,0,Senador,28
2017,La Fuerza De La Mayoria,Far Left,1,0,20225,0,Senador,28
2021,Apruebo Dignidad,Far Left,1,0,320309,0,Senador,32
2021,Frente Social Cristiano,Right,8,0,52584,0,Senador,32
2021,Partido De La Gente,Center,5.5,0,377615,0,Senador,32
2021,Partido De Trabajadores Revolucionarios,Far Left,0.5,0,4748,0,Senador,32
2021,Nuevo Pacto Social,Center-Left,3.5,0,214175,0,Senador,32
2017,Convergencia Democratica,Center-Left,4,0,238179,0,Senador,28
2021,Partido Ecologista Verde,Left,2,0,198684,0,Senador,32
2021,Dignidad Ahora,Left,2,0,14880,0,Senador,32
2017,Frente Amplio,Left,2.25,0,62178,0,Senador,28
2017,Frente Amplio,Left,2.25,0,26655,0,Senador,28
2017,Frente Amplio,Left,2.25,0,28753,0,Senador,28
2017,Convergencia Democratica,Center-Left,4,0,650,0,Senador,28
2021,Nuevo Pacto Social,Center-Left,3.5,0,1885,0,Senador,32
2017,La Fuerza De La Mayoria,Center-Left,3.5,0,200309,0,Senador,28
2021,Nuevo Pacto Social,Center-Left,3.5,0,87759,0,Senador,32
2017,Por Todo Chile,Center-Left,3.5,0,15944,0,Senador,28
2021,Nuevo Pacto Social,Center-Left,3.5,0,58163,0,Senador,32
2017,La Fuerza De La Mayoria,Center-Left,3.5,0,34449,0,Senador,28
2021,Chile Podemos +,Center-Right,7,0,10959,0,Senador,32
2021,Frente Social Cristiano,Far Right,9,0,312602,0,Senador,32
2017,La Fuerza De La Mayoria,Center-Left,3.5,0,125199,0,Senador,28
2021,Nuevo Pacto Social,Center-Left,3.5,0,310615,0,Senador,32
2017,Frente Amplio,Left,2.25,0,28474,0,Senador,28
2017,Chile Vamos,Center-Right,6.5,0,349566,0,Senador,28
2021,Chile Podemos +,Center-Right,6.5,0,528408,0,Senador,32
2021,Apruebo Dignidad,Left,3,0,156249,0,Senador,32
2017,Frente Amplio,Left,3,0,38205,0,Senador,28
2017,Sumemos,Center,5.1,0,4753,0,Senador,28
2017,Chile Vamos,Right,8,0,210814,0,Senador,28
2021,Chile Podemos +,Right,8,0,345608,0,Senador,32
2017,Union Patriotica,Far Left,0.5,0,7273,0,Senador,28
2021,Union Patriotica,Far Left,0.5,0,40931,0,Senador,32