izquierda_derecha,sexo,edad,partido,p_votos,magnitud_distrital
1.27053231,1,58,,5.38,1
0.82552284,1,48,,20.7,1
0.458973944,1,53,PC-IND,29.51,1
0.551328957,0,45,,30.44,1
0.553351939,1,41,,32.59,1
0.823901296,1,51,,38.15,1
1.473332345,1,39,,40.03,1
0.94717294,0,67,PPD-IND,43.41,1
1.071306467,1,53,,100,1
0.32599777,1,41,,2.89,2
0.552883446,1,29,,3.44,2
1.146097481,0,37,,12.05,2
1.367775798,1,33,,15.55,2
9.198814631,1,39,RN-IND,2.53,3
8.634422123,1,65,UDI-IND,4.24,3
0.800152421,1,60,IND,4.78,3
2.577454746,0,54,PL-IND,5.68,3
2.310711145,0,58,PS ,5.8,3
8.630887866,1,46,UDI-IND,6.06,3
1.033499241,1,52,PC,6.34,3
1.991430819,1,30,RD-IND,6.89,3
8.664318323,0,54,UDI,7.71,3
7.454690635,0,49,RN,7.79,3
0.897842944,1,36,IND,7.82,3
0.737789869,0,59,PC,8.61,3
8.523701429,0,25,UDI,9.96,3
6.696592122,1,51,EVO,10.41,3
2.787138224,0,49,IND,11.38,3
3.206231147,0,30,PS ,13.12,3
4.451059401,0,44,DC ,14.34,3
8.973799646,0,78,RN,19.35,3
0.732423961,0,55,FRVS,2.54,4
2.32186377,1,58,PS-IND,2.63,4
8.79345119,0,49,UDI,3.5,4
2.942487001,0,32,IND,3.53,4
3.624391109,0,36,PS ,3.75,4
8.884491324,1,29,UDI,3.84,4
1.998969615,1,56,RD-IND,4.24,4
0.788107514,1,58,IND,4.48,4
4.179803431,0,67,PPD-IND,4.5,4
1.134470999,1,39,PS-IND,4.8,4
0.850481391,0,48,PC,4.87,4
2.759772092,0,32,IND,4.87,4
2.835245579,0,24,IND,4.92,4
6.737856418,1,33,RN,5.07,4
8.52538377,0,38,UDI,5.44,4
3.380924463,0,37,PS ,5.49,4
0.998647511,0,54,,5.64,4
0.51383853,1,36,,6.02,4
0.586386621,1,33,IND,6.59,4
0.942789316,1,41,PC-IND,6.6,4
0.701463819,0,65,IND,6.66,4
0.566469133,1,64,,7.17,4
1.09455198,0,33,FRVS,7.59,4
0.851503611,1,34,IND,8.17,4
8.54080379,0,33,UDI-IND,8.29,4
0.678673387,0,37,IND,8.41,4
0.884606838,1,30,IND,8.61,4
0.499162376,1,35,IND,9.61,4
3.314504921,0,33,PS ,9.81,4
2.682295293,0,56,PS ,10.53,4
0.950583816,1,30,IND,10.57,4
2.19070226,1,54,PS ,10.58,4
7.117381245,1,34,RN,10.67,4
0.539188981,1,36,PC,12.32,4
1.564417481,1,65,PS ,12.65,4
0.839156806,1,41,IND,12.71,4
8.781300783,1,52,UDI-IND,1.24,5
1.916381419,1,31,CS-IND,3.32,5
8.511995077,1,67,UDI,3.9,5
2.792982459,0,32,PS ,3.99,5
9.121295214,1,42,UDI,4.09,5
2.874815762,1,40,IND,4.46,5
0.852014124,0,44,IND,4.9,5
2.430788279,1,36,IND,5.19,5
5.006195367,0,48,PPD ,7.05,5
2.852663249,0,34,PR-IND,7.28,5
0.600727797,0,31,IND,8.85,5
0.96526444,1,41,IND,9.42,5
2.230684459,0,41,CS,9.75,5
0.658036172,0,37,IND,10.28,5
9.207320809,0,42,UDI,14.12,5
2.062882185,0,25,IND,0.73,6
2.926556766,1,64,IND,2.7,6
7.002749741,1,60,RN-IND,3.02,6
3.270387203,0,32,PS ,3.03,6
3.418398947,0,51,PL-IND,3.09,6
2.972452641,1,47,IND,3.42,6
4.24134329,0,70,PPD ,3.52,6
6.92683205,0,43,RN,3.55,6
8.721874058,0,38,UDI,3.65,6
7.128034979,0,33,RN-IND,3.72,6
7.287029028,0,56,RN-IND,4.35,6
3.372000754,1,34,IND,4.46,6
9.362635612,1,35,UDI,4.89,6
1.044109762,0,38,IND,4.91,6
0.83545953,1,38,PI-IND,5.31,6
2.573598921,0,75,PS-IND,5.55,6
2.435211241,1,32,CS,5.6,6
0.498128831,1,45,IND,5.64,6
0.984316766,1,35,IND,5.65,6
0.466415286,1,43,IND,5.68,6
1.989840269,1,40,CS-IND,5.93,6
0.943470597,1,29,IND,6.18,6
2.472334206,1,50,RD-IND,7.59,6
7.191794068,0,46,EVO,7.64,6
1.835294962,1,35,PC,7.85,6
7.438497692,0,68,RN,9.52,6
0.523402989,1,30,IND,9.98,6
4.535026737,0,41,IFP,10.97,6
1.937081516,0,62,IND,12.65,6
9.148131013,1,54,UDI-IND,21.85,6
0.700878203,1,47,FRVS,0.52,7
2.506888807,1,38,RD,0.79,7
2.077053189,1,34,RD,0.91,7
2.196678817,1,38,RD,0.98,7
1.798882484,1,36,PRO-IND,2.12,7
0.951714814,1,21,PC,2.42,7
0.481364429,0,37,IND,2.48,7
6.334571689,0,50,RN,3.04,7
0.863430798,0,30,IND,3.14,7
0.575277209,1,46,IND,3.23,7
3.321561217,1,34,IND,3.39,7
3.747019917,0,47,PS-IND,3.58,7
1.325674355,1,51,IND,3.77,7
2.699415535,0,48,DC-IND,4.02,7
1.081632972,1,63,IND,4.13,7
6.992045641,0,58,RN,4.16,7
6.669166088,0,52,RN,4.36,7
0.452185571,0,31,IND,4.5,7
0.431706309,1,49,IND,4.53,7
8.535962105,0,39,UDI-IND,4.98,7
2.492009997,0,51,PS-IND,5.15,7
4.406984635,0,76,PL-IND,5.35,7
0.888932943,1,39,IND,5.49,7
9.56001997,1,42,EVO-IND,5.56,7
0.531544685,1,29,IND,5.72,7
2.110838294,1,50,RD,6.05,7
5.557974316,0,75,EVO-IND,6.29,7
8.512664139,0,81,UDI-IND,6.49,7
3.213540167,1,69,IND,7.47,7
7.293853611,1,48,EVO-IND,7.94,7
9.48064357,1,48,RN-IND,9.53,7
1.550090611,0,74,FRVS-IND,10.3,7
3.354763985,0,52,RD-IND,12.36,7
2.48451978,0,44,CS-IND,13.12,7
2.293583155,0,55,RD-IND,24.65,7
4.337169081,0,52,IND,1.15,8
0.508431792,0,32,IND,2.06,8
2.451620102,0,41,PS-IND,2.5,8
0.92325002,1,31,IND,2.65,8
7.252320498,0,34,RN-IND,3.29,8
0.571491122,1,28,IND,3.46,8
1.82164371,1,40,CS-IND,3.61,8
0.736432672,1,36,COM-IND,5.82,8