date,eleccion,delta,encuesta,encuestados,metodo,tipo,prob,precision_kast,Kast,precision_boric,Boric,precision sichel,Sichel,precision parisi,Parisi,precision_provoste,Provoste,precision_enriquez,Enriquez,precision_artes,Artes,precision_promedio,nsnr,pregunta
2021-11-05,2021-11-17,12,Activa Research,2352,online,closed,0,6.30,21.70,8.30,17.70,4.80,8.20,5.70,7.30,1.10,10.90,4.10,3.90,0.90,1.90,4.46,19.70,Si las elecciones presidenciales fueran este domingo ¿Por quién votarías?
2021-11-05,2021-11-17,12,Activa Research,1349,online,closed,1,0.70,27.30,2.30,23.70,1.70,11.30,3.10,9.90,1.50,13.50,3.50,4.50,0.90,1.90,1.96,7.50,Si las elecciones presidenciales fueran este domingo ¿Por quién votarías?
2021-11-04,2021-11-17,13,Cadem,1010,online,closed,0,3.00,25.00,7.00,19.00,5.00,8.00,3.00,10.00,3.00,9.00,3.00,5.00,1.00,2.00,3.57,22.00,"Si las elecciones presidenciales fueran el próximo domingo, ¿Por cuál de los siguientes candidatos votaría usted? Alternativas dadas. %"
2021-11-04,2021-11-17,13,Cadem,100,online,closed,1,4.00,32.00,2.00,24.00,3.00,10.00,0.00,13.00,0.00,12.00,2.00,6.00,2.00,3.00,1.86,0.00,"Si las elecciones presidenciales fueran el próximo domingo, ¿Por cuál de los siguientes candidatos votaría usted? Alternativas dadas. %"
2021-11-03,2021-11-17,14,Panel Ciudadano,7613,online,closed,0,3.00,25.00,4.00,22.00,4.00,9.00,3.00,10.00,2.00,10.00,3.00,5.00,1.00,2.00,2.86,17.00,"Si las elecciones presidenciales de primera vuelta fueran el proximo domingo, usted votaría por…"
2021-11-02,2021-11-17,15,Atlas Intel,2266,online,closed,0,3.00,31.00,4.60,21.40,3.80,9.20,2.90,10.10,0.20,12.20,3.80,4.20,1.50,2.50,2.83,6.60,Si las elecciones presidenciales fueran hoy ¿por quién votaría usted? [Primera vuelta] [Intención de voto]
2021-11-02,2021-11-17,15,Atlas Intel,2266,online,closed,1,6.20,34.20,2.30,23.70,2.90,10.10,1.80,11.20,1.50,13.50,3.30,4.70,1.70,2.70,2.81,,Si las elecciones presidenciales fueran hoy ¿por quién votaría usted? [Primera vuelta][Votosválidos]
2021-11-02,2021-11-17,15,Criteria Research,1523,online,closed,1,5.00,23.00,2.00,24.00,5.00,8.00,5.00,8.00,3.00,9.00,2.00,6.00,1.00,2.00,3.29,19.00,"Si las elecciones presidenciales fueran el próximo domingo, ¿por cuál de los/as siguientes candidatos/as votarías?"
2021-11-02,2021-11-17,15,Feedback,2430,online,closed,0,8.00,36.00,4.00,30.00,2.00,11.00,9.00,4.00,3.00,9.00,6.00,2.00,0.00,1.00,4.57,2.00,Por cual de los siguientes candidatos presidenciales votará usted? Votante probable
2021-11-02,2021-11-17,15,Feedback,5064,online,closed,1,11.00,39.00,6.00,32.00,1.00,12.00,8.00,5.00,2.00,10.00,6.00,2.00,1.00,2.00,5.00,,Por cual de los siguientes candidatos presidenciales votará usted?
2021-10-31,2021-11-17,17,Data Influye,1743,online,closed,0,1.00,27.00,6.00,32.00,4.00,9.00,5.00,8.00,1.00,13.00,4.00,4.00,1.00,2.00,3.14,5.00,"Pensando en la elección presidencial, si esta elección fuese el próximo domingo, ¿por quién votaría Ud., para presidente/a de Chile?"
2021-10-31,2021-11-17,17,Data Influye,100,online,closed,1,0.00,28.00,8.00,34.00,3.00,10.00,5.00,8.00,2.00,14.00,4.00,4.00,1.00,2.00,3.29,,"Pensando en la elección presidencial, si esta elección fuese el próximo domingo, ¿por quién votaría Ud., para presidente/a de Chile? No se incluyen personas que declaran que no votarán en primera vuelta."
2021-10-31,2021-11-17,17,Studio Público,1493,online,closed,0,9.90,37.90,1.60,27.60,2.50,10.50,7.10,5.90,0.60,11.40,3.30,4.70,0.90,1.90,3.70,,"Si las elecciones presidenciales fueran este domingo, ¿Por cuál de los siguientes candidatos usted votaría?"
2021-10-29,2021-11-17,19,Activa Research,2027,online,closed,0,5.80,22.20,8.60,17.40,6.10,6.90,5.70,7.30,2.50,9.50,3.20,4.80,0.60,1.60,4.64,22.40,Si las elecciones presidenciales fueran este domingo ¿Por quién votarías?
2021-10-29,2021-11-17,19,Activa Research,1110,online,closed,1,1.50,26.50,1.00,25.00,3.90,9.10,2.40,10.60,0.10,12.10,2.90,5.10,1.60,2.60,1.91,8.80,Si las elecciones presidenciales fueran este domingo ¿Por quién votarías?
2021-10-29,2021-11-17,19,Cadem,1005,online,closed,0,4.00,24.00,7.00,19.00,5.00,8.00,6.00,7.00,1.00,11.00,4.00,4.00,0.00,1.00,3.86,26.00,"Si las elecciones presidenciales fueran el próximo domingo, ¿Por cuál de los siguientes candidatos votaría usted? Alternativas dadas. %"
2021-10-29,2021-11-17,19,Cadem,100,online,closed,1,4.00,32.00,0.00,26.00,2.00,11.00,3.00,10.00,3.00,15.00,3.00,5.00,0.00,1.00,2.14,,"Si las elecciones presidenciales fueran el próximo domingo, ¿Por cuál de los siguientes candidatos votaría usted? Alternativas dadas. %"
2021-10-26,2021-11-17,22,La Cosa Nostra,600,online,closed,0,2.00,30.00,10.00,36.00,2.00,11.00,8.00,5.00,2.00,14.00,4.00,4.00,1.00,2.00,4.14,,
2021-10-22,2021-11-17,26,Cadem,1007,online,closed,0,5.00,23.00,6.00,20.00,6.00,7.00,7.00,6.00,0.00,12.00,3.00,5.00,0.00,1.00,3.86,26.00,"Si las elecciones presidenciales fueran el próximo domingo, ¿Por cuál de los siguientes candidatos votaría usted? Alternativas dadas. %"
2021-10-22,2021-11-17,26,Cadem,100,online,closed,1,3.00,31.00,1.00,27.00,3.00,10.00,5.00,8.00,4.00,16.00,1.00,7.00,0.00,1.00,2.43,0.00,"Si las elecciones presidenciales fueran el próximo domingo, ¿Por cuál de los siguientes candidatos votaría usted? Alternativas dadas. %"
2021-10-22,2021-11-17,26,Criteria Research,1118,online,closed,1,0.30,27.70,4.80,30.80,4.90,8.10,5.30,7.70,1.10,10.90,4.50,3.50,1.00,2.00,3.13,,
2021-10-15,2021-11-17,33,Activa Research,1632,online,closed,0,11.70,16.30,4.70,21.30,5.50,7.50,8.00,5.00,1.10,13.10,4.60,3.40,0.60,1.60,5.17,21.60,Si las elecciones presidenciales fueran este domingo ¿Por quién votarías?
2021-10-15,2021-11-17,33,Activa Research,901,online,closed,1,7.80,20.20,5.30,31.30,4.10,8.90,6.10,6.90,4.50,16.50,4.30,3.70,1.40,2.40,4.79,9.80,Si las elecciones presidenciales fueran este domingo ¿Por quién votarías?
2021-10-14,2021-11-17,34,Cadem,706,online,closed,0,7.00,21.00,6.00,20.00,6.00,7.00,7.00,6.00,0.00,12.00,4.00,4.00,2.00,3.00,4.57,27.00,"Si las elecciones presidenciales fueran el próximo domingo, ¿Por cuál de los siguientes candidatos votaría usted? Alternativas dadas. %"
2021-10-14,2021-11-17,34,Cadem,100,online,closed,1,1.00,29.00,1.00,27.00,3.00,10.00,5.00,8.00,4.00,16.00,2.00,6.00,3.00,4.00,2.71,0.00,"Si las elecciones presidenciales fueran el próximo domingo, ¿Por cuál de los siguientes candidatos votaría usted? Alternativas dadas. %"
2021-10-08,2021-11-17,40,Cadem,704,online,closed,0,10.00,18.00,5.00,21.00,3.00,10.00,7.00,6.00,1.00,13.00,4.00,4.00,0.00,1.00,4.29,27.00,"Si las elecciones presidenciales fueran el próximo domingo, ¿Por cuál de los siguientes candidatos votaría usted? Alternativas dadas. %"
2021-10-08,2021-11-17,40,Cadem,100,online,closed,1,3.00,25.00,3.00,29.00,1.00,14.00,5.00,8.00,6.00,18.00,3.00,5.00,0.00,1.00,3.00,0.00,"Si las elecciones presidenciales fueran el próximo domingo, ¿Por cuál de los siguientes candidatos votaría usted? Alternativas dadas. %"
2021-10-07,2021-11-17,41,Panel Ciudadano,5011,online,closed,0,9.00,19.00,2.00,24.00,1.00,14.00,7.00,6.00,2.00,10.00,4.00,4.00,1.00,2.00,3.71,,¿Por quién votaría si las elecciones fueran este domingo?
2021-10-05,2021-11-17,43,Criteria Research,1485,online,open,0,11.00,17.00,0.00,26.00,2.00,15.00,8.00,5.00,1.00,11.00,5.00,3.00,0.00,1.00,3.86,14.00,"Pensando en el futuro, ¿quién te gustaría que fuera el próximo presidente o presidenta de Chile después de Sebastián Piñera? (ÚNICA MENCIÓN EN PREGUNTA ABIERTA)"
2021-10-04,2021-11-17,44,Data Influye,1446,online,closed,1,11.90,16.10,0.30,25.70,0.90,12.10,8.10,4.90,0.50,11.50,4.30,3.70,2.10,3.10,4.01,19.00,"Pensando en la elección presidencial, si esta elección fuese el próximo domingo, ¿por quién votaría Ud., para presidente/a de Chile? (lista cerrada)"
2021-10-01,2021-11-17,47,Activa Research,1601,online,closed,0,14.00,14.00,6.20,19.80,0.50,12.50,7.30,5.70,3.40,8.60,5.30,2.70,0.40,1.40,5.30,24.00,Si las elecciones presidenciales fueran este domingo ¿Por quién votarías?
2021-10-01,2021-11-17,47,Activa Research,878,online,closed,1,10.70,17.30,3.70,29.70,2.30,15.30,5.40,7.60,0.80,11.20,4.90,3.10,0.80,1.80,4.09,13.80,Si las elecciones presidenciales fueran este domingo ¿Por quién votarías?
2021-10-01,2021-11-17,47,Cadem,705,online,closed,0,13.00,15.00,4.00,22.00,1.00,12.00,8.00,5.00,0.00,12.00,3.00,5.00,0.00,1.00,4.14,28.00,"Si las elecciones presidenciales fueran el próximo domingo, ¿Por cuál de los siguientes candidatos votaría usted? Alternativas dadas. %"
2021-10-01,2021-11-17,47,Cadem,100,online,closed,1,7.00,21.00,4.00,30.00,4.00,17.00,6.00,7.00,5.00,17.00,1.00,7.00,0.00,1.00,3.86,0.00,"Si las elecciones presidenciales fueran el próximo domingo, ¿Por cuál de los siguientes candidatos votaría usted? Alternativas dadas. %"
2021-09-24,2021-11-17,54,Cadem,703,online,closed,0,15.00,13.00,3.00,23.00,4.00,17.00,8.00,5.00,2.00,10.00,4.00,4.00,1.00,2.00,5.29,26.00,"Si las elecciones presidenciales fueran el próximo domingo, ¿Por cuál de los siguientes candidatos votaría usted? Alternativas dadas. %"
2021-09-24,2021-11-17,54,Cadem,100,online,closed,1,10.00,18.00,5.00,31.00,10.00,23.00,6.00,7.00,2.00,14.00,3.00,5.00,1.00,2.00,5.29,0.00,"Si las elecciones presidenciales fueran el próximo domingo, ¿Por cuál de los siguientes candidatos votaría usted? Alternativas dadas. %"
2021-09-24,2021-11-17,54,Panel Ciudadano,944,online,closed,0,16.00,12.00,0.00,26.00,3.00,16.00,9.00,4.00,3.00,9.00,4.00,4.00,2.00,3.00,5.29,26.00,¿Por quién votaría si las elecciones fueran este domingo?
2021-09-16,2021-11-17,62,Cadem,709,online,closed,0,18.00,10.00,1.00,25.00,4.00,17.00,7.00,6.00,3.00,9.00,3.00,5.00,0.00,1.00,5.14,27.00,"Si las elecciones presidenciales fueran el próximo domingo, ¿Por cuál de los siguientes candidatos votaría usted? Alternativas dadas. %"
2021-09-16,2021-11-17,62,Cadem,100,online,closed,1,14.00,14.00,8.00,34.00,11.00,24.00,5.00,8.00,0.00,12.00,2.00,6.00,1.00,2.00,5.86,0.00,"Evolutivo Preferencias – Entre quienes señalan preferencia (base 100) Si las elecciones presidenciales fueran el próximo domingo, ¿Por cuál de los siguientes candidatos votaría usted? Alternativas dadas. %"
2021-09-14,2021-11-17,64,La Cosa Nostra,600,online,closed,1,16.00,12.00,10.00,36.00,14.00,27.00,8.00,5.00,3.00,15.00,5.50,2.50,1.50,2.50,8.29,0.00,"Actualmente hay siete candidaturas inscritas oficialmente en el SERVEL, ¿por quién votará usted en las elecciones de noviembre?"
2021-09-10,2021-11-17,68,Cadem,705,online,closed,0,19.00,9.00,4.00,22.00,6.00,19.00,5.00,8.00,2.00,10.00,5.00,3.00,1.00,,6.00,29.00,"Si las elecciones presidenciales fueran el próximo domingo, ¿Por cuál de los siguientes candidatos votaría usted? Alternativas dadas. %"
2021-09-06,2021-11-17,72,Data Influye,1619,online,closed,0,17.10,10.90,0.50,26.50,4.80,17.80,7.50,5.50,0.70,11.30,5.40,2.60,0.50,1.50,5.21,13.90,"Pensando en la elección presidencial, si esta elección fuese el próximo domingo, ¿por quién votaría Ud., para presidente/a de Chile? (lista cerrada)"
2021-09-03,2021-11-17,75,Cadem,702,online,closed,0,16.00,12.00,3.00,23.00,6.00,19.00,6.00,7.00,0.00,12.00,6.00,2.00,1.00,,5.43,25.00,"Si las elecciones presidenciales fueran el próximo domingo, ¿Por cuál de los siguientes candidatos votaría usted? Alternativas dadas. %"
2021-09-01,2021-11-17,77,CEP,1443,cara a cara,open,0,25.00,3.00,13.00,13.00,2.00,11.00,11.00,2.00,6.00,6.00,8.00,,1.00,,9.43,50.00,¿Quién le gustaría a Ud. que fuera la o el próximo presidente de Chile? Pregunta abierta
2021-08-31,2021-11-17,78,Criteria Research,1551,online,open,0,20.00,8.00,1.00,25.00,6.00,19.00,7.00,6.00,0.00,12.00,7.00,1.00,0.00,1.00,5.86,14.00,"Pensando en el futuro, ¿quién te gustaría que fuera el próximo presidente o presidenta de Chile después de Sebastián Piñera? (ÚNICA MENCIÓN EN PREGUNTA ABIERTA)"
2021-08-27,2021-11-17,82,Activa Research,1559,online,closed,0,16.70,11.30,9.60,16.40,1.50,11.50,6.90,6.10,0.70,11.30,4.40,3.60,0.30,0.70,5.73,24.60,Si las elecciones presidenciales fueran este domingo ¿Por quién votarías?
2021-08-27,2021-11-17,82,Activa Research,967,online,closed,1,15.70,12.30,2.60,23.40,1.00,14.00,4.20,8.80,0.30,12.30,4.40,3.60,0.20,1.20,4.06,20.40,Si las elecciones presidenciales fueran este domingo ¿Por quién votarías?
2021-08-27,2021-11-17,82,Cadem,704,online,closed,0,18.00,10.00,6.00,20.00,7.00,20.00,6.00,7.00,1.00,13.00,5.00,3.00,0.00,1.00,6.14,26.00,"Si las elecciones presidenciales fueran el próximo domingo, ¿Por cuál de los siguientes candidatos votaría usted? Alternativas dadas. %"
2021-08-13,2021-11-17,96,Activa Research,1410,online,closed,0,17.80,10.20,11.30,14.70,7.40,20.40,8.40,4.60,4.90,7.10,5.90,2.10,0.60,0.40,8.04,22.20,Si las elecciones presidenciales fueran este domingo ¿Por quién votarías?
2021-08-13,2021-11-17,96,Activa Research,890,online,closed,1,16.70,11.30,9.90,16.10,12.60,25.60,5.90,7.10,3.00,9.00,6.50,1.50,0.40,0.60,7.86,20.40,Si las elecciones presidenciales fueran este domingo ¿Por quién votarías?
2021-08-13,2021-11-17,96,Cadem,703,online,closed,0,19.00,9.00,2.00,24.00,9.00,22.00,13.00,,3.00,9.00,8.00,,1.00,,7.86,29.00,"Si las elecciones presidenciales fueran el próximo domingo, ¿Por cuál de los siguientes candidatos votaría usted? Alternativas dadas. %"
2021-08-06,2021-11-17,103,Cadem,702,online,closed,0,18.00,10.00,5.00,21.00,11.00,24.00,13.00,,2.00,10.00,8.00,,1.00,,8.29,28.00,"Si las elecciones presidenciales fueran el próximo domingo, ¿Por cuál de los siguientes candidatos votaría usted? Alternativas dadas. %"
2021-08-03,2021-11-17,106,Criteria Research,1026,online,open,0,21.00,7.00,1.00,25.00,12.00,25.00,10.00,3.00,1.00,11.00,8.00,,1.00,,7.71,13.00,"Pensando en el futuro, ¿quién te gustaría que fuera el próximo presidente o presidenta de Chile después de Sebastián Piñera? (ÚNICA MENCIÓN EN PREGUNTA ABIERTA)"
2021-08-02,2021-11-17,107,Data Influye,1411,online,closed,0,19.10,8.90,3.50,29.50,6.90,19.90,13.00,,1.70,13.70,8.00,,1.00,,7.60,8.80,"Pensando en la elección presidencial, si esta elección fuese el próximo domingo, ¿por quién votaría Ud., para presidente/a de Chile el 2021? (lista cerrada con alternativas dadas)"
2021-07-30,2021-11-17,110,Activa Research,1317,online,closed,0,21.20,6.80,3.10,22.90,5.00,18.00,7.90,5.10,0.10,12.10,7.00,1.00,0.50,0.50,6.40,26.70,Si las elecciones presidenciales fueran este domingo ¿Por quién votarías? (cerrada)
2021-07-30,2021-11-17,110,Activa Research,857,online,closed,1,21.20,6.80,2.30,28.30,6.60,19.60,6.10,6.90,3.80,15.80,7.10,0.90,0.70,0.30,6.83,14.30,Si las elecciones presidenciales fueran este domingo ¿Por quién votarías? (cerrada)
2021-07-30,2021-11-17,110,Cadem,703,online,open,0,21.00,7.00,2.00,24.00,11.00,24.00,13.00,,1.00,13.00,8.00,,1.00,,8.14,24.00,"Si las elecciones presidenciales fueran el próximo domingo, ¿Por cuál de los siguientes candidatos votaría usted? Alternativas dadas."
2021-07-30,2021-11-17,110,Feedback,4066,online,open,0,18.00,10.00,3.00,23.00,9.00,22.00,13.00,,7.00,5.00,7.00,1.00,1.00,,8.29,15.00,"Si las elecciones presidenciales fueran el próximo domingo, ¿Por quién votaría usted? (menciones espontáneas sobre ±1%)"
2021-07-30,2021-11-17,110,Feedback,4066,online,open,1,19.00,9.00,3.00,29.00,8.00,21.00,12.00,1.00,6.00,6.00,8.00,,1.00,,8.14,,"Si las elecciones presidenciales fueran el próximo domingo, ¿Por quién votaría usted? (menciones espontáneas sobre ±1%)"
2021-07-26,2021-11-17,114,Black & White,1844,online,closed,0,15.00,13.00,0.00,26.00,22.00,35.00,13.00,,0.00,12.00,8.00,,1.00,,8.43,9.00,"Si las elecciones presidenciales fueran el próximo domingo, por quien votaría si las candidaturas fueran:"
2021-07-23,2021-11-17,117,Cadem,700,online,closed,0,20.00,8.00,4.00,30.00,12.00,25.00,13.00,,0.00,12.00,8.00,,1.00,,8.29,16.00,"Si las elecciones presidenciales fueran el próximo domingo, ¿Por cuál de los siguientes candidatos votaría usted?"
2021-07-15,2021-11-17,125,Cadem,3200,online,open,0,22.00,6.00,14.00,12.00,2.00,15.00,8.00,5.00,3.00,9.00,8.00,,1.00,,8.29,12.00,"Si las elecciones presidenciales fueran el próximo domingo, ¿Por cuál de los siguientes candidatos votaría usted? Alternativas dadas."
2021-06-29,2021-11-17,141,Criteria Research,1598,online,open,0,22.00,6.00,20.00,6.00,3.00,10.00,9.00,4.00,3.00,9.00,8.00,,1.00,,9.43,13.00,"Pensando en el futuro, ¿quién te gustaría que fuera el próximo presidente o presidenta de Chile después de Sebastián Piñera? (ÚNICA MENCIÓN EN PREGUNTA ABIERTA)"
2021-06-28,2021-11-17,142,Data Influye,1396,online,open,0,23.50,4.50,15.70,10.30,2.70,10.30,11.30,1.70,1.20,10.80,8.00,,1.00,,9.06,9.60,"Pensando en la elección presidencial, si ésta fuese el próximo domingo, ¿por quién votaría Ud., para presidente/a de Chile el 2021, excluyendo a Sebastián Piñera?"
2021-06-24,2021-11-17,146,Cadem,2388,phone,open,0,22.00,6.00,20.00,6.00,4.00,9.00,9.00,4.00,3.00,9.00,8.00,,1.00,,9.57,21.00,"Si las elecciones presidenciales fueran el próximo domingo, ¿Por cuál de los siguientes candidatos votaría usted? Alternativas dadas."
2021-06-17,2021-11-17,153,Cadem,703,phone,open,0,23.00,5.00,20.00,6.00,8.00,5.00,8.00,5.00,1.00,13.00,8.00,,1.00,,9.86,21.00,"Si las elecciones presidenciales fueran el próximo domingo, ¿Por cuál de los siguientes candidatos votaría usted? Alternativas dadas."
2021-06-14,2021-11-17,156,LabEstudios,1506,phone,open,0,24.00,4.00,25.00,1.00,11.00,2.00,12.00,1.00,10.00,2.00,7.00,1.00,1.00,,12.86,39.00,"Si las elecciones para elegir al Presidente de la República fueran el próximo domingo, ¿por quién votaría usted…?"
2021-06-11,2021-11-17,159,Activa Research,1226,online,open,0,25.30,2.70,24.60,1.40,8.70,4.30,9.00,4.00,5.80,6.20,6.20,1.80,1.00,,11.51,18.60,"Pensando en la elección presidencial, si esta elección fuese el próximo domingo, ¿por quién votaría Ud., para presidente/a de Chile, excluyendo a Sebastián Piñera? Mención espontánea. Nombres igual o mayor a 1%."
2021-06-11,2021-11-17,159,Activa Research,771,online,open,1,24.40,3.60,23.70,2.30,7.30,5.70,7.40,5.60,3.80,8.20,5.70,2.30,1.00,,10.47,12.70,"Pensando en la elección presidencial, si esta elección fuese el próximo domingo, ¿por quién votaría Ud., para presidente/a de Chile, excluyendo a Sebastián Piñera? Mención espontánea. Nombres igual o mayor a 1%."
2021-06-11,2021-11-17,159,Cadem,703,phone,open,0,21.00,7.00,23.00,3.00,7.00,6.00,7.00,6.00,2.00,14.00,8.00,,1.00,,9.86,19.00,"Si las elecciones presidenciales fueran el próximo domingo, ¿Por cuál de los siguientes candidatos votaría usted? Alternativas dadas."
2021-06-03,2021-11-17,167,Cadem,702,phone,open,0,21.00,7.00,21.00,5.00,5.00,8.00,7.00,6.00,1.00,13.00,8.00,,1.00,,9.14,16.00,"Si las elecciones presidenciales fueran el próximo domingo, ¿Por cuál de los siguientes candidatos votaría usted? Alternativas dadas."
2021-06-01,2021-11-17,169,Criteria Research,1532,online,open,0,22.00,6.00,22.00,4.00,5.00,8.00,11.00,2.00,3.00,9.00,8.00,,1.00,,10.29,18.00,"Pensando en el futuro, ¿quién te gustaría que fuera el próximo presidente o presidenta de Chile después de Sebastián Piñera? (ÚNICA MENCIÓN EN PREGUNTA ABIERTA"
2021-05-31,2021-11-17,170,Data Influye,1365,online,open,0,23.10,4.90,20.40,5.60,3.40,9.60,10.60,2.40,3.40,8.60,8.00,,1.00,,9.99,12.10,"Pensando en la elección presidencial, si esta elección fuese el próximo domingo, ¿por quién votaría Ud., para presidente/a de Chile, excluyendo a Sebastián Piñera? Mención espontánea. Nombres igual o mayor a 1%."
2021-05-28,2021-11-17,173,Activa Research,1522,online,open,0,24.20,3.80,24.50,1.50,8.50,4.50,9.20,3.80,5.40,6.60,8.00,,1.00,,11.54,22.70,"Pensando en el futuro ¿Quién preferirías que sea el próximo presidente de Chile, excluyendo a Sebastián Piñera?"
2021-05-28,2021-11-17,173,Activa Research,967,online,open,1,22.80,5.20,24.20,1.80,7.00,6.00,8.00,5.00,4.70,7.30,8.00,,1.00,,10.81,15.50,"Pensando en el futuro ¿Quién preferirías que sea el próximo presidente de Chile, excluyendo a Sebastián Piñera?"
2021-05-28,2021-11-17,173,Feedback,5457,online,open,0,21.00,7.00,21.00,5.00,3.00,10.00,13.00,,6.00,6.00,8.00,,1.00,,10.43,40.00,"Si las elecciones presidenciales fueran el próximo domingo, ¿Por quién votaría usted? (menciones espontáneas sobre ±2%)"
2021-05-18,2021-11-17,183,Activa Research,1047,online,open,0,24.70,3.30,24.30,1.70,9.60,3.40,13.00,,9.90,2.10,8.00,,1.00,,12.93,24.50,"Pensando en el futuro ¿Quién preferirías que sea el próximo presidente de Chile, excluyendo a Sebastián Piñera?"
2021-05-18,2021-11-17,183,Activa Research,680,online,open,1,23.00,5.00,23.80,2.20,9.70,3.30,13.00,,8.40,3.60,8.00,,1.00,,12.41,17.30,"Pensando en el futuro ¿Quién preferirías que sea el próximo presidente de Chile, excluyendo a Sebastián Piñera?"
2021-05-03,2021-11-17,198,Criteria Research,1592,online,open,0,22.00,6.00,24.00,2.00,8.00,5.00,13.00,,9.00,3.00,8.00,,1.00,,12.14,18.00,"Pensando en el futuro, ¿quién te gustaría que fuera el próximo presidente o presidenta de Chile después de Sebastián Piñera?"
2021-04-30,2021-11-17,201,Activa Research,1184,online,open,0,23.20,4.80,23.00,3.00,8.80,4.20,13.00,,12.00,,5.90,2.10,1.00,,12.41,23.20,"Pensando en el futuro ¿Quién preferirías que sea el próximo presidente de Chile, excluyendo a Sebastián Piñera?"
2021-04-30,2021-11-17,201,Activa Research,667,online,open,1,22.00,6.00,23.00,3.00,9.50,3.50,13.00,,12.00,,5.70,2.30,1.00,,12.31,16.40,"Pensando en el futuro ¿Quién preferirías que sea el próximo presidente de Chile, excluyendo a Sebastián Piñera?"
2021-04-26,2021-11-17,205,Data Influye,2014,online,open,0,23.50,4.50,22.20,3.80,9.00,4.00,11.10,1.90,12.00,,6.60,1.40,1.00,,12.20,13.80,"Pensando en la elección presidencial del próximo año, ¿quién le gustaría que fuese la o él presidente de Chile el 2021, excluyendo a Sebastián Piñera?"
2021-04-16,2021-11-17,215,Activa Research,1054,online,open,0,24.60,3.40,24.80,1.20,10.50,2.50,11.10,1.90,12.00,,6.30,1.70,1.00,,12.90,23.20,"Pensando en el futuro ¿Quién preferirías que sea el próximo presidente de Chile, excluyendo a Sebastián Piñera?"
2021-04-16,2021-11-17,215,Activa Research,623,online,open,1,23.90,4.10,24.10,1.90,10.20,2.80,10.10,2.90,12.00,,5.20,2.80,1.00,,12.36,13.90,"Pensando en el futuro ¿Quién preferirías que sea el próximo presidente de Chile, excluyendo a Sebastián Piñera?"
2021-03-30,2021-11-17,232,Criteria Research,1641,online,open,0,22.00,6.00,23.00,3.00,7.00,6.00,13.00,,12.00,,8.00,,1.00,,12.29,17.00,"Pensando en el futuro, ¿quién te gustaría que fuera el próximo presidente o presidenta de Chile después de Sebastián Piñera?"
2021-03-29,2021-11-17,233,Activa Research,1255,online,open,0,24.30,3.70,24.10,1.90,8.00,5.00,11.30,1.70,12.00,,6.40,1.60,1.00,,12.44,23.30,"Pensando en el futuro ¿Quién preferirías que sea el próximo presidente de Chile, excluyendo a Sebastián Piñera?"
2021-03-29,2021-11-17,233,Activa Research,693,online,open,1,24.10,3.90,23.90,2.10,7.40,5.60,11.70,1.30,12.00,,5.50,2.50,1.00,,12.23,15.00,"Pensando en el futuro ¿Quién preferirías que sea el próximo presidente de Chile, excluyendo a Sebastián Piñera?"
2021-03-12,2021-11-17,250,Activa Research,1235,online,open,0,24.70,3.30,25.00,1.00,7.90,5.10,8.70,4.30,12.00,,6.00,2.00,1.00,,12.19,22.50,"Pensando en el futuro ¿Quién preferirías que sea el próximo presidente de Chile, excluyendo a Sebastián Piñera?"
2021-03-12,2021-11-17,250,Activa Research,747,online,open,1,24.80,3.20,25.00,1.00,6.90,6.10,8.70,4.30,12.00,,6.30,1.70,1.00,,12.10,16.50,"Pensando en el futuro ¿Quién preferirías que sea el próximo presidente de Chile, excluyendo a Sebastián Piñera?"
2021-03-05,2021-11-17,257,Cadem,705,phone,open,0,25.00,3.00,25.00,1.00,10.00,3.00,12.00,1.00,12.00,,8.00,,1.00,,13.29,66.00,"Con excepción del Presidente Piñera, ¿Quién le gustaría a Ud. que fuera la o el próximo presidente/a de Chile? %"
2021-02-28,2021-11-17,262,Data Influye,1637,online,open,0,23.60,4.40,25.00,1.00,7.60,5.40,10.90,2.10,12.00,,7.50,0.50,1.00,,12.51,21.70,"Pensando en el futuro, ¿quién te gustaría que fuera el próximo presidente o presidenta de Chile después de Sebastián Piñera?"
2021-02-12,2021-11-17,278,Activa Research,1003,online,open,0,24.40,3.60,25.50,0.50,8.60,4.40,10.80,2.20,12.00,,8.00,,1.00,,12.90,25.30,"Pensando en el futuro ¿Quién preferirías que sea el próximo presidente de Chile, excluyendo a Sebastián Piñera?"
2021-02-12,2021-11-17,278,Activa Research,581,online,open,1,22.70,5.30,25.50,0.50,6.60,6.40,10.10,2.90,12.00,,6.10,1.90,1.00,,12.00,20.10,"Pensando en el futuro ¿Quién preferirías que sea el próximo presidente de Chile, excluyendo a Sebastián Piñera?"
2021-02-12,2021-11-17,278,Cadem,705,phone,open,0,25.00,3.00,25.50,0.50,12.00,1.00,12.00,1.00,12.00,,8.00,,1.00,,13.64,65.00,"Con excepción del Presidente Piñera, ¿Quién le gustaría a Ud. que fuera la o el próximo presidente/a de Chile? %"
2021-02-05,2021-11-17,285,Cadem,704,phone,open,0,26.00,2.00,25.50,0.50,9.00,4.00,11.00,2.00,12.00,,8.00,,1.00,,13.21,57.00,"Con excepción del Presidente Piñera, ¿Quién le gustaría a Ud. que fuera la o el próximo presidente/a de Chile? %"
2021-02-01,2021-11-17,289,Criteria Research,1000,online,open,0,23.00,5.00,26.00,,5.00,8.00,11.00,2.00,12.00,,8.00,,1.00,,12.29,20.00,"Pensando en el futuro, ¿quién te gustaría que fuera el próximo presidente o presidenta de Chile después de Sebastián Piñera?"
2021-02-01,2021-11-17,289,Data Influye,1613,online,open,0,24.10,3.90,25.50,0.50,5.60,7.40,11.60,1.40,12.00,,6.80,1.20,1.00,,12.37,13.90,"Pensando en la elección presidencial de este año, ¿quién le gustaría que fuese la o él presidente de Chile el 2021, excluyendo a Sebastián Piñera? Mención espontánea. Nombres igual o mayor al 0,5%"
2021-01-29,2021-11-17,292,Activa Research,1041,online,open,0,22.70,5.30,26.00,,9.00,4.00,11.00,2.00,12.00,,8.00,,1.00,,12.81,25.20,"Pensando en el futuro ¿Quién preferirías que sea el próximo presidente de Chile, excluyendo a Sebastián Piñera?"
2021-01-29,2021-11-17,292,Activa Research,636,online,open,1,21.60,6.40,26.00,,8.50,4.50,10.90,2.10,12.00,,8.00,,1.00,,12.57,16.60,"Pensando en el futuro ¿Quién preferirías que sea el próximo presidente de Chile, excluyendo a Sebastián Piñera?"
2021-01-29,2021-11-17,292,Cadem,702,phone,open,0,25.00,3.00,26.00,,9.00,4.00,12.00,1.00,12.00,,8.00,,1.00,,13.29,59.00,"Con excepción del Presidente Piñera, ¿Quién le gustaría a Ud. que fuera la o el próximo presidente/a de Chile? %"
2021-01-22,2021-11-17,299,Cadem,710,phone,open,0,25.00,3.00,26.00,,9.00,4.00,12.00,1.00,12.00,,8.00,,1.00,,13.29,57.00,"Con excepción del Presidente Piñera, ¿Quién le gustaría a Ud. que fuera la o el próximo presidente/a de Chile? %"
2021-01-15,2021-11-17,306,Activa Research,1003,online,open,0,24.70,3.30,26.00,,6.40,6.60,10.10,2.90,12.00,,6.20,1.80,1.00,,12.34,22.10,"Pensando en el futuro ¿Quién preferirías que sea el próximo presidente de Chile, excluyendo a Sebastián Piñera?"
2021-01-15,2021-11-17,306,Activa Research,601,online,open,1,24.30,3.70,26.00,,2.00,11.00,8.30,4.70,12.00,,5.80,2.20,1.00,,11.34,11.00,"Pensando en el futuro ¿Quién preferirías que sea el próximo presidente de Chile, excluyendo a Sebastián Piñera?"
2021-01-15,2021-11-17,306,Cadem,704,phone,open,0,25.00,3.00,26.00,,9.00,4.00,13.00,,12.00,,8.00,,1.00,,13.43,60.00,"Con excepción del Presidente Piñera, ¿Quién le gustaría a Ud. que fuera la o el próximo presidente/a de Chile? %"
2021-01-05,2021-11-17,316,Criteria Research,1550,online,open,0,22.00,6.00,26.00,,6.00,7.00,11.00,2.00,12.00,,6.00,2.00,1.00,,12.00,15.00,"Pensando en el futuro, ¿quién te gustaría que fuera el próximo presidente o presidenta de Chile después de Sebastián Piñera?"
2021-01-04,2021-11-17,317,Data Influye,1568,online,open,0,23.00,5.00,26.00,,7.10,5.90,10.90,2.10,12.00,,7.30,0.70,1.00,,12.47,14.00,"Pensando en la elección presidencial de este año, ¿quién le gustaría que fuese la o él presidente de Chile el 2021, excluyendo a Sebastián Piñera? Mención espontánea. Nombres igual o mayor al 0,5%"
2020-12-31,2021-11-17,321,Cadem,704,phone,open,0,26.00,2.00,26.00,,8.00,5.00,12.00,1.00,12.00,,8.00,,1.00,,13.29,60.00,"Con excepción del Presidente Piñera, ¿Quién le gustaría a Ud. que fuera la o el próximo presidente/a de Chile? %"
2020-12-28,2021-11-17,324,Activa Research,1004,online,open,0,24.60,3.40,26.00,,6.80,6.20,10.60,2.40,12.00,,8.00,,1.00,,12.71,24.40,"Pensando en el futuro ¿Quién preferirías que sea el próximo presidente de Chile, excluyendo a Sebastián Piñera?"
2020-12-28,2021-11-17,324,Activa Research,606,online,open,1,23.60,4.40,26.00,,7.30,5.70,9.70,3.30,12.00,,8.00,,1.00,,12.51,19.30,"Pensando en el futuro ¿Quién preferirías que sea el próximo presidente de Chile, excluyendo a Sebastián Piñera?"
2020-12-10,2021-11-17,342,Cadem,703,phone,open,0,26.00,2.00,26.00,,12.00,1.00,11.00,2.00,12.00,,8.00,,1.00,,13.71,54.00,"Con excepción del Presidente Piñera, ¿Quién le gustaría a Ud. que fuera la o el próximo presidente/a de Chile? %"
2020-12-09,2021-11-17,343,Criteria Research,957,online,open,0,22.00,6.00,26.00,,10.00,3.00,9.00,4.00,12.00,,8.00,,1.00,,12.57,17.00,"Pensando en el futuro, ¿quién te gustaría que fuera el próximo presidente o presidenta de Chile después de Sebastián Piñera? (ÚNICA MENCIÓN EN PREGUNTA ABIERTA)"
2020-11-30,2021-11-17,352,Data Influye,1702,online,open,0,22.80,5.20,26.00,,11.20,1.80,10.20,2.80,12.00,,7.10,0.90,1.00,,12.90,15.50,"Pensando en la elección presidencial del próximo año, ¿quién le gustaría que fuese la o él presidente de Chile el 2021, excluyendo a Sebastián Piñera?"
2020-11-28,2021-11-17,354,Activa Research,1177,online,open,0,25.30,2.70,26.00,,13.00,,11.50,1.50,12.00,,8.00,,1.00,,13.83,26.40,"Pensando en el futuro ¿Quién preferirías que sea el próximo presidente de Chile, excluyendo a Sebastián Piñera?"
2020-11-28,2021-11-17,354,Activa Research,657,online,open,1,25.80,2.20,26.00,,13.00,,11.20,1.80,12.00,,8.00,,1.00,,13.86,23.70,"Pensando en el futuro ¿Quién preferirías que sea el próximo presidente de Chile, excluyendo a Sebastián Piñera?"
2020-11-14,2021-11-17,368,Activa Research,1035,online,open,0,24.70,3.30,26.00,,13.00,,7.70,5.30,12.00,,8.00,,1.00,,13.20,23.90,"Pensando en el futuro ¿Quién preferirías que sea el próximo presidente de Chile, excluyendo a Sebastián Piñera?"
2020-11-14,2021-11-17,368,Activa Research,657,online,open,1,23.70,4.30,26.00,,13.00,,6.40,6.60,12.00,,8.00,,1.00,,12.87,16.60,"Pensando en el futuro ¿Quién preferirías que sea el próximo presidente de Chile, excluyendo a Sebastián Piñera? "
2020-11-13,2021-11-17,369,Cadem,706,phone,open,0,26.00,2.00,26.00,,12.00,1.00,11.00,2.00,12.00,,8.00,,1.00,,13.71,43.00,"Con excepción del Presidente Piñera, ¿Quién le gustaría a Ud. que fuera la o el próximo presidente/a de Chile? %"
2020-11-06,2021-11-17,376,Cadem,705,phone,open,0,24.00,4.00,26.00,,12.00,1.00,11.00,2.00,12.00,,8.00,,1.00,,13.43,63.00,"Con excepción del Presidente Piñera, ¿Quién le gustaría a Ud. que fuera la o el próximo presidente/a de Chile? %"
2020-11-03,2021-11-17,379,Criteria Research,1376,online,open,0,21.00,7.00,26.00,,13.00,,10.00,3.00,12.00,,8.00,,1.00,,13.00,14.00,"Pensando en el futuro, ¿quién te gustaría que fuera el próximo presidente o presidenta de Chile después de Sebastián Piñera? (ÚNICA MENCIÓN EN PREGUNTA ABIERTA)"
2020-11-02,2021-11-17,380,Data Influye,2004,online,open,0,22.80,5.20,26.00,,10.40,2.60,10.10,2.90,12.00,,7.10,0.90,1.00,,12.77,11.10,"Pensando en la elección presidencial del próximo año, ¿quién le gustaría que fuese la o él presidente de Chile el 2021, excluyendo a Sebastián Piñera?"
2020-10-31,2021-11-17,382,Activa Research,1016,online,open,0,23.00,5.00,26.00,,13.00,,9.80,3.20,12.00,,5.30,2.70,1.00,,12.87,26.90,"Pensando en el futuro ¿Quién preferirías que sea el próximo presidente de Chile, excluyendo a Sebastián Piñera?"
2020-10-31,2021-11-17,382,Activa Research,673,online,open,1,22.50,5.50,26.00,,13.00,,10.30,2.70,12.00,,5.80,2.20,1.00,,12.94,13.90,"Pensando en el futuro ¿Quién preferirías que sea el próximo presidente de Chile, excluyendo a Sebastián Piñera?"
2020-10-30,2021-11-17,383,Cadem,707,phone,open,0,25.00,3.00,26.00,,13.00,,11.00,2.00,12.00,,8.00,,1.00,,13.71,60.00,"Con excepción del Presidente Piñera, ¿Quién le gustaría a Ud. que fuera la o el próximo presidente/a de Chile? %"
2020-10-17,2021-11-17,396,Activa Research,1458,online,open,0,24.10,3.90,26.00,,13.00,,8.10,4.90,12.00,,8.00,,1.00,,13.17,14.20,"Pensando en el futuro ¿Quién preferirías que sea el próximo presidente de Chile, excluyendo a Sebastián Piñera?"
2020-10-08,2021-11-17,405,Cadem,703,phone,open,0,25.00,3.00,26.00,,13.00,,12.00,1.00,12.00,,8.00,,1.00,,13.86,65.00,"Con excepción del Presidente Piñera, ¿Quién le gustaría a Ud. que fuera la o el próximo presidente/a de Chile? %"
2020-10-05,2021-11-17,408,Data Influye,2145,online,open,0,22.90,5.10,26.00,,11.10,1.90,10.10,2.90,12.00,,6.50,1.50,1.00,,12.80,13.30,"Pensando en la elección presidencial del próximo año, ¿quién le gustaría que fuese la o él presidente de Chile el 2021, excluyendo a Sebastián Piñera?"
2020-10-02,2021-11-17,411,Cadem,705,phone,open,0,25.00,3.00,26.00,,12.00,1.00,11.00,2.00,12.00,,8.00,,1.00,,13.57,58.00,"Con excepción del Presidente Piñera, ¿Quién le gustaría a Ud. que fuera la o el próximo presidente/a de Chile? %"
2020-09-30,2021-11-17,413,Criteria Research,1503,online,open,0,22.00,6.00,26.00,,13.00,,10.00,3.00,12.00,,8.00,,1.00,,13.14,15.00,"Pensando en el futuro, ¿quién te gustaría que fuera el próximo presidente o presidenta de Chile después de Sebastián Piñera?"
2020-09-28,2021-11-17,415,Activa Research,1417,online,open,0,24.80,3.20,26.00,,13.00,,9.30,3.70,12.00,,5.80,2.20,1.00,,13.13,20.00,"Pensando en el futuro ¿Quién preferirías que sea el próximo presidente de Chile, excluyendo a Sebastián Piñera?"
2020-09-25,2021-11-17,418,Cadem,702,phone,open,0,26.00,2.00,26.00,,12.00,1.00,11.00,2.00,12.00,,8.00,,1.00,,13.71,60.00,"Con excepción del Presidente Piñera, ¿Quién le gustaría a Ud. que fuera la o el próximo presidente/a de Chile? %"
2020-09-17,2021-11-17,426,Cadem,704,phone,open,0,24.00,4.00,26.00,,12.00,1.00,11.00,2.00,12.00,,8.00,,1.00,,13.43,58.00,"Con excepción del Presidente Piñera, ¿Quién le gustaría a Ud. que fuera la o el próximo presidente/a de Chile? %"
2020-09-17,2021-11-17,426,Mori,1000,online,open,0,21.00,7.00,26.00,,13.00,,13.00,,12.00,,5.00,3.00,1.00,,13.00,29.00,¿SI LAS ELECCIONES PRESIDENCIALES FUERAN EL PRÓXIMO DOMINGO POR QUIÉN VOTARÍA?
2020-09-12,2021-11-17,431,Activa Research,1415,online,open,0,24.60,3.40,26.00,,13.00,,7.90,5.10,12.00,,8.00,,1.00,,13.21,21.20,"Pensando en el futuro ¿Quién preferirías que sea el próximo presidente de Chile, excluyendo a Sebastián Piñera?"
2020-09-10,2021-11-17,433,Cadem,705,phone,open,0,25.00,3.00,26.00,,12.00,1.00,11.00,2.00,12.00,,8.00,,1.00,,13.57,59.00,"Con excepción del Presidente Piñera, ¿Quién le gustaría a Ud. que fuera la o el próximo presidente/a de Chile? %"
2020-08-31,2021-11-17,443,Criteria Research,986,online,open,0,21.00,7.00,26.00,,11.00,2.00,9.00,4.00,12.00,,6.00,2.00,1.00,,12.29,16.30,"Pensando en el futuro, ¿quién te gustaría que fuera el próximo presidente o presidenta de Chile después de Sebastián Piñera?"
2020-08-29,2021-11-17,445,Activa Research,1544,online,open,0,24.20,3.80,26.00,,13.00,,9.80,3.20,12.00,,6.00,2.00,1.00,,13.14,22.60,"Pensando en el futuro ¿Quién preferirías que sea el próximo presidente de Chile, excluyendo a Sebastián Piñera?"
2020-08-24,2021-11-17,450,Data Influye,1940,online,open,0,22.70,5.30,26.00,,10.40,2.60,9.60,3.40,12.00,,6.10,1.90,1.00,,12.54,12.90,"Pensando en la elección presidencial del próximo año, ¿quién le gustaría que fuese la o él presidente de Chile el 2021, excluyendo a Sebastián Piñera?"
2020-08-15,2021-11-17,459,Activa Research,1434,online,open,0,22.80,5.20,26.00,,11.50,1.50,9.60,3.40,12.00,,8.00,,1.00,,12.99,27.20,"Pensando en el futuro ¿Quién preferirías que sea el próximo presidente de Chile, excluyendo a Sebastián Piñera?"
2020-08-13,2021-11-17,461,Cadem,703,phone,open,0,25.00,3.00,26.00,,12.00,1.00,12.00,1.00,12.00,,8.00,,1.00,,13.71,56.00,
2020-08-01,2021-11-17,473,Activa Research,1430,online,open,0,25.20,2.80,26.00,,11.80,1.20,7.30,5.70,12.00,,6.10,1.90,1.00,,12.77,27.20,"Pensando en el futuro ¿Quién preferirías que sea el próximo presidente de Chile, excluyendo a Sebastián Piñera?"
2020-07-31,2021-11-17,474,Criteria Research,800,online,open,0,22.00,6.00,26.00,,11.00,2.00,8.00,5.00,12.00,,6.00,2.00,1.00,,12.29,23.00,"Pensando en el futuro, ¿quién te gustaría que fuera el próximo presidente o presidenta de Chile después de Sebastián Piñera? (ÚNICA MENCIÓN EN PREGUNTA ABIERTA)"
2020-07-26,2021-11-17,479,Data Influye,2034,online,open,0,23.00,5.00,26.00,,11.00,2.00,8.00,5.00,12.00,,7.00,1.00,1.00,,12.57,20.00,"Pensando en el futuro ¿Quién preferirías que sea el próximo presidente de Chile, excluyendo a Sebastián Piñera?"
2020-07-11,2021-11-17,494,Activa Research,1340,online,open,0,25.30,2.70,26.00,,10.70,2.30,8.00,5.00,12.00,,5.90,2.10,1.00,,12.70,23.70,"Pensando en el futuro ¿Quién preferirías que sea el próximo presidente de Chile, excluyendo a Sebastián Piñera?"
2020-07-10,2021-11-17,495,Cadem,704,phone,open,0,26.00,2.00,26.00,,12.00,1.00,11.00,2.00,12.00,,8.00,,1.00,,13.71,61.00,
2020-06-30,2021-11-17,505,Criteria Research,800,online,open,0,20.00,8.00,26.00,,10.00,3.00,8.00,5.00,12.00,,6.00,2.00,1.00,,11.86,16.00,"Pensando en el futuro, ¿quién te gustaría que fuera el próximo presidente o presidenta de Chile después de Sebastián Piñera? (ÚNICA MENCIÓN EN PREGUNTA ABIERTA)"
2020-06-28,2021-11-17,507,Activa Research,1260,online,open,0,24.20,3.80,26.00,,11.00,2.00,7.40,5.60,12.00,,6.70,1.30,1.00,,12.61,24.70,"Pensando en el futuro ¿Quién preferirías que sea el próximo presidente de Chile, excluyendo a Sebastián Piñera?"
2020-06-21,2021-11-17,514,Data Influye,1961,online,open,0,24.00,4.00,26.00,,11.00,2.00,9.00,4.00,12.00,,8.00,,1.00,,13.00,20.00,"Pensando en la elección presidencial del próximo año, ¿quién le gustaría que fuese la o él presidente de Chile el 2021, excluyendo a Sebastián Piñera? Mención espontánea. "
2020-06-13,2021-11-17,522,Activa Research,1730,online,open,0,23.90,4.10,26.00,,10.80,2.20,9.20,3.80,12.00,,6.80,1.20,1.00,,12.81,30.20,"Pensando en el futuro ¿Quién preferirías que sea el próximo presidente de Chile, excluyendo a Sebastián Piñera?"
2020-06-12,2021-11-17,523,Cadem,705,phone,open,0,26.00,2.00,26.00,,13.00,,12.00,1.00,12.00,,8.00,,1.00,,14.00,67.00,
2020-05-31,2021-11-17,535,Criteria Research,800,online,open,0,21.00,7.00,26.00,,13.00,,8.00,5.00,12.00,,8.00,,1.00,,12.71,18.00,"Pensando en el futuro, ¿quién te gustaría que fuera el próximo presidente o presidenta de Chile después de Sebastián Piñera? (ÚNICA MENCIÓN EN PREGUNTA ABIERTA)"
2020-05-30,2021-11-17,536,Activa Research,1215,online,open,0,24.60,3.40,26.00,,13.00,,7.50,5.50,12.00,,6.10,1.90,1.00,,12.89,31.40,"Pensando en el futuro ¿Quién preferirías que sea el próximo presidente de Chile, excluyendo a Sebastián Piñera?"
2020-05-14,2021-11-17,552,Cadem,706,phone,open,0,26.00,2.00,26.00,,13.00,,11.00,2.00,12.00,,8.00,,1.00,,13.86,66.00,
2020-05-12,2021-11-17,554,Activa Research,1209,online,open,0,23.50,4.50,26.00,,12.60,0.40,2.20,10.80,12.00,,5.80,2.20,1.00,,11.87,40.30,"Pensando en el futuro ¿Quién preferirías que sea el próximo presidente de Chile, excluyendo a Sebastián Piñera?"
2020-05-04,2021-11-17,562,Criteria Research,800,online,open,0,20.00,8.00,26.00,,13.00,,7.00,6.00,12.00,,8.00,,1.00,,12.43,17.00,"Pensando en el futuro, ¿quién te gustaría que fuera el próximo presidente o presidenta de Chile después de Sebastián Piñera? (ÚNICA MENCIÓN EN PREGUNTA ABIERTA)"
2020-04-28,2021-11-17,568,Activa Research,1227,online,open,0,25.60,2.40,26.00,,13.00,0.00,7.60,5.40,12.00,,6.90,1.10,1.00,,13.16,33.60,"Pensando en el futuro ¿Quién preferirías que sea el próximo presidente de Chile, excluyendo a Sebastián Piñera?"
2020-04-15,2021-11-17,581,Activa Research,1270,online,open,0,24.70,3.30,26.00,,12.90,0.10,6.80,6.20,12.00,,5.90,2.10,1.00,,12.76,36.10,"Pensando en el futuro ¿Quién preferirías que sea el próximo presidente de Chile, excluyendo a Sebastián Piñera?"
2020-04-09,2021-11-17,587,Cadem,709,phone,open,0,25.00,3.00,26.00,,13.00,,11.00,2.00,12.00,,8.00,,1.00,,13.71,64.00,"Con excepción del Presidente Piñera, ¿Quién le gustaría a Ud. que fuera la o el próximo presidente/a de Chile?"
2020-03-30,2021-11-17,597,Criteria Research,800,online,open,0,20.00,8.00,26.00,,13.00,,7.00,6.00,12.00,,8.00,,1.00,,12.43,18.00,"Pensando en el futuro, ¿quién te gustaría que fuera el próximo presidente o presidenta de Chile después de Sebastián Piñera? (ÚNICA MENCIÓN EN PREGUNTA ABIERTA)"
2020-03-27,2021-11-17,600,Activa Research,1230,online,open,0,22.30,5.70,26.00,,13.00,,4.80,8.20,12.00,,6.90,1.10,1.00,,12.29,37.30,"Pensando en el futuro ¿Quién preferirías que sea el próximo presidente de Chile, excluyendo a Sebastián Piñera?"
2020-03-16,2021-11-17,611,Data Influye,1273,online,open,1,24.00,4.00,26.00,,13.00,,8.00,5.00,12.00,,6.00,2.00,1.00,,12.86,,¿Cuál para Ud. debieran ser las tres primeras mayorías presidenciales en el Chile del 2021?
2020-03-13,2021-11-17,614,Cadem,702,phone,open,0,25.00,3.00,26.00,,13.00,,10.00,3.00,12.00,,8.00,,1.00,,13.57,64.00,"Con excepción del Presidente Piñera, ¿Quién le gustaría a Ud. que fuera la o el próximo presidente/a de Chile?"
2020-03-12,2021-11-17,615,Activa Research,1135,online,open,0,23.30,4.70,26.00,,13.00,,5.10,7.90,12.00,,7.40,0.60,1.00,,12.54,34.20,"¿Quién preferirías que sea el próximo presidente de Chile, excluyendo a Sebastián Piñera? "
2020-02-29,2021-11-17,627,Criteria Research,796,online,open,0,18.00,10.00,26.00,,13.00,,6.00,7.00,12.00,,8.00,,1.00,,12.00,18.00,"Pensando en el futuro, ¿quién te gustaría que fuera el próximo presidente o presidenta de Chile después de Sebastián Piñera? (ÚNICA MENCIÓN EN PREGUNTA ABIERTA)"
2020-02-28,2021-11-17,628,Activa Research,1043,online,open,0,25.70,2.30,26.00,,13.00,,4.80,8.20,12.00,,7.10,0.90,1.00,,12.80,38.30,"¿Quién preferirías que sea el próximo presidente de Chile, excluyendo a Sebastián Piñera? "
2020-02-18,2021-11-17,638,Data Influye,1445,online,open,0,25.00,3.00,26.00,,13.00,,8.00,5.00,12.00,,6.00,2.00,1.00,,13.00,,¿Cuál para Ud. debieran ser las tres primeras mayorías presidenciales en el Chile del 2021?
2020-02-14,2021-11-17,642,Cadem,705,phone,open,0,24.00,4.00,26.00,,13.00,,9.00,4.00,12.00,,8.00,,1.00,,13.29,62.00,"Con excepción del Presidente Piñera, ¿Quién le gustaría a Ud. que fuera la o el próximo presidente/a de Chile?"
2020-02-13,2021-11-17,643,Activa Research,1045,online,open,0,23.50,4.50,26.00,,13.00,,6.60,6.40,12.00,,6.40,1.60,1.00,,12.64,37.70,"Pensando en el futuro ¿Quién preferirías que sea el próximo presidente de Chile, excluyendo a Sebastián Piñera?"
2020-01-30,2021-11-17,657,Activa Research,975,online,open,0,21.90,6.10,26.00,,13.00,,3.10,9.90,12.00,,6.40,1.60,1.00,,11.91,29.00,"Pensando en el futuro ¿Quién preferirías que sea el próximo presidente de Chile, excluyendo a Sebastián Piñera?"
2020-01-28,2021-11-17,659,Criteria Research,806,online,open,0,20.00,8.00,26.00,,13.00,,5.00,8.00,12.00,,6.00,2.00,1.00,,11.86,24.00,"Pensando en el futuro, ¿quién te gustaría que fuera el próximo presidente o presidenta de Chile después de Sebastián Piñera? (ÚNICA MENCIÓN EN PREGUNTA ABIERTA)"
2020-01-17,2021-11-17,670,Cadem,709,phone,open,0,25.00,3.00,26.00,,13.00,,10.00,3.00,12.00,,8.00,,1.00,,13.57,63.00,"Con excepción del Presidente Piñera, ¿Quién le gustaría a Ud. que fuera la o el próximo presidente/a de Chile?"
2020-01-16,2021-11-17,671,Activa Research,950,online,open,0,24.10,3.90,26.00,,13.00,,1.40,11.60,12.00,,6.90,1.10,1.00,,12.06,34.50,"Pensando en el futuro ¿Quién preferirías que sea el próximo presidente de Chile, excluyendo a Sebastián Piñera?"
2019-12-30,2021-11-17,688,Criteria Research,951,online,open,0,19.00,9.00,26.00,,13.00,,4.00,9.00,12.00,,8.00,,1.00,,11.86,15.00,"Pensando en el futuro, ¿quién te gustaría que fuera el próximo presidente o presidenta de Chile después de Sebastián Piñera? (ÚNICA MENCIÓN EN PREGUNTA ABIERTA)"
2019-12-26,2021-11-17,692,Activa Research,1030,online,open,0,21.30,6.70,26.00,,13.00,,5.50,7.50,12.00,,5.90,2.10,1.00,,12.10,31.10,"Pensando en el futuro ¿Quién preferirías que sea el próximo presidente de Chile, excluyendo a Sebastián Piñera?"
2019-12-20,2021-11-17,698,Cadem,702,phone,open,0,23.00,5.00,26.00,,13.00,,8.00,5.00,12.00,,8.00,,1.00,,13.00,59.00,"Con excepción del Presidente Piñera, ¿Quién le gustaría a Ud. que fuera la o el próximo presidente/a de Chile?"
2019-11-29,2021-11-17,719,Cadem,708,phone,open,0,26.00,2.00,26.00,,13.00,,8.00,5.00,12.00,,8.00,,1.00,,13.43,58.00,"Con excepción del Presidente Piñera, ¿Quién le gustaría a Ud. que fuera la o el próximo presidente/a de Chile?"
2019-11-26,2021-11-17,722,Activa Research,1159,online,open,0,21.00,7.00,26.00,,13.00,,3.10,9.90,12.00,,7.60,0.40,1.00,,11.96,33.60,"Pensando en el futuro ¿Quién preferirías que sea el próximo presidente de Chile, excluyendo a Sebastián Piñera?"
2019-11-26,2021-11-17,722,Criteria Research,1014,online,open,0,20.00,8.00,26.00,,13.00,,5.00,8.00,12.00,,8.00,,1.00,,12.14,25.00,"Pensando en el futuro, ¿quién te gustaría que fuera el próximo presidente o presidenta de Chile después de Sebastián Piñera? (ÚNICA MENCIÓN EN PREGUNTA ABIERTA)"
2019-10-30,2021-11-17,749,Activa Research,1304,online,open,0,22.20,5.80,26.00,,13.00,,12.30,0.70,12.00,,6.00,2.00,1.00,,13.21,29.10,"Pensando en el futuro ¿Quién preferirías que sea el próximo presidente de Chile, excluyendo a Sebastián Piñera?"
2019-10-30,2021-11-17,749,Cadem,708,phone,open,0,26.00,2.00,26.00,,13.00,,12.00,1.00,12.00,,8.00,,1.00,,14.00,57.00,"Con excepción del Presidente Piñera, ¿Quién le gustaría a Ud. que fuera la o el próximo presidente/a de Chile?"
2019-10-29,2021-11-17,750,Criteria Research,1005,online,open,0,19.00,9.00,26.00,,13.00,,12.00,1.00,12.00,,8.00,,1.00,,13.00,25.00,"Pensando en el futuro, ¿quién te gustaría que fuera el próximo presidente o presidenta de Chile después de Sebastián Piñera? (ÚNICA MENCIÓN EN PREGUNTA ABIERTA)"
2019-10-11,2021-11-17,768,Cadem,706,phone,open,0,23.00,5.00,26.00,,13.00,,13.00,,12.00,,8.00,,1.00,,13.71,52.00,"Con excepción del Presidente Piñera, ¿Quién le gustaría a Ud. que fuera la o el próximo presidente/a de Chile?"
2019-09-30,2021-11-17,779,Criteria Research,827,online,open,0,16.00,12.00,26.00,,13.00,,13.00,,12.00,,5.00,3.00,1.00,,12.29,8.00,"Pensando en el futuro, ¿quién te gustaría que fuera el próximo presidente o presidenta de Chile después de Sebastián Piñera? (ÚNICA MENCIÓN EN PREGUNTA ABIERTA)"
2019-09-25,2021-11-17,784,Activa Research,1061,online,open,0,21.20,6.80,26.00,,13.00,,13.00,0.00,12.00,,6.70,1.30,1.00,,13.27,27.80,"Pensando en el futuro ¿Quién preferirías que sea el próximo presidente de Chile, excluyendo a Sebastián Piñera?"
2019-08-30,2021-11-17,810,Criteria Research,907,online,open,0,16.00,12.00,26.00,,13.00,,13.00,,12.00,,5.00,3.00,1.00,,12.29,20.00,"Pensando en el futuro, ¿quién te gustaría que fuera el próximo presidente o presidenta de Chile después de Sebastián Piñera? (ÚNICA MENCIÓN EN PREGUNTA ABIERTA)"
2019-08-29,2021-11-17,811,Activa Research,1030,online,open,0,21.00,7.00,26.00,,13.00,,12.30,0.70,12.00,,6.40,1.60,1.00,,13.10,24.40,"Pensando en el futuro ¿Quién preferirías que sea el próximo presidente de Chile, excluyendo a Sebastián Piñera?"
2019-07-29,2021-11-17,842,Criteria Research,795,online,open,0,18.00,10.00,26.00,,13.00,,13.00,,12.00,,6.00,2.00,1.00,,12.71,14.00,"Pensando en el futuro, ¿quién te gustaría que fuera el próximo presidente o presidenta de Chile después de Sebastián Piñera? (ÚNICA MENCIÓN EN PREGUNTA ABIERTA)"
2019-07-25,2021-11-17,846,Activa Research,1017,online,open,0,22.90,5.10,26.00,,13.00,,12.00,1.00,12.00,,5.60,2.40,1.00,,13.21,25.10,"Pensando en el futuro ¿Quién preferirías que sea el próximo presidente de Chile, excluyendo a Sebastián Piñera?"
2019-07-12,2021-11-17,859,Cadem,710,phone,open,0,23.00,5.00,26.00,,13.00,,13.00,,12.00,,8.00,,1.00,,13.71,50.00,"Con excepción del Presidente Piñera, ¿Quién le gustaría a Ud. que fuera la o el próximo presidente/a de Chile?"
2019-07-01,2021-11-17,870,Activa Research,1005,online,open,0,20.40,7.60,26.00,,13.00,,12.10,0.90,12.00,,5.00,3.00,1.00,,12.79,23.50,"Pensando en el futuro ¿Quién preferirías que sea el próximo presidente de Chile, excluyendo a Sebastián Piñera?"
2019-06-24,2021-11-17,877,Criteria Research,804,online,open,0,17.00,11.00,26.00,,13.00,,13.00,,12.00,,6.00,2.00,1.00,,12.57,18.00,"Pensando en el futuro, ¿quién te gustaría que fuera el próximo presidente o presidenta de Chile después de Sebastián Piñera? (ÚNICA MENCIÓN EN PREGUNTA ABIERTA)"
2019-06-03,2021-11-17,898,Criteria Research,803,online,open,0,19.00,9.00,26.00,,13.00,,13.00,,12.00,,6.00,2.00,1.00,,12.86,18.00,"Pensando en el futuro, ¿quién te gustaría que fuera el próximo presidente o presidenta de Chile después de Sebastián Piñera? (ÚNICA MENCIÓN EN PREGUNTA ABIERTA)"
2019-05-31,2021-11-17,901,Activa Research,1039,online,open,0,19.90,8.10,26.00,,13.00,,12.60,0.40,12.00,,6.00,2.00,1.00,,12.93,22.70,"Pensando en el futuro ¿Quién preferirías que sea el próximo presidente de Chile, excluyendo a Sebastián Piñera?"
2019-05-02,2021-11-17,930,Activa Research,1039,online,open,0,16.80,11.20,26.00,,13.00,,12.50,0.50,12.00,,4.00,4.00,1.00,,12.19,22.90,"Pensando en el futuro ¿Quién preferirías que sea el próximo presidente de Chile, excluyendo a Sebastián Piñera?"
2019-04-28,2021-11-17,934,Criteria Research,830,online,open,0,18.00,10.00,26.00,,13.00,,13.00,,12.00,,5.00,3.00,1.00,,12.57,21.00,"Pensando en el futuro, ¿quién te gustaría que fuera el próximo presidente o presidenta de Chile después de Sebastián Piñera? (ÚNICA MENCIÓN EN PREGUNTA ABIERTA)"
2019-03-31,2021-11-17,962,Activa Research,1015,online,open,0,22.20,5.80,26.00,,13.00,,12.80,0.20,12.00,,5.10,2.90,1.00,,13.16,24.80,"Pensando en el futuro ¿Quién preferirías que sea el próximo presidente de Chile, excluyendo a Sebastián Piñera?"
2019-03-31,2021-11-17,962,Criteria Research,899,online,open,0,18.00,10.00,26.00,,13.00,,13.00,,12.00,,8.00,,1.00,,13.00,21.00,"Pensando en el futuro, ¿quién te gustaría que fuera el próximo presidente o presidenta de Chile después de Sebastián Piñera? (ÚNICA MENCIÓN EN PREGUNTA ABIERTA)"
2019-03-01,2021-11-17,992,Activa Research,1001,online,open,0,18.90,9.10,26.00,,13.00,,12.60,0.40,12.00,,2.40,5.60,1.00,,12.27,22.90,"Pensando en el futuro ¿Quién preferirías que sea el próximo presidente de Chile, excluyendo a Sebastián Piñera?"
2019-02-28,2021-11-17,993,Criteria Research,801,phone,open,0,17.00,11.00,26.00,,13.00,,13.00,,12.00,,6.00,2.00,1.00,,12.57,19.00,"Pensando en el futuro, ¿quién te gustaría que fuera el próximo presidente o presidenta de Chile después de Sebastián Piñera? (ÚNICA MENCIÓN EN PREGUNTA ABIERTA)"
2019-01-31,2021-11-17,1021,Activa Research,1001,online,open,0,21.60,6.40,26.00,,13.00,,12.10,0.90,12.00,,5.80,2.20,1.00,,13.07,28.70,"Pensando en el futuro ¿Quién preferirías que sea el próximo presidente de Chile, excluyendo a Sebastián Piñera?"
2019-01-31,2021-11-17,1021,Criteria Research,800,online,open,0,18.00,10.00,26.00,,13.00,,13.00,,12.00,,5.00,3.00,1.00,,12.57,28.00,"Pensando en el futuro, ¿quién te gustaría que fuera el próximo presidente o presidenta de Chile después de Sebastián Piñera? (ÚNICA MENCIÓN EN PREGUNTA ABIERTA)"
2019-01-11,2021-11-17,1041,Cadem,704,phone,open,0,21.00,7.00,26.00,,13.00,,13.00,,12.00,,7.00,1.00,1.00,,13.29,49.00,"Con excepción del Presidente Piñera, ¿Quién le gustaría a Ud. que fuera la o el próximo presidente/a de Chile?"
2018-12-28,2021-11-17,1055,Criteria Research,800,online,open,0,16.00,12.00,26.00,,13.00,,13.00,,12.00,,6.00,2.00,1.00,,12.43,28.00,"Pensando en el futuro, ¿quién te gustaría que fuera el próximo presidente o presidenta de Chile después de Sebastián Piñera? (ÚNICA MENCIÓN EN PREGUNTA ABIERTA)"
2018-11-30,2021-11-17,1083,Criteria Research,800,online,open,0,20.00,8.00,26.00,,13.00,,13.00,,12.00,,5.00,3.00,1.00,,12.86,,"Pensando en el futuro, ¿quién te gustaría que fuera el próximo presidente o presidenta de Chile después de Sebastián Piñera? (ÚNICA MENCIÓN EN PREGUNTA ABIERTA)"
2018-11-03,2021-11-17,1110,Criteria Research,800,online,open,0,20.00,8.00,26.00,,13.00,,13.00,,12.00,,6.00,2.00,1.00,,13.00,,"Pensando en el futuro, ¿quién te gustaría que fuera el próximo presidente o presidenta de Chile después de Sebastián Piñera? (ÚNICA MENCIÓN EN PREGUNTA ABIERTA)"
2018-10-02,2021-11-17,1142,Criteria Research,752,online,open,0,19.00,9.00,26.00,,13.00,,13.00,,12.00,,5.00,3.00,1.00,,12.71,,"Pensando en el futuro, ¿quién te gustaría que fuera el próximo presidente o presidenta de Chile después de Sebastián Piñera? (ÚNICA MENCIÓN EN PREGUNTA ABIERTA)"
2018-08-31,2021-11-17,1174,Criteria Research,800,online,open,0,21.00,7.00,26.00,,13.00,,13.00,,12.00,,5.00,3.00,1.00,,13.00,,"Pensando en el futuro, ¿quién te gustaría que fuera el próximo presidente o presidenta de Chile después de Sebastián Piñera? (ÚNICA MENCIÓN EN PREGUNTA ABIERTA)"
2018-07-30,2021-11-17,1206,Criteria Research,800,online,open,0,21.00,7.00,26.00,,13.00,,13.00,,12.00,,4.00,4.00,1.00,,12.86,,"Pensando en el futuro, ¿quién te gustaría que fuera el próximo presidente o presidenta de Chile después de Sebastián Piñera? (ÚNICA MENCIÓN EN PREGUNTA ABIERTA)"
2018-06-28,2021-11-17,1238,Criteria Research,927,online,open,0,18.00,10.00,26.00,,13.00,,13.00,,12.00,,2.00,6.00,1.00,,12.14,,"Pensando en el futuro, ¿quién te gustaría que fuera el próximo presidente o presidenta de Chile después de Sebastián Piñera? (ÚNICA MENCIÓN EN PREGUNTA ABIERTA)"
2018-05-23,2021-11-17,1274,Criteria Research,1573,online,open,0,14.00,14.00,26.00,,13.00,,13.00,,12.00,,5.00,3.00,1.00,,12.00,,"Pensando en el futuro, ¿quién te gustaría que fuera el próximo presidente o presidenta de Chile después de Sebastián Piñera? (ÚNICA MENCIÓN EN PREGUNTA ABIERTA)"
,,,,,,,,,,,,,,,,,,,,,,,,
,,,,,,,,,,,,,,,,,,,,,,,,
,,,,,,,,,,,,,,,,,,,,,,,,
,,,,,,,,,,,,,,,,,,,,,,,,
,,,,,,,,,,,,,,,,,,,,,,,,
,,,,,,,,,,,,,,,,,,,,,,,,
,,,,,,,,,,,,,,,,,,,,,,,,
,,,,,,,,,,,,,,,,,,,,,,,,
,,,,,,,,,,,,,,,,,,,,,,,,
,,,,,,,,,,,,,,,,,,,,,,,,
,,,,,,,,,,,,,,,,,,,,,,,,
,,,,,,,,,,,,,,,,,,,,,,,,
,,,,,,,,,,,,,,,,,,,,,,,,
,,,,,,,,,,,,,,,,,,,,,,,,
,,,,,,,,,,,,,,,,,,,,,,,,