id,country,name,president,start_president,end_president,ministry,start_minister,end_minister,días,edad,ministerio (dummy),año nombramiento,alineación partidaria (dummy),sexo,non_party,president_party,economist,lawyer,inner_circle,party_leader,exp_executive,exp_congress,exp_ngo,exp_thinktanks,exp_business,political_kinship
70,Chile,"Eyzaguirre Guzmán, Nicolás",Ricardo Lagos,2000-03-11,2006-03-11,Hacienda,2000-03-11,2006-03-11,2191,47,1,,,0,0,1,1,0,1,0,0,0,0,0,0,1
126,Chile,"Larraín Bascuñan, Felipe",Sebastián Piñera,2010-03-11,2014-03-11,Hacienda,2010-03-11,2014-03-11,1461,52,1,,,0,1,0,1,0,1,0,0,0,0,0,1,1
137,Chile,"Marfán Lewis, Manuel",Eduardo Frei,1994-03-11,2000-03-11,Hacienda,1999-12-03,2000-03-11,99,46,1,,,0,0,0,1,0,0,0,0,0,0,0,0,1
218,Chile,"Velasco Brañes , Andrés",Michelle Bachelet,2006-03-11,2010-03-11,Hacienda,2006-03-11,2010-03-11,1461,45,1,,,0,1,0,1,0,1,0,1,0,1,1,0,1
77,Chile,"Figueroa Serrano, Carlos",Eduardo Frei,1994-03-11,2000-03-11,Interior,1994-09-20,1998-08-01,1411,64,1,,,0,0,1,0,1,1,0,0,0,1,0,0,1
102,Chile,"Hinzpeter Kirberg, Rodrigo",Sebastián Piñera,2010-03-11,2014-03-11,Interior,2010-03-11,2012-11-05,970,44,1,,,0,0,1,0,1,1,1,0,0,0,0,0,1
175,Chile,"Pérez Yoma, Edmundo",Michelle Bachelet,2006-03-11,2010-03-11,Interior,2008-01-08,2010-03-11,793,68,1,,,0,0,0,1,0,0,1,1,0,0,0,1,1
230,Chile,"Zaldívar Larraín, Andrés",Michelle Bachelet,2006-03-11,2010-03-11,Interior,2006-03-11,2006-07-14,125,69,1,,,0,0,0,0,1,0,1,0,1,1,0,0,1
40,Chile,"Chadwick Piñera, Andrés",Sebastián Piñera,2010-03-11,2014-03-11,Interior y Seguridad Pública,2012-11-05,2014-03-11,491,56,1,,,0,0,0,0,1,1,1,0,1,1,1,0,1
24,Chile,"Barría Iroume, María Soledad",Michelle Bachelet,2006-03-11,2010-03-11,Salud,2006-03-11,2008-10-28,962,52,1,,,1,0,1,0,0,1,0,0,0,0,0,0,1
41,Chile,"Chadwick Piñera, Andrés",Sebastián Piñera,2010-03-11,2014-03-11,SEGEGOB,2011-07-18,2012-11-05,476,55,1,,,0,0,0,0,1,1,1,0,1,1,1,0,1
124,Chile,"Lagos Weber, Ricardo",Michelle Bachelet,2006-03-11,2010-03-11,SEGEGOB,2006-03-11,2007-12-06,635,44,1,,,0,0,0,0,1,1,0,0,0,0,0,0,1
167,Chile,"Puccio Huidobro, Osvaldo",Ricardo Lagos,2000-03-11,2006-03-11,SEGEGOB,2005-05-24,2006-03-11,291,52,1,,,0,0,0,0,1,1,0,0,0,1,1,0,1
208,Chile,"Tohá Morales, Carolina",Michelle Bachelet,2006-03-11,2010-03-11,SEGEGOB,2009-03-12,2009-12-14,277,43,1,,,1,0,0,0,1,1,1,0,1,1,1,0,1
86,Chile,"García Hurtado, Álvaro",Ricardo Lagos,2000-03-11,2006-03-11,SEGPRES,2000-03-11,2002-01-07,667,45,1,,,0,0,1,1,0,1,0,0,0,1,1,0,1
127,Chile,"Larroulet Vignau, Cristián",Sebastián Piñera,2010-03-11,2014-03-11,SEGPRES,2010-03-11,2014-03-11,1461,56,1,,,0,1,0,1,0,1,0,1,0,1,0,1,1
224,Chile,"Viera-Gallo Quesney, José Antonio",Michelle Bachelet,2006-03-11,2010-03-11,SEGPRES,2007-03-26,2010-03-11,1081,63,1,,,0,0,1,0,1,0,1,0,1,1,0,0,1
219,Chile,"Veloso Valenzuela, Paulina",Michelle Bachelet,2006-03-11,2010-03-11,SEGPRES,2006-03-11,2007-03-26,380,49,1,,,1,0,1,0,1,1,0,1,0,0,0,0,1
158,Chile,"Ortega Riquelme, Emiliano",Eduardo Frei,1994-03-11,2000-03-11,Agricultura,1994-03-11,1996-09-28,932,56,0,,,0,0,1,0,0,1,0,1,0,1,1,0,1
156,Chile,"Orrego Larraín, Claudio",Ricardo Lagos,2000-03-11,2006-03-11,Bienes Nacionales,2000-03-11,2000-12-29,293,34,0,,,0,0,0,0,1,0,0,0,0,1,1,0,1
172,Chile,"Pérez Mackenna, Rodrigo",Sebastián Piñera,2010-03-11,2014-03-11,Bienes Nacionales,2012-11-05,2014-03-11,491,51,0,,,0,1,0,0,0,0,0,0,0,0,0,1,1
160,Chile,"Parot Donoso, Catalina",Sebastián Piñera,2010-03-11,2014-03-11,Bienes Nacionales,2010-03-11,2012-11-05,970,54,0,,,1,0,1,0,1,1,1,0,0,0,0,0,1
52,Chile,"De Gregorio Rebeco, José",Ricardo Lagos,2000-03-11,2006-03-11,Comisión Nacional de Energía,2000-03-11,2001-06-19,465,40,0,,,0,0,0,1,0,0,0,1,0,0,0,0,1
87,Chile,"García Hurtado, Álvaro",Eduardo Frei,1994-03-11,2000-03-11,Comisión Nacional de Energía,1998-01-01,1998-08-01,212,43,0,,,0,0,0,1,0,0,0,0,0,0,1,0,1
207,Chile,"Tohá González, Jaime",Patricio Aylwin,1990-03-11,1994-03-11,Comisión Nacional de Energía,1990-03-11,1994-03-11,1461,51,0,,,0,0,0,0,0,0,0,0,0,0,0,0,1
47,Chile,"Cruz Coke Carvallo, Luciano",Sebastián Piñera,2010-03-11,2014-03-11,Consejo Nacional de la Cultura y las Artes,2010-03-11,2013-06-06,1183,39,0,,,0,1,0,0,0,1,0,0,0,0,0,0,1
192,Chile,"Sandoval Precht, Felipe",Eduardo Frei,1994-03-11,2000-03-11,CORFO,1994-03-11,1997-11-29,1359,36,0,,,0,0,1,0,0,0,1,0,0,1,1,0,1
3,Chile,"Allamand Zavala, Andrés",Sebastián Piñera,2010-03-11,2014-03-11,Defensa Nacional,2011-01-16,2012-11-05,659,54,0,,,0,0,1,0,1,0,1,0,1,1,1,0,1
93,Chile,"Guzmán Correa, José",Eduardo Frei,1994-03-11,2000-03-11,Defensa Nacional,1998-08-01,1999-06-22,325,69,0,,,0,0,1,0,1,1,0,1,0,0,0,0,1
103,Chile,"Hinzpeter Kirberg, Rodrigo",Sebastián Piñera,2010-03-11,2014-03-11,Defensa Nacional,2012-11-05,2014-03-11,491,47,0,,,0,0,1,0,1,1,1,0,0,0,0,0,1
174,Chile,"Pérez Yoma, Edmundo",Eduardo Frei,1994-03-11,2000-03-11,Defensa Nacional,1994-03-11,1998-01-16,1407,55,0,,,0,0,1,1,0,1,1,0,0,0,0,1,1
176,Chile,"Pérez Yoma, Edmundo",Eduardo Frei,1994-03-11,2000-03-11,Defensa Nacional,1999-06-22,2000-03-11,263,60,0,,,0,0,1,1,0,1,1,0,0,0,0,1,1
191,Chile,"Ruiz Tagle Correa, Gabriel",Sebastián Piñera,2010-03-11,2014-03-11,Deportes,2013-11-14,2014-03-11,117,59,0,,,0,0,0,0,0,1,0,0,0,0,0,1,1
53,Chile,"De Gregorio Rebeco, José",Ricardo Lagos,2000-03-11,2006-03-11,"Economía, Fomento y Reconstrucción",2000-03-11,2001-06-19,465,40,0,,,0,0,0,1,0,0,0,1,0,0,0,0,1
85,Chile,"García Hurtado, Álvaro",Eduardo Frei,1994-03-11,2000-03-11,"Economía, Fomento y Reconstrucción",1994-03-11,1998-08-01,1604,39,0,,,0,0,0,1,0,0,0,0,0,0,1,0,1
138,Chile,"Marshall Rivera, Jorge",Patricio Aylwin,1990-03-11,1994-03-11,"Economía, Fomento y Reconstrucción",1992-09-28,1993-12-16,444,38,0,,,0,0,0,1,0,0,0,0,0,0,0,0,1
155,Chile,"Ominami Pascual, Carlos",Patricio Aylwin,1990-03-11,1994-03-11,"Economía, Fomento y Reconstrucción",1990-03-11,1992-09-28,932,39,0,,,0,0,0,1,0,0,0,0,0,0,0,0,1
205,Chile,"Tohá González, Jaime",Patricio Aylwin,1990-03-11,1994-03-11,"Economía, Fomento y Reconstrucción",1993-12-15,1994-03-11,86,55,0,,,0,0,0,0,0,0,0,0,0,0,0,0,1
79,Chile,"Fontaine Talavera, Juan Andres",Sebastián Piñera,2010-03-11,2014-03-11,"Economía, Fomento y Turismo",2010-03-11,2011-07-18,494,54,0,,,0,1,0,0,0,1,0,0,0,1,1,1,1
13,Chile,"Arellano Marín, José Pablo",Eduardo Frei,1994-03-11,2000-03-11,Educación,1996-09-28,2000-03-11,1260,44,0,,,0,0,1,1,0,1,0,1,0,1,1,0,1
36,Chile,"Bulnes Serrano, Felipe",Sebastián Piñera,2010-03-11,2014-03-11,Educación,2011-07-18,2011-12-29,164,42,0,,,0,0,1,0,1,1,0,0,0,0,0,0,1
123,Chile,"Lagos Escobar, Ricardo",Patricio Aylwin,1990-03-11,1994-03-11,Educación,1990-03-11,1992-09-28,932,52,0,,,0,0,0,0,1,0,1,0,0,0,0,0,1
130,Chile,"Lavín Infante, Joaquín",Sebastián Piñera,2010-03-11,2014-03-11,Educación,2010-03-11,2011-07-18,494,56,0,,,0,0,0,1,0,0,1,0,0,0,0,0,1
20,Chile,"Aylwin Oyarzún, Mariana",Ricardo Lagos,2000-03-11,2006-03-11,Educación,2000-03-11,2003-03-03,1087,50,0,,,1,0,0,0,0,0,1,0,1,0,0,0,1
117,Chile,"Jiménez de la Jara, Mónica",Michelle Bachelet,2006-03-11,2010-03-11,Educación,2008-04-18,2010-03-11,692,67,0,,,1,0,0,0,0,0,0,0,0,1,0,0,1
196,Chile,"Schmidt Zaldívar, Carolina",Sebastián Piñera,2010-03-11,2014-03-11,Educación,2013-04-22,2014-03-11,323,43,0,,,1,1,0,0,0,0,0,0,0,0,0,1,1
38,Chile,"Bunster Betteley, Jorge",Sebastián Piñera,2010-03-11,2014-03-11,Energía,2012-04-03,2014-03-11,707,59,0,,,0,1,0,0,0,0,0,0,0,0,0,1,1
37,Chile,"Bulnes Serrano, Felipe",Sebastián Piñera,2010-03-11,2014-03-11,Justicia,2010-03-11,2011-07-18,494,40,0,,,0,0,1,0,1,1,0,0,0,0,0,0,1
136,Chile,"Maldonado Curti, Carlos",Michelle Bachelet,2006-03-11,2010-03-11,Justicia,2007-03-26,2010-03-11,1081,43,0,,,0,0,0,0,1,0,1,1,0,0,0,0,1
185,Chile,"Ribera Neumann, Teodoro",Sebastián Piñera,2010-03-11,2014-03-11,Justicia,2011-07-18,2012-12-17,518,53,0,,,0,0,1,0,1,1,0,0,1,0,0,0,1
7,Chile,"Alvear Valenzuela, Soledad",Eduardo Frei,1994-03-11,2000-03-11,Justicia,1994-03-11,1999-12-16,2106,43,0,,,1,0,1,0,1,1,0,1,0,0,0,0,1
119,Chile,"Kast Sommerhoff, Felipe",Sebastián Piñera,2010-03-11,2014-03-11,MIDEPLAN,2010-03-11,2011-07-18,494,32,0,,,0,1,0,0,0,0,0,0,0,1,1,0,1
129,Chile,"Lavín Infante, Joaquín",Sebastián Piñera,2010-03-11,2014-03-11,MIDEPLAN,2011-07-18,2013-06-06,689,57,0,,,0,0,0,1,0,0,1,0,0,0,0,0,1
159,Chile,"Palma Irarrázaval, Andrés",Ricardo Lagos,2000-03-11,2006-03-11,MIDEPLAN,2003-03-03,2004-09-29,576,47,0,,,0,0,0,0,0,0,1,0,1,1,0,0,1
161,Chile,"Pizarro Hofer, Roberto",Eduardo Frei,1994-03-11,2000-03-11,MIDEPLAN,1996-10-01,1998-03-05,520,51,0,,,0,0,0,0,0,1,0,0,0,0,0,0,1
121,Chile,"Krauss Valle, Alejandra",Ricardo Lagos,2000-03-11,2006-03-11,MIDEPLAN,2000-03-11,2002-01-07,667,43,0,,,1,0,0,0,1,0,0,0,0,1,0,0,1
51,Chile,"De Gregorio Rebeco, José",Ricardo Lagos,2000-03-11,2006-03-11,Minería,2000-03-11,2001-06-19,465,40,0,,,0,0,0,1,0,0,0,1,0,0,0,0,1
91,Chile,"González Larraín, Santiago",Michelle Bachelet,2006-03-11,2010-03-11,Minería,2008-01-08,2010-03-11,793,51,0,,,0,0,0,0,0,0,1,1,0,0,0,1,1
109,Chile,"Hurtado Ruiz-Tagle, Carlos",Patricio Aylwin,1990-03-11,1994-03-11,Obras Públicas,1990-03-11,1994-03-11,1461,53,0,,,0,0,0,1,0,0,0,0,0,1,0,1,1
122,Chile,"Lagos Escobar, Ricardo",Eduardo Frei,1994-03-11,2000-03-11,Obras Públicas,1994-03-11,1998-08-01,1604,56,0,,,0,0,0,0,1,0,1,0,0,0,0,0,1
206,Chile,"Tohá González, Jaime",Eduardo Frei,1994-03-11,2000-03-11,Obras Públicas,1998-08-01,2000-03-09,586,60,0,,,0,0,0,0,0,1,0,1,0,0,0,0,1
76,Chile,"Figueroa Serrano, Carlos",Eduardo Frei,1994-03-11,2000-03-11,Relaciones Exteriores,1994-03-11,1994-09-20,193,64,0,,,0,0,1,0,1,1,0,0,0,1,0,0,1
153,Chile,"Moreno Charme, Alfredo",Sebastián Piñera,2010-03-11,2014-03-11,Relaciones Exteriores,2010-03-11,2014-03-11,1461,53,0,,,0,1,0,0,0,1,0,0,0,1,0,1,1
200,Chile,"Silva Cimma, Enrique",Patricio Aylwin,1990-03-11,1994-03-11,Relaciones Exteriores,1990-03-11,1994-03-11,1461,71,0,,,0,0,0,0,1,1,1,1,0,1,0,0,1
216,Chile,"Valdés Soublette, Juan Gabriel",Eduardo Frei,1994-03-11,2000-03-11,Relaciones Exteriores,1999-06-22,2000-03-11,263,52,0,,,0,0,0,0,1,1,0,0,0,0,0,0,1
227,Chile,"Walker Prieto, Ignacio",Ricardo Lagos,2000-03-11,2006-03-11,Relaciones Exteriores,2004-09-29,2006-03-11,528,48,0,,,0,0,0,0,1,0,1,0,1,1,0,0,1
6,Chile,"Alvear Valenzuela, Soledad",Ricardo Lagos,2000-03-11,2006-03-11,Relaciones Exteriores,2000-03-11,2004-09-29,1663,49,0,,,1,0,0,0,1,0,0,1,0,0,0,0,1
116,Chile,"Jiménez de la Jara, Jorge",Patricio Aylwin,1990-03-11,1994-03-11,Salud,1990-03-11,1992-10-30,964,45,0,,,0,0,1,0,0,1,0,0,0,0,0,0,1
151,Chile,"Montt Momberg, Julio",Patricio Aylwin,1990-03-11,1994-03-11,Salud,1992-10-30,1994-03-11,497,66,0,,,0,0,1,0,0,0,0,0,1,1,0,1,1
5,Chile,"Alvear Valenzuela, Soledad",Patricio Aylwin,1990-03-11,1994-03-11,SERNAM,1991-01-03,1994-03-11,1163,40,0,,,1,0,1,0,1,1,0,1,0,0,0,0,1
9,Chile,"Andrade Lara , Carmen",Michelle Bachelet,2006-03-11,2010-03-11,SERNAM,2009-10-20,2010-03-11,142,55,0,,,1,0,1,0,0,1,0,0,0,0,0,0,1
197,Chile,"Schmidt Zaldívar, Carolina",Sebastián Piñera,2010-03-11,2014-03-11,SERNAM,2010-03-11,2013-04-22,1138,40,0,,,1,1,0,0,0,0,0,0,0,0,0,1,1
10,Chile,"Andrade Lara , Osvaldo",Michelle Bachelet,2006-03-11,2010-03-11,Trabajo y Previsión Social,2006-03-11,2008-12-10,1005,52,0,,,0,0,1,0,1,1,1,1,0,0,0,0,1
118,Chile,"Jobet Eluchans, Juan Carlos",Sebastián Piñera,2010-03-11,2014-03-11,Trabajo y Previsión Social,2013-07-24,2014-03-11,230,37,0,,,0,0,1,0,0,0,0,1,0,1,1,0,1
141,Chile,"Matthei Fornet, Evelyn",Sebastián Piñera,2010-03-11,2014-03-11,Trabajo y Previsión Social,2011-01-16,2013-07-20,916,57,0,,,1,0,0,1,0,0,1,0,1,0,0,0,1
63,Chile,"Errázuriz Domínguez, Pedro Pablo",Sebastián Piñera,2010-03-11,2014-03-11,Transporte y Telecomunicaciones,2011-01-16,2014-03-11,1150,49,0,,,0,1,0,0,0,1,0,0,0,0,0,1,1
152,Chile,"Morandé Lavín, Felipe",Sebastián Piñera,2010-03-11,2014-03-11,Transporte y Telecomunicaciones,2010-03-11,2011-01-14,309,54,0,,,0,1,0,1,0,1,0,0,0,0,0,1,1
157,Chile,"Orrego Larraín, Claudio",Ricardo Lagos,2000-03-11,2006-03-11,Vivienda y Urbanismo,2000-03-11,2000-12-29,293,34,0,,,0,0,0,0,1,0,0,0,0,1,1,0,1
173,Chile,"Pérez Mackenna, Rodrigo",Sebastián Piñera,2010-03-11,2014-03-11,Vivienda y Urbanismo,2011-04-19,2014-03-11,1057,50,0,,,0,1,0,0,0,0,0,0,0,0,0,1,1
140,Chile,"Matte Lecaros, Magdalena",Sebastián Piñera,2010-03-11,2014-03-11,Vivienda y Urbanismo,2010-03-11,2011-04-19,404,59,0,,,1,0,0,0,0,0,0,0,0,0,0,0,1
11,Chile,"Aninat Ureta, Eduardo",Eduardo Frei,1994-03-11,2000-03-11,Hacienda,1994-03-11,1999-12-03,2093,46,1,,,0,0,1,1,0,0,0,0,0,1,1,0,0
81,Chile,"Foxley Rioseco, Alejandro",Patricio Aylwin,1990-03-11,1994-03-11,Hacienda,1990-03-11,1994-03-11,1461,50,1,,,0,0,1,1,0,1,0,0,0,1,1,0,0
43,Chile,"Correa Díaz, Germán",Eduardo Frei,1994-03-11,2000-03-11,Interior,1994-03-11,1994-09-20,193,54,1,,,0,0,0,0,0,0,1,0,0,0,0,0,0
111,Chile,"Insulza Salinas, José Miguel",Ricardo Lagos,2000-03-11,2006-03-11,Interior,2000-03-11,2005-05-24,1900,56,1,,,0,0,1,0,1,1,0,0,0,0,0,0,0
120,Chile,"Krauss Rusque, Enrique",Patricio Aylwin,1990-03-11,1994-03-11,Interior,1990-03-11,1994-03-11,1461,58,1,,,0,0,1,0,1,1,0,0,1,0,0,1,0
210,Chile,"Troncoso Castillo, Raúl",Eduardo Frei,1994-03-11,2000-03-11,Interior,1998-08-01,2000-03-11,588,63,1,,,0,0,1,0,1,1,0,1,0,0,0,0,0
217,Chile,"Velasco Baraona, Belisario",Michelle Bachelet,2006-03-11,2010-03-11,Interior,2006-07-14,2008-01-04,539,70,1,,,0,0,0,0,0,0,1,0,0,0,0,1,0
221,Chile,"Vidal Salinas, Francisco",Ricardo Lagos,2000-03-11,2006-03-11,Interior,2005-05-24,2006-03-11,291,51,1,,,0,0,1,0,0,1,1,0,0,1,0,0,0
16,Chile,"Arrate Mac Niven, Jorge",Eduardo Frei,1994-03-11,2000-03-11,SEGEGOB,1998-08-01,1999-06-22,325,57,1,,,0,0,0,0,1,0,1,1,0,1,1,0,0
35,Chile,"Brunner Ried, José Joaquín",Eduardo Frei,1994-03-11,2000-03-11,SEGEGOB,1994-09-20,1998-08-01,1411,49,1,,,0,0,0,0,0,1,0,0,0,1,1,0,0
44,Chile,"Correa Rios, Enrique",Patricio Aylwin,1990-03-11,1994-03-11,SEGEGOB,1990-03-11,1994-03-11,1461,44,1,,,0,0,0,0,0,0,0,0,0,0,0,0,0
108,Chile,"Huepe García, Claudio",Ricardo Lagos,2000-03-11,2006-03-11,SEGEGOB,2000-03-11,2002-01-07,667,60,1,,,0,0,0,0,0,0,1,0,1,1,1,0,0
145,Chile,"Mladinic Alonso, Carlos",Eduardo Frei,1994-03-11,2000-03-11,SEGEGOB,1999-06-22,2000-03-11,263,44,1,,,0,0,1,1,0,1,1,0,0,0,0,0,0
154,Chile,"Muñoz Valenzuela, Heraldo",Ricardo Lagos,2000-03-11,2006-03-11,SEGEGOB,2002-01-07,2003-03-03,420,53,1,,,0,0,0,0,0,1,0,0,0,0,0,0,0
184,Chile,"Rebolledo González, Víctor Manuel",Eduardo Frei,1994-03-11,2000-03-11,SEGEGOB,1994-03-11,1994-09-20,193,44,1,,,0,0,0,0,1,1,1,0,1,0,0,0,0
220,Chile,"Vidal Salinas, Francisco",Ricardo Lagos,2000-03-11,2006-03-11,SEGEGOB,2003-03-03,2005-05-24,813,49,1,,,0,0,1,0,0,1,1,0,0,1,0,0,0
222,Chile,"Vidal Salinas, Francisco",Michelle Bachelet,2006-03-11,2010-03-11,SEGEGOB,2007-12-06,2009-03-12,462,54,1,,,0,0,0,0,0,0,1,1,0,1,0,0,0
14,Chile,"Armanet Armanet, Pilar",Michelle Bachelet,2006-03-11,2010-03-11,SEGEGOB,2009-12-18,2010-03-11,83,59,1,,,1,0,0,0,1,0,0,1,0,0,0,0,0
171,Chile,"Pérez Jara, Cecilia",Sebastián Piñera,2010-03-11,2014-03-11,SEGEGOB,2012-11-05,2014-03-11,491,38,1,,,1,0,1,0,1,1,1,1,0,0,0,0,0
226,Chile,"Von Baer Jahn, Ena",Sebastián Piñera,2010-03-11,2014-03-11,SEGEGOB,2010-03-11,2011-07-18,494,35,1,,,1,0,0,0,0,0,0,0,0,0,0,0,0
18,Chile,"Arriagada Herrera, Genaro",Eduardo Frei,1994-03-11,2000-03-11,SEGPRES,1994-03-11,1996-09-28,932,51,1,,,0,0,1,0,1,1,1,0,0,1,1,0,0
28,Chile,"Biehl del Rio, John",Eduardo Frei,1994-03-11,2000-03-11,SEGPRES,1998-08-01,1999-06-22,325,58,1,,,0,1,0,0,1,0,0,0,0,0,0,0,0
34,Chile,"Boeninger Kausel, Edgardo",Patricio Aylwin,1990-03-11,1994-03-11,SEGPRES,1990-03-11,1994-03-11,1461,64,1,,,0,0,1,1,0,1,1,1,0,1,1,0,0
59,Chile,"Dockendorff Vallejos, Eduardo",Ricardo Lagos,2000-03-11,2006-03-11,SEGPRES,2004-06-03,2006-03-11,646,55,1,,,0,0,0,0,0,0,0,0,0,1,1,0,0
73,Chile,"Fernández Baeza, Mario",Ricardo Lagos,2000-03-11,2006-03-11,SEGPRES,2002-01-07,2003-03-03,420,54,1,,,0,0,0,0,1,0,0,0,0,1,0,0,0
107,Chile,"Huenchumilla Jaramillo, Francisco",Ricardo Lagos,2000-03-11,2006-03-11,SEGPRES,2003-03-03,2004-06-03,458,58,1,,,0,0,0,0,1,0,1,0,1,1,0,0,0
110,Chile,"Insulza Salinas, José Miguel",Eduardo Frei,1994-03-11,2000-03-11,SEGPRES,1999-06-22,2000-03-11,263,56,1,,,0,0,0,0,1,0,0,0,0,0,0,0,0
225,Chile,"Villarzú Rohde, Juan",Eduardo Frei,1994-03-11,2000-03-11,SEGPRES,1996-09-28,1998-08-01,672,52,1,,,0,0,1,0,0,1,0,1,0,0,0,1,0
39,Chile,"Campos Quiroga, Jaime",Ricardo Lagos,2000-03-11,2006-03-11,Agricultura,2000-03-11,2006-03-11,2191,47,0,,,0,0,0,0,1,0,1,0,1,0,0,0,0
78,Chile,"Figueroa Yávar, Juan Agustín",Patricio Aylwin,1990-03-11,1994-03-11,Agricultura,1990-03-11,1994-03-11,1461,56,0,,,0,0,0,0,1,1,0,0,0,0,0,1,0
83,Chile,"Galilea Vidaurre, José Antonio",Sebastián Piñera,2010-03-11,2014-03-11,Agricultura,2010-03-11,2011-12-29,658,48,0,,,0,0,1,0,0,1,1,1,1,0,0,1,0
142,Chile,"Mayol Bouchon, Luis",Sebastián Piñera,2010-03-11,2014-03-11,Agricultura,2011-12-29,2014-03-11,803,59,0,,,0,0,1,0,1,0,0,0,0,0,0,1,0
146,Chile,"Mladinic Alonso, Carlos",Eduardo Frei,1994-03-11,2000-03-11,Agricultura,1996-09-28,1999-06-22,997,41,0,,,0,0,1,1,0,1,1,0,0,0,0,0,0
189,Chile,"Rojas Marín, Álvaro",Michelle Bachelet,2006-03-11,2010-03-11,Agricultura,2006-03-11,2008-01-08,668,52,0,,,0,0,0,0,0,0,0,0,0,1,1,0,0
193,Chile,"Sartori Arellano, Ángel",Eduardo Frei,1994-03-11,2000-03-11,Agricultura,1999-06-22,2000-03-11,263,51,0,,,0,0,1,0,0,0,0,0,0,0,0,0,0
105,Chile,"Hornkohl Venegas, Marigen",Michelle Bachelet,2006-03-11,2010-03-11,Agricultura,2008-01-08,2010-03-11,793,54,0,,,1,0,0,0,0,0,0,1,0,0,0,0,0
4,Chile,"Alvarado Constenla, Luis",Patricio Aylwin,1990-03-11,1994-03-11,Bienes Nacionales,1990-03-11,1994-03-11,1461,49,0,,,0,0,0,0,0,0,1,0,0,0,0,0,0
82,Chile,"Galilea Ocón, Sergio",Eduardo Frei,1994-03-11,2000-03-11,Bienes Nacionales,1999-08-13,2000-03-11,211,51,0,,,0,0,0,0,0,0,0,1,0,0,0,0,0
99,Chile,"Heine Lorenzen, Jorge",Eduardo Frei,1994-03-11,2000-03-11,Bienes Nacionales,1999-04-13,1999-08-13,122,50,0,,,0,0,0,0,1,0,0,0,0,1,0,0,0
183,Chile,"Ravinet de La Fuente, Jaime",Ricardo Lagos,2000-03-11,2006-03-11,Bienes Nacionales,2000-12-29,2004-10-01,1372,54,0,,,0,0,0,0,1,0,0,1,0,1,1,0,0
58,Chile,"Delpiano Puelma, Adriana",Eduardo Frei,1994-03-11,2000-03-11,Bienes Nacionales,1994-03-11,1999-04-13,1859,47,0,,,1,0,0,0,0,1,0,0,0,0,0,0,0
195,Chile,"Schmidt Crnosija, Romy",Michelle Bachelet,2006-03-11,2010-03-11,Bienes Nacionales,2006-03-11,2010-01-06,1397,40,0,,,1,0,0,0,1,0,0,0,0,1,1,0,0
213,Chile,"Tschorne Berestesky, Sonia",Ricardo Lagos,2000-03-11,2006-03-11,Bienes Nacionales,2004-09-29,2006-03-11,528,49,0,,,1,0,1,0,0,0,0,1,0,0,0,0,0
229,Chile,"Weinstein Levy, Jacqueline",Michelle Bachelet,2006-03-11,2010-03-11,Bienes Nacionales,2010-01-06,2010-03-11,64,61,0,,,1,0,0,0,0,0,0,0,0,1,1,0,0
114,Chile,"Jadresic Marinovic, Alejandro",Eduardo Frei,1994-03-11,2000-03-11,Comisión Nacional de Energía,1994-03-11,1998-01-01,1392,37,0,,,0,1,0,1,0,0,0,0,0,1,1,0,0
125,Chile,"Landerretche Gacitúa, Óscar",Eduardo Frei,1994-03-11,2000-03-11,Comisión Nacional de Energía,1998-11-24,2000-03-11,473,49,0,,,0,0,0,1,0,0,0,1,0,0,0,0,0
132,Chile,"Leiva Lavalle, Jorge",Eduardo Frei,1994-03-11,2000-03-11,Comisión Nacional de Energía,1998-08-04,1998-11-24,112,59,0,,,0,0,0,1,0,0,0,0,0,0,0,0,0
188,Chile,"Rodríguez Grossi, Jorge",Ricardo Lagos,2000-03-11,2006-03-11,Comisión Nacional de Energía,2001-06-19,2006-03-11,1726,53,0,,,0,0,0,0,0,0,0,1,0,0,0,1,0
209,Chile,"Tokman Ramos, Marcelo",Michelle Bachelet,2006-03-11,2010-03-11,Comisión Nacional de Energía,2007-03-26,2010-03-11,1081,39,0,,,0,0,0,1,0,0,0,0,0,1,1,0,0
163,Chile,"Poniachik Pollak, Karen",Michelle Bachelet,2006-03-11,2010-03-11,Comisión Nacional de Energía,2006-03-11,2007-03-27,381,40,0,,,1,1,0,0,0,0,0,0,0,1,0,0,0
214,Chile,"Uriarte Rodríguez, Ana Lya",Michelle Bachelet,2006-03-11,2010-03-11,Comisión Nacional de Medio Ambiente,2007-03-26,2010-03-11,1081,44,0,,,1,0,1,0,1,1,0,0,0,0,0,0,0
8,Chile,"Ampuero Espinoza, Roberto",Sebastián Piñera,2010-03-11,2014-03-11,Consejo Nacional de la Cultura y las Artes,2013-06-09,2014-03-11,275,57,0,,,0,1,0,0,0,1,0,0,0,0,0,0,0
228,Chile,"Weinstein Cayuela, José",Ricardo Lagos,2000-03-11,2006-03-11,Consejo Nacional de la Cultura y las Artes,2003-08-06,2006-03-11,948,44,0,,,0,0,1,0,0,1,0,0,0,1,1,0,0
215,Chile,"Urrutia Fernández, Paulina",Michelle Bachelet,2006-03-11,2010-03-11,Consejo Nacional de la Cultura y las Artes,2006-03-11,2010-03-11,1461,37,0,,,1,1,0,0,0,0,0,0,0,1,0,0,0
1,Chile,"Abeliuk Manasevic, René",Patricio Aylwin,1990-03-11,1994-03-11,CORFO,1990-03-11,1994-03-11,1461,59,0,,,0,0,0,0,1,0,0,0,0,0,0,0,0
72,Chile,"Fernández Baeza, Mario",Ricardo Lagos,2000-03-11,2006-03-11,Defensa Nacional,2000-03-11,2002-01-07,667,52,0,,,0,0,0,0,1,0,0,0,0,1,0,0,0
92,Chile,"Goñi Carrasco, José",Michelle Bachelet,2006-03-11,2010-03-11,Defensa Nacional,2007-03-26,2009-03-12,717,59,0,,,0,0,0,1,0,1,1,0,0,0,0,0,0
180,Chile,"Ravinet de La Fuente, Jaime",Ricardo Lagos,2000-03-11,2006-03-11,Defensa Nacional,2004-10-01,2006-03-11,526,57,0,,,0,0,0,0,1,0,0,1,0,1,1,0,0
181,Chile,"Ravinet de La Fuente, Jaime",Sebastián Piñera,2010-03-11,2014-03-11,Defensa Nacional,2010-03-11,2011-01-14,309,63,0,,,0,1,0,0,1,0,0,1,0,0,1,1,0
190,Chile,"Rojas Saavedra, Patricio",Patricio Aylwin,1990-03-11,1994-03-11,Defensa Nacional,1990-03-11,1994-03-11,1461,57,0,,,0,0,1,0,0,1,0,0,0,1,1,0,0
211,Chile,"Troncoso Castillo, Raúl",Eduardo Frei,1994-03-11,2000-03-11,Defensa Nacional,1998-01-16,1998-08-01,197,62,0,,,0,0,1,0,1,1,0,1,0,0,0,0,0
223,Chile,"Vidal Salinas, Francisco",Michelle Bachelet,2006-03-11,2010-03-11,Defensa Nacional,2009-03-12,2010-03-11,364,55,0,,,0,0,0,0,0,0,1,1,0,1,0,0,0
21,Chile,"Bachelet Jeria, Michelle",Ricardo Lagos,2000-03-11,2006-03-11,Defensa Nacional,2002-01-07,2004-09-29,996,50,0,,,1,0,1,0,0,0,0,0,0,1,1,0,0
33,Chile,"Blanlot Soza, Vivianne",Michelle Bachelet,2006-03-11,2010-03-11,Defensa Nacional,2006-03-11,2007-03-26,380,50,0,,,1,0,0,1,0,1,0,1,0,1,1,0,0
23,Chile,"Baranda Ferran, Bruno",Sebastián Piñera,2010-03-11,2014-03-11,Desarrollo Social,2013-06-09,2014-03-11,275,49,0,,,0,0,1,0,1,0,1,0,0,1,0,1,0
74,Chile,"Ferreiro Yazigi, Alejandro",Michelle Bachelet,2006-03-11,2010-03-11,"Economía, Fomento y Reconstrucción",2006-07-14,2008-01-08,543,40,0,,,0,0,0,0,1,0,0,1,0,1,1,0,0
128,Chile,"Lavados Montes, Hugo",Michelle Bachelet,2006-03-11,2010-03-11,"Economía, Fomento y Reconstrucción",2008-01-08,2010-03-11,793,58,0,,,0,0,0,1,0,0,0,1,0,0,0,1,0
131,Chile,"Leiva Lavalle, Jorge",Eduardo Frei,1994-03-11,2000-03-11,"Economía, Fomento y Reconstrucción",1998-08-01,2000-03-11,588,59,0,,,0,0,0,1,0,0,0,0,0,0,0,0,0
186,Chile,"Rodríguez Grossi, Jorge",Ricardo Lagos,2000-03-11,2006-03-11,"Economía, Fomento y Reconstrucción",2001-06-19,2006-03-11,1726,53,0,,,0,0,0,0,0,0,0,1,0,0,0,1,0
12,Chile,"Antonijevic Hahn, Ingrid",Michelle Bachelet,2006-03-11,2010-03-11,"Economía, Fomento y Reconstrucción",2006-03-11,2006-07-14,125,53,0,,,1,0,0,1,0,1,0,1,0,0,0,1,0
56,Chile,"De Vicente Mingo, Felix",Sebastián Piñera,2010-03-11,2014-03-11,"Economía, Fomento y Turismo",2013-05-07,2014-03-11,308,50,0,,,0,1,0,0,0,0,0,0,0,0,0,0,0
134,Chile,"Longueira Montes, Pablo",Sebastián Piñera,2010-03-11,2014-03-11,"Economía, Fomento y Turismo",2011-07-18,2013-04-29,651,52,0,,,0,0,0,0,0,0,1,0,1,0,0,0,0
15,Chile,"Arrate Mac Niven, Jorge",Patricio Aylwin,1990-03-11,1994-03-11,Educación,1992-09-28,1994-03-11,529,51,0,,,0,0,0,0,1,0,1,1,0,1,1,0,0
27,Chile,"Beyer Burgos, Harald",Sebastián Piñera,2010-03-11,2014-03-11,Educación,2011-12-29,2013-04-18,476,47,0,,,0,1,0,1,0,1,0,0,0,1,1,0,0
31,Chile,"Bitar Chacra, Sergio",Ricardo Lagos,2000-03-11,2006-03-11,Educación,2003-03-03,2005-12-14,1017,62,0,,,0,0,1,0,0,1,1,0,1,1,1,0,0
147,Chile,"Molina Silva, Sergio",Eduardo Frei,1994-03-11,2000-03-11,Educación,1994-09-26,1996-09-28,733,65,0,,,0,0,1,1,0,1,0,1,0,1,1,0,0
194,Chile,"Schiefelbein Fuenzalida, Ernesto",Eduardo Frei,1994-03-11,2000-03-11,Educación,1994-03-11,1994-09-20,193,59,0,,,0,1,0,0,0,1,0,0,0,1,1,0,0
231,Chile,"Zilic Hrepic, Martín",Michelle Bachelet,2006-03-11,2010-03-11,Educación,2006-03-11,2006-07-14,125,58,0,,,0,0,0,0,0,1,1,0,0,0,0,0,0
106,Chile,"Hornkohl Venegas, Marigen",Ricardo Lagos,2000-03-11,2006-03-11,Educación,2005-12-14,2006-03-11,87,52,0,,,1,0,0,0,0,0,0,1,0,0,0,0,0
165,Chile,"Provoste Campillay, Yasna",Michelle Bachelet,2006-03-11,2010-03-11,Educación,2006-07-14,2008-04-03,629,36,0,,,1,0,0,0,0,0,0,0,0,1,0,0,0
61,Chile,"Echeverría Vial, Fernando",Sebastián Piñera,2010-03-11,2014-03-11,Energía,2011-07-18,2011-07-21,3,57,0,,,0,0,1,0,0,0,0,0,0,1,0,1,0
90,Chile,"Golborne Riveros, Laurence",Sebastián Piñera,2010-03-11,2014-03-11,Energía,2011-01-16,2011-07-18,183,49,0,,,0,1,0,0,0,0,0,0,0,0,0,1,0
179,Chile,"Rainieri Bernain, Ricardo",Sebastián Piñera,2010-03-11,2014-03-11,Energía,2010-03-11,2011-01-14,309,48,0,,,0,1,0,1,0,1,0,0,0,1,0,0,0
232,Chile,"Álvarez Zenteno, Rodrigo",Sebastián Piñera,2010-03-11,2014-03-11,Energía,2011-07-22,2012-03-27,249,44,0,,,0,0,0,0,1,0,1,0,1,0,0,0,0
25,Chile,"Bates Hidalgo, Luis",Ricardo Lagos,2000-03-11,2006-03-11,Justicia,2003-03-03,2006-03-11,1104,68,0,,,0,1,0,0,1,0,0,0,0,1,0,0,0
50,Chile,"Cumplido Cereceda, Francisco",Patricio Aylwin,1990-03-11,1994-03-11,Justicia,1990-03-11,1994-03-11,1461,59,0,,,0,0,1,0,1,1,0,0,0,1,0,0,0
94,Chile,"Gómez Urrutia, José Antonio",Ricardo Lagos,2000-03-11,2006-03-11,Justicia,2000-03-11,2003-03-03,1087,46,0,,,0,0,0,0,1,0,0,0,0,0,0,0,0
95,Chile,"Gómez Urrutia, José Antonio",Eduardo Frei,1994-03-11,2000-03-11,Justicia,1999-12-15,2000-03-11,87,45,0,,,0,0,0,0,1,0,0,0,0,0,0,0,0
203,Chile,"Solís Palma, Isidro",Michelle Bachelet,2006-03-11,2010-03-11,Justicia,2006-03-11,2007-03-27,381,51,0,,,0,0,0,0,1,1,1,1,0,1,0,0,0
170,Chile,"Pérez Goldberg, Patricia",Sebastián Piñera,2010-03-11,2014-03-11,Justicia,2012-12-17,2014-03-11,449,38,0,,,1,1,0,0,1,0,0,0,0,0,0,0,0
26,Chile,"Benítez Pereira, María Ignacia",Sebastián Piñera,2010-03-11,2014-03-11,Medio Ambiente,2010-03-11,2014-03-11,1461,57,0,,,1,0,0,0,0,0,0,0,0,0,0,0,0
135,Chile,"Maira Aguirre, Luis",Eduardo Frei,1994-03-11,2000-03-11,MIDEPLAN,1994-03-11,1996-09-28,932,53,0,,,0,0,0,0,1,0,1,0,1,1,0,0,0
148,Chile,"Molina Silva, Sergio",Patricio Aylwin,1990-03-11,1994-03-11,MIDEPLAN,1990-03-11,1994-03-11,1461,61,0,,,0,0,1,1,0,1,0,1,0,1,1,0,0
178,Chile,"Quintana Peña, Germán",Eduardo Frei,1994-03-11,2000-03-11,MIDEPLAN,1998-05-19,2000-03-11,662,38,0,,,0,0,1,0,0,0,1,0,0,1,1,0,0
98,Chile,"Hardy Raskovan , Clarisa",Michelle Bachelet,2006-03-11,2010-03-11,MIDEPLAN,2006-03-11,2008-01-08,668,60,0,,,1,0,1,0,0,1,0,1,0,1,0,0,0
166,Chile,"Provoste Campillay, Yasna",Ricardo Lagos,2000-03-11,2006-03-11,MIDEPLAN,2004-09-29,2006-03-11,528,34,0,,,1,0,0,0,0,0,0,0,0,1,0,0,0
168,Chile,"Pérez Díaz, Cecilia",Ricardo Lagos,2000-03-11,2006-03-11,MIDEPLAN,2002-01-07,2003-03-03,420,35,0,,,1,1,0,0,0,0,0,0,0,0,0,0,0
177,Chile,"Quintana Meléndez, Paula",Michelle Bachelet,2006-03-11,2010-03-11,MIDEPLAN,2008-01-08,2010-03-11,793,42,0,,,1,0,1,0,0,1,0,0,0,0,0,0,0
54,Chile,"De Solminihac Tampier, Hernán",Sebastián Piñera,2010-03-11,2014-03-11,Minería,2011-07-18,2014-03-11,967,53,0,,,0,1,0,0,0,0,0,0,0,0,0,0,0
60,Chile,"Dulanto Rencoret, Alfonso",Ricardo Lagos,2000-03-11,2006-03-11,Minería,2002-01-07,2006-03-11,1524,58,0,,,0,1,0,0,0,0,0,0,0,0,0,1,0
88,Chile,"Golborne Riveros, Laurence",Sebastián Piñera,2010-03-11,2014-03-11,Minería,2010-03-11,2011-07-18,494,48,0,,,0,1,0,0,0,0,0,0,0,0,0,1,0
96,Chile,"Hales Jamarne, Alejandro",Patricio Aylwin,1990-03-11,1994-03-11,Minería,1992-09-28,1994-03-11,529,69,0,,,0,1,0,0,1,0,0,1,0,1,0,0,0
97,Chile,"Hamilton Depassier, Juan",Patricio Aylwin,1990-03-11,1994-03-11,Minería,1990-03-11,1992-09-28,932,62,0,,,0,0,1,0,1,1,0,0,1,1,1,0,0
115,Chile,"Jiménez Moraga, Sergio",Eduardo Frei,1994-03-11,2000-03-11,Minería,1997-08-13,2000-03-11,941,64,0,,,0,0,0,0,0,0,0,1,0,1,0,1,0
187,Chile,"Rodríguez Grossi, Jorge",Ricardo Lagos,2000-03-11,2006-03-11,Minería,2001-06-19,2002-01-07,202,53,0,,,0,0,0,0,0,0,0,1,0,0,0,1,0
204,Chile,"Teplizky Lijavetzky, Benjamín",Eduardo Frei,1994-03-11,2000-03-11,Minería,1994-03-11,1997-08-03,1241,61,0,,,0,0,0,0,1,0,0,1,0,1,0,1,0
164,Chile,"Poniachik Pollak, Karen",Michelle Bachelet,2006-03-11,2010-03-11,Minería,2006-03-11,2008-01-08,668,40,0,,,1,1,0,0,0,0,0,0,0,1,0,0,0
30,Chile,"Bitar Chacra, Sergio",Michelle Bachelet,2006-03-11,2010-03-11,Obras Públicas,2008-01-11,2010-03-11,790,67,0,,,0,0,0,0,0,0,1,0,1,1,1,0,0
32,Chile,"Bitrán Colodro, Eduardo",Michelle Bachelet,2006-03-11,2010-03-11,Obras Públicas,2006-03-11,2008-01-08,668,48,0,,,0,0,0,1,0,1,0,0,0,1,1,1,0
49,Chile,"Cruz Lorenzen, Carlos",Ricardo Lagos,2000-03-11,2006-03-11,Obras Públicas,2000-03-11,2002-01-07,667,48,0,,,0,0,1,0,0,1,0,1,0,0,0,1,0
55,Chile,"De Solminihac Tampier, Hernán",Sebastián Piñera,2010-03-11,2014-03-11,Obras Públicas,2010-03-11,2011-07-18,494,52,0,,,0,1,0,0,0,0,0,0,0,0,0,0,0
66,Chile,"Estévez Valencia, Jaime",Ricardo Lagos,2000-03-11,2006-03-11,Obras Públicas,2005-01-03,2006-03-11,432,58,0,,,0,0,1,1,0,1,0,1,1,1,1,0,0
67,Chile,"Etcheberry Celhay, Javier",Ricardo Lagos,2000-03-11,2006-03-11,Obras Públicas,2002-01-07,2005-01-03,1092,54,0,,,0,0,1,0,0,1,0,1,0,0,0,1,0
89,Chile,"Golborne Riveros, Laurence",Sebastián Piñera,2010-03-11,2014-03-11,Obras Públicas,2011-07-18,2012-11-05,476,50,0,,,0,1,0,0,0,0,0,0,0,0,0,1,0
201,Chile,"Silva Rojas, María Loreto",Sebastián Piñera,2010-03-11,2014-03-11,Obras Públicas,2012-11-05,2014-03-11,491,48,0,,,1,1,0,0,1,0,0,0,0,0,0,0,0
71,Chile,"Fernández Amunátegui , Mariano",Michelle Bachelet,2006-03-11,2010-03-11,Relaciones Exteriores,2009-03-13,2010-03-11,363,63,0,,,0,0,0,0,1,0,0,0,0,1,1,0,0
80,Chile,"Foxley Rioseco, Alejandro",Michelle Bachelet,2006-03-11,2010-03-11,Relaciones Exteriores,2006-03-11,2009-03-12,1097,66,0,,,0,0,0,1,0,0,1,0,1,1,1,0,0
112,Chile,"Insulza Salinas, José Miguel",Eduardo Frei,1994-03-11,2000-03-11,Relaciones Exteriores,1994-09-20,1999-06-22,1736,51,0,,,0,0,0,0,1,0,0,0,0,0,0,0,0
19,Chile,"Artaza Barrios, Osvaldo",Ricardo Lagos,2000-03-11,2006-03-11,Salud,2002-01-07,2003-03-03,420,46,0,,,0,0,0,0,0,0,0,0,0,1,1,0,0
62,Chile,"Erazo Latorre, Álvaro",Michelle Bachelet,2006-03-11,2010-03-11,Salud,2008-11-06,2010-03-11,490,50,0,,,0,0,1,0,0,1,0,1,0,1,1,0,0
75,Chile,"Figueroa Muñoz, Álex",Eduardo Frei,1994-03-11,2000-03-11,Salud,1996-08-07,2000-03-11,1312,34,0,,,0,0,1,0,0,0,1,0,0,1,1,0,0
84,Chile,"García Aspillaga, Pedro",Ricardo Lagos,2000-03-11,2006-03-11,Salud,2003-03-03,2006-03-11,1104,42,0,,,0,0,0,0,0,0,0,1,0,0,0,0,0
139,Chile,"Massad Abud, Carlos",Eduardo Frei,1994-03-11,2000-03-11,Salud,1994-03-11,1996-08-07,880,61,0,,,0,0,1,1,0,1,0,1,0,1,1,1,0
143,Chile,"Mañalich Muxi, Jaime",Sebastián Piñera,2010-03-11,2014-03-11,Salud,2010-03-11,2014-03-11,1461,55,0,,,0,1,0,0,0,1,0,0,0,1,0,1,0
22,Chile,"Bachelet Jeria, Michelle",Ricardo Lagos,2000-03-11,2006-03-11,Salud,2000-03-11,2002-01-07,667,48,0,,,1,0,1,0,0,0,0,0,0,1,1,0,0
2,Chile,"Albornoz Pollman, Laura",Michelle Bachelet,2006-03-11,2010-03-11,SERNAM,2006-03-11,2009-10-19,1318,37,0,,,1,0,0,0,1,0,0,1,0,0,0,0,0
29,Chile,"Bilbao Mendezona, Josefina",Eduardo Frei,1994-03-11,2000-03-11,SERNAM,1994-03-11,2000-03-11,2192,61,0,,,1,1,0,0,0,1,0,0,0,0,0,0,0
57,Chile,"Delpiano Puelma, Adriana",Ricardo Lagos,2000-03-11,2006-03-11,SERNAM,2000-03-11,2003-03-03,1087,53,0,,,1,0,1,0,0,0,0,0,0,0,0,0,0
169,Chile,"Pérez Díaz, Cecilia",Ricardo Lagos,2000-03-11,2006-03-11,SERNAM,2003-03-03,2006-03-11,1104,36,0,,,1,1,0,0,0,0,0,0,0,0,0,0,0
198,Chile,"Seguel King, Loreto",Sebastián Piñera,2010-03-11,2014-03-11,SERNAM,2013-04-22,2014-03-11,323,36,0,,,1,0,0,0,0,1,0,0,0,1,1,0,0
17,Chile,"Arrate Mac Niven, Jorge",Eduardo Frei,1994-03-11,2000-03-11,Trabajo y Previsión Social,1994-03-11,1998-08-01,1604,52,0,,,0,0,0,0,1,0,1,1,0,1,1,0,0
46,Chile,"Cortázar Sanz, René",Patricio Aylwin,1990-03-11,1994-03-11,Trabajo y Previsión Social,1990-03-11,1994-03-11,1461,38,0,,,0,0,1,1,0,1,0,0,0,1,1,1,0
133,Chile,"Ljubetic Godoy, Yerko",Ricardo Lagos,2000-03-11,2006-03-11,Trabajo y Previsión Social,2005-04-22,2006-03-11,323,44,0,,,0,0,0,0,1,0,0,0,0,1,0,0,0
149,Chile,"Molina Valdivieso, Germán",Eduardo Frei,1994-03-11,2000-03-11,Trabajo y Previsión Social,1998-08-01,2000-03-11,588,55,0,,,0,0,0,0,1,0,0,0,0,1,1,0,0
202,Chile,"Solari Saavedra, Ricardo",Ricardo Lagos,2000-03-11,2006-03-11,Trabajo y Previsión Social,2000-03-11,2005-04-25,1871,45,0,,,0,0,0,1,0,1,1,0,0,1,1,0,0
144,Chile,"Merino Catalán, Camila",Sebastián Piñera,2010-03-11,2014-03-11,Trabajo y Previsión Social,2010-03-11,2011-01-14,309,42,0,,,1,1,0,0,0,0,0,0,0,1,0,1,0
199,Chile,"Serrano Madrid, Claudia",Michelle Bachelet,2006-03-11,2010-03-11,Trabajo y Previsión Social,2008-12-15,2010-03-11,451,51,0,,,1,0,1,0,0,1,0,0,0,1,1,0,0
42,Chile,"Correa Díaz, Germán",Patricio Aylwin,1990-03-11,1994-03-11,Transporte y Telecomunicaciones,1990-03-11,1992-09-28,932,50,0,,,0,0,0,0,0,0,0,0,0,0,0,0,0
45,Chile,"Cortázar Sanz, René",Michelle Bachelet,2006-03-11,2010-03-11,Transporte y Telecomunicaciones,2007-03-27,2010-03-11,1080,55,0,,,0,0,0,1,0,0,0,1,0,1,0,1,0
48,Chile,"Cruz Lorenzen, Carlos",Ricardo Lagos,2000-03-11,2006-03-11,Transporte y Telecomunicaciones,2000-03-11,2002-01-07,667,48,0,,,0,0,1,0,0,1,0,1,0,0,0,1,0
64,Chile,"Espejo Yaksic, Sergio",Michelle Bachelet,2006-03-11,2010-03-11,Transporte y Telecomunicaciones,2006-03-11,2007-03-27,381,38,0,,,0,0,0,0,1,0,0,1,0,1,1,0,0
65,Chile,"Estévez Valencia, Jaime",Ricardo Lagos,2000-03-11,2006-03-11,Transporte y Telecomunicaciones,2005-01-03,2006-03-11,432,58,0,,,0,0,1,1,0,1,0,1,1,1,1,0,0
68,Chile,"Etcheberry Celhay, Javier",Ricardo Lagos,2000-03-11,2006-03-11,Transporte y Telecomunicaciones,2002-01-07,2005-01-03,1092,54,0,,,0,0,1,0,0,1,0,1,0,0,0,1,0
104,Chile,"Hohmann Barrientos, Claudio",Eduardo Frei,1994-03-11,2000-03-11,Transporte y Telecomunicaciones,1996-09-28,2000-03-11,1260,42,0,,,0,0,1,0,0,0,0,0,0,0,0,0,0
113,Chile,"Irureta Aburto, Narciso",Eduardo Frei,1994-03-11,2000-03-11,Transporte y Telecomunicaciones,1994-03-11,1996-09-28,932,69,0,,,0,0,1,0,1,0,1,0,1,1,1,0,0
150,Chile,"Molina Valdivieso, Germán",Patricio Aylwin,1990-03-11,1994-03-11,Transporte y Telecomunicaciones,1992-09-28,1994-03-11,529,49,0,,,0,0,0,0,1,0,0,0,0,1,1,0,0
69,Chile,"Etchegaray Aubry, Alberto",Patricio Aylwin,1990-03-11,1994-03-11,Vivienda y Urbanismo,1990-03-11,1994-03-11,1461,44,0,,,0,1,0,0,0,0,0,0,0,1,0,0,0
100,Chile,"Henríquez Díaz, Sergio",Eduardo Frei,1994-03-11,2000-03-11,Vivienda y Urbanismo,1997-07-24,2000-03-11,961,42,0,,,0,1,0,0,0,0,0,1,0,0,0,1,0
101,Chile,"Hermosilla Hermosilla, Edmundo",Eduardo Frei,1994-03-11,2000-03-11,Vivienda y Urbanismo,1994-03-11,1997-07-24,1231,37,0,,,0,0,1,1,0,0,0,1,0,0,0,1,0
182,Chile,"Ravinet de La Fuente, Jaime",Ricardo Lagos,2000-03-11,2006-03-11,Vivienda y Urbanismo,2000-12-29,2004-10-01,1372,54,0,,,0,0,0,0,1,0,0,1,0,1,1,0,0
162,Chile,"Poblete Bennett, Patricia",Michelle Bachelet,2006-03-11,2010-03-11,Vivienda y Urbanismo,2006-03-11,2010-03-11,1461,59,0,,,1,0,0,1,0,0,0,0,0,0,0,0,0
212,Chile,"Tschorne Berestesky, Sonia",Ricardo Lagos,2000-03-11,2006-03-11,Vivienda y Urbanismo,2004-09-29,2006-03-11,528,49,0,,,1,0,1,0,0,0,0,1,0,0,0,0,0