id,country_year,country_name,country,country_code,year,date,inauguration,time,number,late,dep_as,dep_dm,dep_as_1tier,dep_dm_1tier,upper,dep_sp_reform,dep_elec_regime,dep_sp_form_reform,dep_elec_regime_2,dep_elecsys_id,dep_elec_acc,dep_elec_acc_2,dep_acc_flag,dep_ef,dep_thresh,dep_ballot,dep_term,dep_revocatoria,dep_elect_cycle,dep_reform,dep_acc_reform,dep_reform_const,pres_elec,pres_formula,pres_term,pres_imm_reelec,pres_revocatoria,pres_reform,pres_acc_reform ,pres_reform_const,nv_ls,ns_ls,np_ls,enpv,enps,enc,enpv_bn,enps_bn,enc_bn,totalseats,proximity,p1,p2,pres_power,const_instability,ethnic,e1,e2,pop,econ_cpi,econ_gdp,econ_gini,seatvol,parl_volatility,parl_newparties,parl_withinsv,pres_volatility,pres_newparties,pres_withinsv,v2xps_party,spell_years_dem,spell_period,spell_years_elecc,sqrtr_spellproduct,spell_av
11983,1983Arg,Argentina,ARG,1,1983,10/30/1983,1983,0,1,0,254,10.58,254,10.58,0,1,1,1,1,1,1,1,1,4,0,1,4,0,1,1,1,0,1,1,6,0,0,0,0,,,,,2.69,2.17,2.45,2.63,2.22,2.31,323,,1.00,1.00,33.94,0,,0.2549,0.255,2.90E+07,343.81,3.87512,42.2,,,,,,,,0.783,29,1900 - 1982,23,25.8,1.260869565
11985,1985Arg,Argentina,ARG,1,1985,11/03/1985,1983,2,2,0,254,5.29,254,5.29,0,0,1,0,1,1,2,2,0,4,1,1,4,0,1,0,1,0,0,1,6,0,0,0,0,,,,,2.86,2.15,2.45,3.74,2.52,2.31,300,,0.25,0.33,33.94,0,,0.2549,0.255,3.00E+07,672.18,-7.58668,42.2,4.52,21.05,10.60,10.45,,,,0.842,29,1900 - 1982,23,25.8,1.260869565
11987,1987Arg,Argentina,ARG,1,1987,09/06/1987,1983,4,3,0,254,5.29,254,5.29,0,0,1,0,1,1,3,3,0,4,1,1,4,0,1,0,1,0,0,1,6,0,0,0,0,,,,,2.77,2.09,2.45,3.18,2.51,2.31,300,,0.40,0.33,33.94,0,,0.2549,0.255,3.10E+07,131.33,2.90999,45.28,6.50,23.81,0.43,23.38,,,,0.764,29,1900 - 1982,23,25.8,1.260869565
11989,1989Arg,Argentina,ARG,1,1989,05/14/1989,1983,6,4,0,254,5.29,254,5.29,0,0,1,0,1,1,4,4,0,4,1,1,4,0,1,0,1,0,1,1,6,0,0,0,0,,,,,3.05,2.16,2.94,3.32,2.57,2.94,300,,1.00,1.00,33.94,0,,0.2549,0.255,3.20E+07,3079.81,-7.49619,46.61,11.42,17.63,1.20,16.43,24.66,2.18,22.50,0.764,29,1900 - 1982,23,25.8,1.260869565
11991,1991Arg,Argentina,ARG,1,1991,08/11/1991,1983,8,5,0,254,5.41,254,5.41,0,0,1,0,1,1,5,5,0,4,1,1,4,0,1,0,1,0,0,1,6,0,0,0,0,,,,,2.97,2.21,2.94,3.87,2.74,2.94,300,,0.19,0.33,33.94,0,,0.2549,0.255,3.30E+07,171.67,12.6697,46.61,6.29,17.59,3.61,13.98,24.66,2.18,22.50,0.692,29,1900 - 1982,23,25.8,1.260869565
11993,1993Arg,Argentina,ARG,1,1993,10/03/1993,1983,10,6,0,257,5.29,257,5.29,0,0,1,0,1,1,6,6,0,4,1,1,4,0,1,0,1,0,0,1,6,0,0,0,0,,,,,2.95,2.19,2.94,3.48,2.77,2.94,303,,0.47,0.33,33.94,0,,0.2549,0.255,3.40E+07,10.61,5.90692,44.89,9.42,10.10,3.42,6.68,24.66,2.18,22.50,0.692,29,1900 - 1982,23,25.8,1.260869565
11995,1995Arg,Argentina,ARG,1,1995,05/14/1995,1983,12,7,0,257,5.41,257,5.41,0,0,1,1,2,1,7,1,0,4,1,1,4,0,1,0,1,0,1,2,4,1,0,0,1,,,,,3.15,2.13,2.80,3.42,2.83,2.74,329,,1.00,1.00,69.39,0,,0.2549,0.255,3.50E+07,3.38,-2.84521,48.91,11.28,20.37,0.76,19.61,32.42,31.18,0.60,0.692,29,1900 - 1982,23,25.8,1.260869565
11997,1997Arg,Argentina,ARG,1,1997,10/26/1997,1983,14,8,0,257,5.29,257,5.29,0,0,1,0,2,1,8,2,0,4,1,1,4,0,1,0,1,0,0,2,4,1,0,0,1,,,,,2.76,2.15,2.80,2.82,2.45,2.74,329,,0.09,0.00,69.39,0,,0.2549,0.255,3.60E+07,0.53,8.11105,49.11,14.13,32.42,5.60,26.82,32.42,31.18,0.60,0.685,29,1900 - 1982,23,25.8,1.260869565
11999,1999Arg,Argentina,ARG,1,1999,10/24/1999,1983,16,9,0,257,5.41,257,5.41,0,0,1,0,2,1,9,3,0,4,1,1,4,0,1,0,1,0,1,2,4,1,0,0,1,,,,,2.82,2.25,2.55,2.72,2.36,2.56,329,,1.00,1.00,69.39,0,,0.2549,0.255,3.70E+07,-1.17,-3.38546,49.81,11.40,9.57,1.97,7.60,44.11,10.90,33.30,0.685,29,1900 - 1982,23,25.8,1.260869565
12001,2001Arg,Argentina,ARG,1,2001,10/14/2001,1983,18,10,1,257,5.29,257,5.29,0,0,1,0,2,1,10,4,0,4,1,1,4,0,1,0,1,0,0,2,4,1,0,0,1,,,,,4.01,2.11,2.55,4.68,2.8,2.56,329,,0.14,0.00,69.39,0,,0.2549,0.255,3.70E+07,-1.07,-4.40884,53.36,16.36,40.08,10.24,29.84,44.11,10.90,33.30,0.655,29,1900 - 1982,23,25.8,1.260869565
12003,2003Arg,Argentina,ARG,1,2003,10/14/2003,1983,20,11,1,257,5.41,257,5.41,0,0,1,0,2,1,11,5,0,4,1,1,4,0,1,0,1,0,1,2,4,1,0,0,1,,,,,4.14,3.45,6.66,5.16,3.17,5.70,329,,1.00,1.00,69.39,0,,0.2549,0.255,3.80E+07,13.44,8.83704,54.72,24.74,18.63,10.00,8.63,73.07,69.90,3.20,0.655,29,1900 - 1982,23,25.8,1.260869565
12005,2005Arg,Argentina,ARG,1,2005,10/23/2005,1983,22,12,1,257,5.29,257,5.29,0,0,1,0,2,1,12,6,0,4,1,1,4,0,1,0,1,0,0,2,4,1,0,0,1,,,,,4.14,3.43,6.66,5.22,4.21,5.70,329,,0.11,0.00,69.39,0,,0.2549,0.255,3.90E+07,9.64,9.17895,49.28,27.36,19.30,8.66,10.64,73.07,69.90,3.20,0.628,29,1900 - 1982,23,25.8,1.260869565
12007,2007Arg,Argentina,ARG,1,2007,10/28/2007,1983,24,13,1,257,5.41,257,5.41,0,0,1,0,2,1,13,7,0,4,1,1,4,0,1,0,1,0,1,2,4,1,0,0,1,,,,,4.45,4.19,3.45,3.48,2.5,3.45,329,,1.00,1.00,69.39,0,,0.2549,0.255,3.90E+07,8.83,8.65,47.37,24.71,20.87,3.08,17.80,50.22,0.30,49.90,0.637,29,1900 - 1982,23,25.8,1.260869565
12009,2009Arg,Argentina,ARG,1,2009,06/28/2009,1983,26,14,1,257,5.29,257,5.29,0,0,1,0,2,1,14,8,0,4,1,1,4,0,1,0,1,0,0,2,4,1,0,0,1,,,,,4.74,3.65,3.45,4.92,3.33,3.45,329,,0.17,0.00,69.39,0,,0.2549,0.255,4.00E+07,6.27,0.85,46.13,30.52,49.16,6.30,42.86,50.22,0.30,49.90,0.638,29,1900 - 1982,23,25.8,1.260869565
12011,2011Arg,Argentina,ARG,1,2011,10/23/2011,1983,28,15,1,257,5.41,257,5.41,0,0,1,0,2,1,15,9,0,4,1,1,4,0,1,0,1,0,1,2,4,1,0,0,1,,,,,4.53,4.31,3.65,3.11,3.09,2.91,329,,1.00,1.00,69.39,0,,0.2549,0.255,4.10E+07,9.78,8.87,44.49,31.37,43.10,0.00,43.10,34.10,0.00,34.10,0.657,29,1900 - 1982,23,25.8,1.260869565
12013,2013Arg,Argentina,ARG,1,2013,10/27/2013,1983,30,16,1,257,5.29,257,5.29,0,0,1,0,2,1,16,10,0,4,1,1,4,0,1,0,1,0,0,2,4,1,0,0,1,,,,,4.53,4.31,3.65,4.74,2.98,2.91,329,,0.00,0.00,69.39,0,,0.2549,0.255,,,,,,43.67,2.36,41.31,34.10,0.00,34.10,0.659,29,1900 - 1982,23,25.8,1.260869565
12015,2015Arg,Argentina,ARG,1,2015,10/25/2015,1983,32,17,1,257,5.41,257,5.41,0,0,1,0,2,1,17,11,0,4,1,1,4,0,1,0,1,0,1,2,4,1,0,0,1,,,,,7.52,7.50,3.31,3.37,3.13,3.32,329,,1.00,1.00,69.39,0,,0.2549,0.255,,,,,,24.90,1.54,23.36,56.46,21.39,35.70,0.691,29,1900 - 1982,23,25.8,1.260869565
12017,2017Arg,Argentina,ARG,1,2017,10/22/2017,1983,34,18,1,257,5.29,257,5.29,0,0,1,0,2,1,18,12,0,4,1,1,4,0,1,0,1,0,0,2,4,1,0,0,1,,,,,,,,3.8,3.43,3.32,,,0.00,0.00,69.39,0,,0.2549,0.255,,,,,,22.48,0.79,21.70,,,,0.695,29,1900 - 1982,23,25.8,1.260869565
12019,2019Arg,Argentina,ARG,1,2019,10/27/2019,1983,36,19,1,257,5.42,257,5.42,0,0,1,0,2,1,19,13,0,4,1,1,4,0,1,0,1,0,1,2,4,1,0,0,1,,,,,,,,2.72,2.19,2.50,,,1.00,1.00,69.39,0,,0.2549,0.255,,,,,,,,,,,,0.716,29,1900 - 1982,23,25.8,1.260869565
12021,2021Arg,Argentina,ARG,1,2021,11/14/2021,1983,38,20,1,257,5.29,257,5.29,0,0,1,0,2,1,20,14,0,4,1,1,4,0,1,0,1,0,0,2,4,1,0,0,1,,,,,,,,3.19,,2.50,,,0.00,0.00,60.39,0,,0.2549,0.255,,,,,,,,,,,,0.677,29,1900 - 1982,23,25.8,1.260869565
21979,1979Bol,Bolivia,BOL,2,1979,07/01/1979,1979,0,1,0,102,11.33,102,11.33,0,0,1,0,1,2,1,1,1,8,0,1,5,0,2,0,0,0,1,3,4,0,0,0,0,,,,,3.51,3.29,3.50,3.51,3.29,3.50,129,,1.00,1.00,45.05,0,,0.7434,0.7396,,,,,,,,,,,,0.197,0,1900 - 1978,3,0.0,0
21980,1980Bol,Bolivia,BOL,2,1980,06/29/1980,1979,1,2,0,130,14.44,130,14.44,0,1,2,1,2,3,1,1,1,8,0,1,5,0,2,1,1,0,1,3,4,0,0,0,0,,,,,4.35,4.13,4.40,4.66,4.13,4.35,157,,1.00,1.00,45.05,0,,0.7434,0.7396,5.40E+06,47.24,-1.37177,42.04,,,,,,,,0.197,0,1900 - 1978,3,0.0,0
21985,1985Bol,Bolivia,BOL,2,1985,07/17/1985,1979,6,3,0,130,14.44,130,14.44,0,0,2,0,2,3,2,2,0,8,0,1,5,0,2,0,1,0,1,3,4,0,0,0,0,,,,,4.58,4.31,4.53,4.58,4.31,4.58,157,,1.00,1.00,45.05,0,,0.7434,0.7396,6.00E+06,11749.6,-1.67639,42.04,25.39,56.57,11.11,45.46,,,,0.575,0,1900 - 1978,3,0.0,0
21989,1989Bol,Bolivia,BOL,2,1989,05/07/1989,1979,10,4,0,130,14.44,130,14.44,0,0,2,1,3,3,3,1,0,5,0,1,5,0,2,0,2,0,1,3,4,0,0,0,0,,,,,5.00,3.92,5.00,5.05,3.92,5.01,157,,1.00,1.00,45.05,0,,0.7434,0.7396,6.60E+06,15.17,3.79013,42.04,22.31,31.46,13.41,18.05,33.67,13.50,20.17,0.586,0,1900 - 1978,3,0.0,0
21993,1993Bol,Bolivia,BOL,2,1993,06/08/1993,1979,14,5,0,130,14.44,130,14.44,0,0,2,1,4,3,4,1,1,8,0,1,5,0,2,0,3,0,1,3,4,0,0,0,0,,,,,4.67,3.71,4.70,4.67,3.71,4.67,157,,1.00,1.00,45.05,0,,0.7434,0.7396,7.30E+06,8.53,4.2693,53.55,30.00,34.96,17.48,17.48,39.82,19.11,20.71,0.578,0,1900 - 1978,3,0.0,0
21997,1997Bol,Bolivia,BOL,2,1997,06/01/1997,1979,18,6,1,130,3.94,68,1.00,0.48,1,3,1,5,4,1,1,1,4,1,3,5,0,2,0,5,0,1,3,5,0,0,0,1,,,,,5.92,5.50,5.90,6.16,5.36,5.92,157,,1.00,1.00,45.05,0,,0.7434,0.7396,8.00E+06,4.71,4.95421,58.26,22.32,27.79,0.00,27.79,27.82,1.40,26.04,0.592,0,1900 - 1978,3,0.0,0
22002,2002Bol,Bolivia,BOL,2,2002,06/30/2002,1979,23,7,1,130,3.94,68,1.00,0.48,0,3,0,5,4,2,2,0,4,1,3,5,0,2,0,5,0,1,3,5,0,0,0,1,,,,,5.77,4.96,5.77,6.2,4.96,5.77,157,,1.00,1.00,45.05,1,,0.7434,0.7396,8.80E+06,0.93,2.48557,59.94,50.77,39.67,26.61,13.06,56.21,30.38,25.83,0.695,0,1900 - 1978,3,0.0,0
22005,2005Bol,Bolivia,BOL,2,2005,12/04/2005,1979,26,8,1,130,3.94,68,1.00,0.48,0,3,0,5,4,3,3,0,4,1,3,5,0,2,0,5,0,1,3,5,0,0,0,1,,,,,2.62,2.36,2.60,2.95,2.36,2.60,157,,1.00,1.00,45.05,1,,0.7434,0.7396,9.40E+06,5.39,4.42143,57.79,55.51,65.14,11.62,53.52,66.36,8.36,58.00,0.759,0,1900 - 1978,3,0.0,0
22009,2009Bol,Bolivia,BOL,2,2009,12/06/2009,1979,30,9,1,130,3.44,77,1.00,0.41,0,3,1,5,4,4,1,0,4,1,3,5,0,2,1,6,1,1,3,5,0,0,1,2,1,,,,2.06,1.85,2.06,2.23,1.81,2.06,157,,1.00,1.00,45.05,2,,0.7434,0.7396,1.00E+07,3.35,3.357,56.29,61.97,37.90,3.07,34.83,39.93,3.66,36.27,0.771,0,1900 - 1978,3,0.0,0
22014,2014Bol,Bolivia,BOL,2,2014,10/12/2014,1979,35,10,1,130,3.83,70,1.00,0.46,0,3,0,5,4,5,2,0,4,1,3,5,1,2,0,6,0,1,2,5,1,1,0,2,,,,,2.26,1.91,2.25,2.48,1.91,2.26,166,,1.00,1.00,55.14,0,,0.7434,0.7396,,,,,,36.93,3.27,33.66,32.98,2.65,30.30,0.686,0,1900 - 1978,3,0.0,0
22020,2020Bol,Bolivia,BOL,2,2020,10/18/2020,1979,41,11,1,130,3.83,70,1.00,0.46,0,3,0,5,4,6,3,0,4,1,3,,1,2,0,6,0,1,2,5,1,1,0,2,,,,,,,,2.57,2.31,2.47,,,1,1,55.14,,,0.7434,0.7396,,,,,,,,,,,,0.704,0,1900 - 1978,3,0.0,0
31986,1986Bra,Brazil,BRA,3,1986,11/15/1986,1986,0,1,0,487,18.73,487,18.73,0,0,1,0,1,5,1,1,1,4,1,6,4,0,0,0,1,0,0,1,5,0,0,0,1,,3.594,2.83,,3.55,2.83,1.66,3.56,2.83,1.66,559,,0.28,0.66,100,0,,0.5495,0.5408,1.40E+08,147.14,7.9883,58.46,12.70,,,,,,,0.592,19,1900 - 1985,6,10.7,3.166666667
31990,1990Bra,Brazil,BRA,3,1990,10/03/1990,1986,4,2,0,503,18.63,503,18.63,0,0,1,1,1,5,2,1,0,4,1,6,4,0,0,0,1,0,0,3,5,0,0,0,2,,9.79,8.69,5.69,9.79,8.69,5.69,9.8,8.69,5.69,584,,0.63,1.00,84.22,0,,0.5495,0.5408,1.50E+08,2947.73,-4.3,61.04,30.34,35.62,11.23,24.39,,,,0.636,19,1900 - 1985,6,10.7,3.166666667
31994,1994Bra,Brazil,BRA,3,1994,10/03/1994,1986,8,3,0,513,19.00,513,19.00,0,0,1,0,2,5,3,2,0,4,1,6,4,0,0,1,2,1,1,3,5,0,0,1,3,1,8.53,8.16,2.653,8.53,8.16,2.65,8.52,8.16,2.65,594,,1.00,1.00,84.22,1,,0.5495,0.5408,1.60E+08,2075.89,5.33436,60.8,15.18,18.57,0.90,17.67,60.68,0.00,60.68,0.666,19,1900 - 1985,6,10.7,3.166666667
31998,1998Bra,Brazil,BRA,3,1998,10/04/1998,1986,12,4,0,513,19.00,513,19.00,0,0,1,1,3,5,4,1,0,4,1,6,4,0,2,0,2,0,1,3,4,0,0,1,4,1,8.14,7.11,2.53,8.04,7.13,2.53,8.14,7.13,2.53,594,,1.00,1.00,84.22,1,,0.5495,0.5408,1.70E+08,3.2,0.035512,60.35,13.64,15.26,0.72,14.54,17.57,0.70,16.87,0.7,19,1900 - 1985,6,10.7,3.166666667
32002,2002Bra,Brazil,BRA,3,2002,10/06/2002,1986,16,5,1,513,19.00,513,19.00,0,0,1,0,3,5,5,2,0,4,1,6,4,0,2,0,2,0,1,3,4,1,0,0,4,,9.35,8.47,3.1687,9.27,8.49,3.17,9.29,8.47,3.17,594,,1.00,1.00,81.1,1,,0.5495,0.5408,1.80E+08,8.45,2.65597,59.42,14.92,14.91,0.00,14.91,33.83,0.01,33.82,0.719,19,1900 - 1985,6,10.7,3.166666667
32006,2006Bra,Brazil,BRA,3,2006,10/01/2006,1986,20,6,1,513,19.00,513,19.00,0,0,1,0,3,5,6,3,0,4,1,6,4,0,2,0,2,0,1,3,4,1,0,0,4,,10.64,9.32,2.4092,10.63,9.29,2.53,10.62,9.32,2.41,594,,1.00,1.00,81.1,1,,0.5495,0.5408,1.90E+08,4.18,3.95542,56.77,11.01,10.30,1.40,8.90,30.40,6.98,23.42,0.719,19,1900 - 1985,6,10.7,3.166666667
32010,2010Bra,Brazil,BRA,3,2010,10/03/2010,1986,24,7,1,513,19.00,513,19.00,0,0,1,0,3,5,7,4,0,4,1,6,4,0,2,0,2,0,1,3,4,1,0,0,4,,11.26,10.44,2.7485,11.21,10.36,2.75,11.21,10.36,2.75,594,,1.00,1.00,81.1,1,,0.5495,0.5408,2.00E+08,5.04,7.53362,54.69,11.50,11.13,0.00,11.13,19.54,0.00,19.54,0.716,19,1900 - 1985,6,10.7,3.166666667
32014,2014Bra,Brazil,BRA,3,2014,10/05/2014,1986,28,8,1,513,19.00,513,19.00,0,0,1,0,3,5,8,5,0,4,1,6,4,0,2,0,2,0,1,3,4,1,0,0,4,,14.11,13.361,3.019073,14.06,13.22,3.02,14.1,13.27,3.02,594,,1.00,1.00,81.1,1,,0.5495,0.5408,,,,,,16.85,11.91,4.94,24.08,0.00,24.08,0.724,19,1900 - 1985,6,10.7,3.166666667
32018,2018Bra,Brazil,BRA,3,2018,10/07/2018,1986,32,9,1,513,19.00,513,19.00,0,0,1,0,3,5,9,6,0,4,1,6,4,0,2,0,2,0,1,3,4,1,0,0,4,,,,,,,,18.01,16.46,3.16,,,1,1,81.1,,,0.5495,0.5408,,,,,,23.55,3.66,19.89,65.30,3.50,61.80,0.745,19,1900 - 1985,6,10.7,3.166666667
41989,1989Chi,Chile,CHI,4,1989,12/14/1989,1989,0,1,0,120,2.00,120,2.00,0,1,1,1,1,6,1,1,1,1,0,6,4,0,2,1,1,1,1,3,8,0,0,1,2,1,2.59,2.04,,2.59,2.04,2.41,2.59,2.04,2.41,158,,1.00,1.00,74.68,1,,0.497,0.1861,1.30E+07,17.03,10.5603,55.25,,,,,,,,0.946,55,1900 - 1988,12,25.7,4.583333333
41993,1993Chi,Chile,CHI,4,1993,12/11/1993,1989,4,2,0,120,2.00,120,2.00,0,0,1,0,1,6,2,2,0,1,0,6,4,0,0,0,1,0,1,3,4,0,0,0,2,,2.239,1.946,,2.239,1.946,2.46,2.239,1.946,2.47,158,,1.00,1.00,74.68,0,,0.497,0.1861,1.40E+07,12.73,6.98629,55.25,4.17,25.36,3.24,22.12,20.38,11.68,8.70,0.946,55,1900 - 1988,12,25.7,4.583333333
41997,1997Chi,Chile,CHI,4,1997,12/11/1997,1989,8,3,0,120,2.00,120,2.00,0,0,1,0,1,6,3,3,0,1,0,6,4,0,0,0,1,0,0,3,4,0,0,1,3,1,2.541,2.064,,2.541,2.064,2.46,2.541,2.064,2.47,158,,0.33,0.33,74.68,1,,0.497,0.1861,1.50E+07,6.14,6.60558,55.05,1.67,9.35,0.15,9.20,20.38,11.68,8.70,0.946,55,1900 - 1988,12,25.7,4.583333333
42001,2001Chi,Chile,CHI,4,2001,12/16/2001,1989,12,4,0,120,2.00,120,2.00,0,0,1,0,1,6,4,4,0,1,0,6,4,0,0,0,1,0,0,3,6,0,0,0,3,,2.335,2.03,,2.335,2.03,2.46,2.335,2.03,2.19,158,,0.33,0.33,74.68,1,,0.497,0.1861,1.60E+07,3.57,3.34818,55.26,10.00,14.66,0.00,14.66,23.89,0.44,23.50,0.946,55,1900 - 1988,12,25.7,4.583333333
42005,2005Chi,Chile,CHI,4,2005,12/11/2005,1989,16,5,1,120,2.00,120,2.00,0,0,1,1,2,6,5,1,0,1,0,6,4,0,0,1,2,1,1,3,6,0,0,1,4,1,2.361,2.016,,2.361,2.016,3.03,2.361,2.016,3.01,158,,1.00,1.00,74.68,1,,0.497,0.1861,1.60E+07,3.05,5.55945,55.26,3.75,6.98,0.71,6.27,30.30,0.00,30.30,0.946,55,1900 - 1988,12,25.7,4.583333333
42009,2009Chi,Chile,CHI,4,2009,12/13/2009,1989,20,6,1,120,2.00,120,2.00,0,0,1,0,2,6,6,2,0,1,0,6,4,0,2,0,2,0,1,3,4,0,0,0,4,,2.559,2.174,,2.559,2.174,3.07,2.559,2.174,3.06,158,,1.00,1.00,74.68,1,,0.497,0.1861,1.70E+07,1.68,-1.03643,51.84,5.41,16.16,0.73,15.43,39.59,20.14,19.50,0.94,55,1900 - 1988,12,25.7,4.583333333
42013,2013Chi,Chile,CHI,4,2013,11/17/2013,1989,24,7,1,120,2.00,120,2.00,0,0,1,0,2,6,7,3,1,1,0,6,4,0,2,0,2,0,1,3,4,0,0,0,4,,2.75,2.09,,2.75,2.09,3.28,2.75,2.09,3.29,158,,1.00,1.00,74.68,1,,0.497,0.1861,,,,,,17.83,4.90,12.93,34.38,12.11,22.30,0.936,55,1900 - 1988,12,25.7,4.583333333
42017,2017Chi,Chile,CHI,4,2017,11/19/2017,1989,28,8,1,155,5.53,155,5.53,0,1,2,1,3,7,1,1,1,4,0,6,4,0,2,1,3,1,1,3,4,0,0,0,4,,,,,,,,6.1,4.13,4.17,,,1,1,74.68,,,0.497,0.1861,,,,,,24.22,16.71,7.51,46.55,29.07,15.50,0.947,55,1900 - 1988,12,25.7,4.583333333
42021,2021Chi,Chile,CHI,4,2017,11/21/2021,1989,32,9,1,155,5.53,155,5.53,0,0,2,0,3,7,2,2,0,4,0,6,4,0,2,0,3,0,1,3,4,0,0,0,4,,,,,,,,6.104,,5.08,,,1,1,74.68,,,0.497,0.1861,,,,,,,,,,,,0.928,55,1900 - 1988,12,25.7,4.583333333
51970,1970Col,Colombia,COL,5,1970,04/16/1970,1958,12,1,0,210,8.75,210,8.75,0,0,1,0,1,8,1,1,1,8,0,5,4,0,0,0,0,0,1,1,4,0,0,0,0,,,,,2.00,2.00,2.94,2.00,2.00,2.95,,,1,1,94.59,,,0.656,0.6014,,,,,,,,,,,,0.545,23,1900 - 1969,21,22.0,1.095238095
51974,1974Col,Colombia,COL,5,1974,04/21/1974,1958,16,2,0,199,7.65,199,7.65,0,0,1,0,1,8,2,2,0,8,0,5,4,0,0,0,0,0,1,1,4,0,0,0,0,,,,,2.42,2.28,2.35,2.37,2.28,2.35,,,1,1,94.59,,,0.656,0.6014,,,,,,,,,,,,0.513,23,1900 - 1969,21,22.0,1.095238095
51978,1978Col,Colombia,COL,5,1978,02/26/1978,1958,20,3,0,199,7.65,199,7.65,0,0,1,1,2,8,3,1,0,8,0,5,4,0,2,1,1,1,1,1,4,0,0,0,0,,,,,2.17,1.98,2.16,2.17,2.06,2.16,311,,0.84,1.00,94.59,0,,0.656,0.6014,,,,,8.79,9.70,1.20,8.50,17.12,1.40,15.72,0.453,23,1900 - 1969,21,22.0,1.095238095
51982,1982Col,Colombia,COL,5,1982,03/14/1982,1958,24,4,0,199,7.65,199,7.65,0,0,1,0,2,8,4,2,0,8,0,5,4,0,0,0,1,0,1,1,4,0,0,0,0,,,,,2.08,1.98,2.50,2.08,1.98,2.51,313,,0.96,1.00,94.59,0,,0.656,0.6014,2.80E+07,24.56,0.94848,59.13,2.51,3.13,1.06,2.07,12.35,12.10,0.25,0.448,23,1900 - 1969,21,22.0,1.095238095
51986,1986Col,Colombia,COL,5,1986,03/09/1986,1958,28,5,0,199,7.65,199,7.65,0,0,1,0,2,8,5,3,0,8,0,5,4,0,0,0,1,0,1,1,4,0,0,0,0,,,,,2.66,2.45,2.10,2.66,2.45,2.10,313,,0.92,1.00,94.59,1,,0.656,0.6014,3.10E+07,18.87,5.83829,59.13,3.77,13.21,0.00,13.21,23.10,0.60,22.50,0.436,23,1900 - 1969,21,22.0,1.095238095
51990,1990Col,Colombia,COL,5,1990,03/11/1990,1958,32,6,0,199,7.65,199,7.65,0,0,1,0,2,8,6,4,1,8,0,5,4,0,0,0,1,0,1,1,4,0,0,0,0,,,,,2.20,2.17,3.04,2.21,2.18,3.04,313,,0.92,,94.59,0,,0.656,0.6014,3.30E+07,29.15,6.04204,53.59,7.04,17.52,1.95,15.57,38.00,37.60,0.40,0.322,23,1900 - 1969,21,22.0,1.095238095
51991,1991Col,Colombia,COL,5,1991,27/10/1991,1958,33,7,0,161,4.88,161,4.88,0,1,2,1,3,9,1,1,1,8,0,5,4,0,0,1,2,1,0,1,4,0,0,1,1,1,3.33,3,3.04,3.33,3,3.04,3.32,3,3.04,275,,0.28,0.50,94.59,2,,0.656,0.6014,3.40E+07,30.37,2.27723,51.32,52.98,27.01,23.10,3.91,38.00,37.60,0.40,0.296,23,1900 - 1969,21,22.0,1.095238095
51994,1994Col,Colombia,COL,5,1994,03/13/1994,1958,36,8,1,162,4.91,162,4.91,0,0,2,0,3,9,2,2,0,8,0,5,4,0,0,0,2,0,1,3,4,0,0,0,1,,3.191,2.826,3.120612,3.191,2.826,2.41,3.14,2.78,2.41,264,,0.92,1.00,91.63,0,,0.656,0.6014,3.60E+07,22.85,5.83581,51.32,19.44,23.11,4.63,18.48,36.73,3.10,33.63,0.282,23,1900 - 1969,21,22.0,1.095238095
51998,1998Col,Colombia,COL,5,1998,03/08/1998,1958,40,9,1,161,4.88,161,4.88,0,0,2,0,3,9,3,3,0,8,0,5,4,0,0,0,2,0,1,3,4,0,0,0,1,,3.9,3.18,2.41,3.9,3.18,3.29,3.6,3.1,3.22,263,,0.92,1.00,91.63,0,,0.656,0.6014,3.90E+07,18.68,0.569784,56.94,11.28,26.91,7.90,19.01,29.38,29.38,0.00,0.245,23,1900 - 1969,21,22.0,1.095238095
52002,2002Col,Colombia,COL,5,2002,03/10/2002,1958,44,10,1,161,4.88,161,4.88,0,0,2,0,3,9,4,4,0,8,0,5,4,0,0,0,2,0,1,3,4,0,0,0,1,,9.748,7.756,3.28995,9.748,7.756,2.47,9.748,7.756,2.47,263,,0.92,1.00,91.63,1,,0.656,0.6014,4.10E+07,6.35,2.50398,60.68,27.94,47.75,26.86,20.89,60.52,59.82,0.70,0.243,23,1900 - 1969,21,22.0,1.095238095
52006,2006Col,Colombia,COL,5,2006,03/12/2006,1958,48,11,1,166,5.03,166,5.03,0,0,2,1,4,9,5,1,0,4,1,6,4,0,0,0,3,0,1,3,4,1,0,0,2,,8.77,7.19,2.57,8.77,7.19,2.23,8.66,7.19,2.22,268,,0.92,1.00,91.63,0,,0.656,0.6014,4.40E+07,4.3,6.69752,58.66,44.87,50.23,23.50,26.73,27.03,1.85,25.20,0.545,23,1900 - 1969,21,22.0,1.095238095
52010,2010Col,Colombia,COL,5,2010,03/14/2010,1958,52,12,1,164,4.97,164,4.97,0,0,2,0,4,9,6,2,0,4,1,6,4,0,0,0,3,0,1,3,4,1,0,0,2,,5.97,4.95,2.23,5.97,4.95,3.47,5.96,4.95,3.48,267,,0.92,1.00,91.63,0,,0.656,0.6014,4.60E+07,2.28,3.9718,55.91,27.39,23.10,0.00,23.10,38.30,31.90,6.40,0.563,23,1900 - 1969,21,22.0,1.095238095
52014,2014Col,Colombia,COL,5,2014,03/09/2014,1958,56,13,1,166,5.03,166,5.03,0,0,2,0,4,9,7,3,0,4,1,6,4,0,0,0,3,0,1,3,4,1,0,0,2,,7.05,6.34,4.2937,7.05,6.34,4.85,7.36,5.91,4.86,268,,0.92,1.00,91.63,0,,0.656,0.6014,,,,,,20.81,13.13,7.68,48.56,31.10,17.46,0.574,23,1900 - 1969,21,22.0,1.095238095
52018,2018Col,Colombia,COL,5,2018,03/11/2018,1958,60,14,1,167,5.06,167,5.06,0,0,2,0,4,9,8,4,0,4,1,6,4,0,0,0,3,9,1,3,4,1,0,0,2,,,,,,,,8.45,6.31,3.45,,,0.92,,91.63,,,0.656,0.6014,,,,,,19.50,5.33,14.17,68.88,8.13,60.75,0.533,23,1900 - 1969,21,22.0,1.095238095
61949,1949Cos,Costa Rica,COS,6,1949,10/02/1949,1949,0,1,0,45,6.43,45,6.43,0,0,1,0,1,10,1,1,1,5,1,1,4,0,2,0,0,0,1,2,4,0,0,0,0,,,,,1.96,1.23,,1.96,1.23,2.83,,,1,,27.98,,,0.2376,0.2368,,,,,,,,,,,,0.452,0,1900 - 1948,17,0.0,0
61953,1953Cos,Costa Rica,COS,6,1953,07/26/1953,1949,4,2,0,45,6.43,45,6.43,0,0,1,0,1,10,2,2,0,5,1,1,4,0,2,0,0,0,1,2,4,0,0,0,0,,2.11,1.97,1.84,2.11,1.97,1.84,2.11,1.97,1.84,,,1,,27.98,,,0.2376,0.2368,,,,,,,,,,,,0.52,0,1900 - 1948,17,0.0,0
61958,1958Cos,Costa Rica,COS,6,1958,02/02/1958,1949,9,3,0,45,6.43,45,6.43,0,0,1,0,1,10,3,3,1,5,1,1,4,0,2,0,0,0,1,2,4,0,0,0,0,,3.57,3.22,2.48,3.57,3.22,2.48,3.57,3.22,2.48,,,1,,27.98,,,0.2376,0.2368,,,,,,,,,,,,0.538,0,1900 - 1948,17,0.0,0
61962,1962Cos,Costa Rica,COS,6,1962,02/04/1962,1949,13,4,0,57,8.14,57,8.14,0,1,2,1,2,11,1,1,1,5,1,1,4,0,2,1,1,0,1,2,4,0,0,0,0,,2.71,2.61,2.52,2.71,2.61,2.52,2.71,2.61,2.52,,,1,,27.98,,,0.2376,0.2368,,,,,,,,,,,,0.515,0,1900 - 1948,17,0.0,0
61966,1966Cos,Costa Rica,COS,6,1966,02/06/1966,1949,17,5,0,57,8.14,57,8.14,0,0,2,0,2,11,2,2,0,5,1,1,4,0,2,0,1,0,1,2,4,0,0,0,0,,2.33,2.14,2,2.33,2.14,2,2.33,2.14,2,,,1,,27.98,,,0.2376,0.2368,,,,,,,,,,,,0.515,0,1900 - 1948,17,0.0,0
61970,1970Cos,Costa Rica,COS,6,1970,02/01/1970,1949,21,6,0,57,8.14,57,8.14,0,0,2,0,2,11,3,3,0,5,1,1,4,0,2,0,1,0,1,2,4,0,0,0,0,,2.56,2.15,2.13,2.56,2.15,2.13,2.56,2.15,2.13,,,1,,27.98,,,0.2376,0.2368,,,,,,,,,,,,0.498,0,1900 - 1948,17,0.0,0
61974,1974Cos,Costa Rica,COS,6,1974,02/03/1974,1949,25,7,0,57,8.14,57,8.14,0,0,2,0,2,11,4,4,0,5,1,1,4,0,2,0,1,0,1,2,4,0,0,0,0,,4.01,3.13,3.3,4.01,3.13,3.3,4.01,3.13,3.3,,,1,,27.98,,,0.2376,0.2368,,,,,,,,,,,,0.498,0,1900 - 1948,17,0.0,0
61978,1978Cos,Costa Rica,COS,6,1978,02/05/1978,1949,29,8,0,57,8.14,57,8.14,0,0,2,0,2,11,5,5,0,5,1,1,4,0,2,0,1,0,1,2,4,0,0,0,0,,2.88,2.38,2.23,2.88,2.38,2.23,2.88,2.38,2.23,57,,1.00,1.00,27.98,0,,0.2376,0.2368,,,,,26.31,47.70,3.90,43.80,55.51,0.22,55.30,0.498,0,1900 - 1948,17,0.0,0
61982,1982Cos,Costa Rica,COS,6,1982,02/07/1982,1949,33,9,0,57,8.14,57,8.14,0,0,2,0,2,11,6,6,0,5,1,1,4,0,2,0,1,0,1,2,4,0,0,0,0,,2.53,2.27,2.17,2.53,2.27,2.16,2.53,2.27,2.17,57,,1.00,1.00,27.98,1,,0.2376,0.2368,2.50E+06,90.12,-7.28557,47.49,17.54,23.70,6.24,17.46,19.39,3.80,15.59,0.546,0,1900 - 1948,17,0.0,0
61986,1986Cos,Costa Rica,COS,6,1986,02/02/1986,1949,37,10,1,57,8.14,57,8.14,0,0,2,0,2,11,7,7,0,5,1,1,4,0,2,0,1,0,1,2,4,0,0,0,0,,2.49,2.21,2.07,2.48,2.21,2.05,2.48,2.21,2.05,57,,1.00,1.00,27.98,0,,0.2376,0.2368,2.80E+06,11.84,5.78495,34.42,14.03,18.54,2.39,16.15,13.20,0.50,12.70,0.546,0,1900 - 1948,17,0.0,0
61990,1990Cos,Costa Rica,COS,6,1990,02/04/1990,1949,41,11,1,57,8.14,57,8.14,0,0,2,0,2,11,8,8,0,5,1,1,4,0,2,0,1,0,1,2,4,0,0,0,0,,2.56,2.21,2.05,2.55,2.21,2.05,2.48,2.21,2.05,57,,1.00,1.00,27.98,0,,0.2376,0.2368,3.10E+06,19.04,3.90492,45.3,7.02,12.63,4.65,7.98,6.70,1.00,5.70,0.532,0,1900 - 1948,17,0.0,0
61994,1994Cos,Costa Rica,COS,6,1994,02/06/1994,1949,45,12,1,57,8.14,57,8.14,0,0,2,0,2,11,9,9,0,5,1,1,4,0,2,0,1,0,1,2,4,0,0,0,0,,2.78,2.29,2.11,2.77,2.29,2.11,2.61,2.3,2.11,57,,1.00,1.00,27.98,1,,0.2376,0.2368,3.40E+06,13.53,4.7296,46.75,16.66,11.54,5.60,5.94,4.53,0.00,4.53,0.532,0,1900 - 1948,17,0.0,0
61998,1998Cos,Costa Rica,COS,6,1998,02/01/1998,1949,49,13,1,57,8.14,57,8.14,0,0,2,0,2,11,10,10,0,5,1,1,4,0,2,0,1,0,1,2,4,0,0,0,0,,3.37,2.56,2.3687,3.35,2.56,2.38,3.12,2.56,2.38,57,,1.00,1.00,27.98,0,,0.2376,0.2368,3.80E+06,11.67,8.39785,45.67,19.30,13.30,9.77,3.53,6.03,3.66,2.37,0.593,0,1900 - 1948,17,0.0,0
62002,2002Cos,Costa Rica,COS,6,2002,02/03/2002,1949,53,14,1,57,8.14,57,8.14,0,0,2,0,2,11,11,11,0,5,1,1,4,0,2,0,1,0,1,2,4,0,0,0,0,,4.519,3.68,3.175,4.52,3.68,3.21,4.45,3.68,3.18,57,,1.00,1.00,27.98,1,,0.2376,0.2368,4.10E+06,9.16,2.90219,47.67,38.60,30.33,22.49,7.84,28.02,26.55,1.47,0.649,0,1900 - 1948,17,0.0,0
62006,2006Cos,Costa Rica,COS,6,2006,02/05/2006,1949,57,15,1,57,8.14,57,8.14,0,0,2,0,2,11,12,12,0,5,1,1,4,0,2,0,1,0,1,2,4,0,0,0,0,,4.84,3.23,2.98,4.62,3.32,2.98,4.62,3.32,2.98,57,,1.00,1.00,27.98,0,,0.2376,0.2368,4.40E+06,11.47,8.77964,49.74,27.18,27.11,10.97,16.14,35.96,3.86,32.10,0.649,0,1900 - 1948,17,0.0,0
62010,2010Cos,Costa Rica,COS,6,2010,02/07/2010,1949,61,16,1,57,8.14,57,8.14,0,0,2,0,2,11,13,13,0,5,1,1,4,0,2,0,1,0,1,2,4,0,0,0,0,,4.78,3.9,3.05,4.78,3.90,2.97,4.34,3.9,3.05,57,,1.00,1.00,27.98,0,,0.2376,0.2368,4.70E+06,5.66,4.95432,49.25,27.18,19.59,2.70,16.89,21.17,2.24,18.93,0.649,0,1900 - 1948,17,0.0,0
62014,2014Cos,Costa Rica,COS,6,2014,02/02/2014,1949,65,17,1,57,8.14,57,8.14,0,0,2,0,2,11,14,14,0,5,1,1,4,0,2,0,1,0,1,2,4,0,0,0,0,,6.2,4.92,4.370697,6.23,4.92,4.37,6.09,4.92,4.37,57,,1.00,1.00,27.98,0,,0.2376,0.2368,,,,,,26.66,6.71,19.95,28.30,2.15,26.15,0.703,0,1900 - 1948,17,0.0,0
62018,2018Cos,Costa Rica,COS,6,2018,02/04/2018,1949,69,18,1,57,8.14,57,8.14,0,0,2,0,2,11,15,15,0,5,1,1,4,0,2,0,1,0,1,2,4,0,0,0,0,,,,,,,,7.59,4.73,5.52,,,1,1,27.98,,,0.2376,0.2368,,,,,,35.87,7.40,28.47,48.19,5.54,48.36,0.603,0,1900 - 1948,17,0.0,0
71974,1974Dom,Dominican Republic,DOM,7,1974,05/16/1974,1966,8,1,0,91,3.37,91,3.37,0,0,1,0,1,12,1,1,1,,,,,,,,,,1,1,4,1,0,0,0,,,,,1.23,1.13,,1.23,1.13,1.35,,,1,1,27.33,,,0.3868,0.4294,,,,,,,,,,,,0.51,8,1900 - 1973,2,4.0,4
71978,1978Dom,Dominican Republic,DOM,7,1978,05/16/1978,1966,12,2,0,91,3.37,91,3.37,0,0,1,0,1,12,2,2,1,4,0,1,4,0,2,0,0,0,1,1,4,1,0,0,0,,,,,2.13,1.99,2.20,2.26,1.99,2.20,118,,1.00,1.00,27.33,0,,0.3868,0.4294,,,,,52.75,,,,,,,0.593,8,1900 - 1973,2,4.0,4
71982,1982Dom,Dominican Republic,DOM,7,1982,05/16/1982,1966,16,3,0,120,4.44,120,4.44,0,1,2,1,2,13,1,1,1,4,0,1,4,0,2,0,0,0,1,1,4,1,0,0,0,,,,,2.25,2.25,2.62,2.85,2.25,2.71,147,,1.00,1.00,27.33,0,,0.3868,0.4294,6.10E+06,7.65,1.69871,47.78,5.58,13.39,3.06,10.33,14.27,4.03,10.24,0.556,8,1900 - 1973,2,4.0,4
71986,1986Dom,Dominican Republic,DOM,7,1986,05/16/1986,1966,20,4,0,120,4.00,120,4.00,0,0,2,0,2,13,2,2,0,4,0,1,4,0,2,0,0,0,1,1,4,1,0,0,0,,,,,1.59,2.53,2.77,3.19,2.53,2.78,150,,1.00,1.00,27.33,0,,0.3868,0.4294,6.70E+06,7.64,3.52199,47.78,12.50,18.92,6.26,12.66,20.03,6.87,13.16,0.556,8,1900 - 1973,2,4.0,4
71990,1990Dom,Dominican Republic,DOM,7,1990,05/16/1990,1966,24,5,0,120,4.00,120,4.00,0,0,2,0,2,13,3,3,0,4,0,1,4,0,2,0,0,0,1,1,4,1,0,0,0,,,,,3.22,3.05,3.38,3.67,3.05,3.38,150,,0.87,1.00,27.33,0,,0.3868,0.4294,7.20E+06,50.46,-5.45431,50.46,23.34,18.92,6.26,12.66,20.03,6.87,13.16,0.556,8,1900 - 1973,2,4.0,4
71994,1994Dom,Dominican Republic,DOM,7,1994,05/20/1994,1966,28,6,1,120,4.00,120,4.00,0,0,2,1,3,13,4,1,1,4,0,1,4,0,0,0,0,0,1,1,4,1,0,1,1,1,,,,2.71,2.43,2.71,3.01,2.43,2.71,150,,1.00,1.00,27.33,1,,0.3868,0.4294,7.80E+06,8.26,2.30326,51.36,25.84,18.92,6.26,12.66,20.03,6.87,13.16,0.556,8,1900 - 1973,2,4.0,4
71998,1998Dom,Dominican Republic,DOM,7,1998,05/16/1998,1966,32,7,1,149,4.97,149,4.97,0,1,3,1,4,14,1,1,1,4,0,1,4,0,0,0,1,0,0,3,4,0,0,0,1,,,,,2.73,2.32,2.59,2.74,2.32,2.60,179,,0.00,0.00,27.33,0,,0.3868,0.4294,8.40E+06,4.83,7.0106,48.92,30.26,24.93,0.00,24.93,29.08,0.16,28.92,0.482,8,1900 - 1973,2,4.0,4
72002,2002Dom,Dominican Republic,DOM,7,2002,05/16/2002,1966,36,8,1,150,3.19,150,3.19,0,1,4,1,5,15,1,1,1,4,0,2,4,0,2,0,2,0,0,3,4,0,0,1,2,1,,,,3.30,2.57,2.69,3.33,2.71,2.69,182,,0.00,0.00,27.33,1,,0.3868,0.4294,8.90E+06,5.22,5.78821,50.12,12.59,13.16,1.38,11.78,19.00,0.30,18.70,0.544,8,1900 - 1973,2,4.0,4
72006,2006Dom,Dominican Republic,DOM,7,2006,05/16/2006,1966,40,9,1,178,5.56,178,5.56,0,1,5,1,6,16,1,1,1,4,0,2,4,0,2,0,2,0,0,3,4,1,0,0,2,,,,,3.08,2.52,2.24,3.07,2.52,2.24,210,,0.00,0.00,27.33,0,,0.3868,0.4294,9.50E+06,7.57,10.6712,51.9,26.60,26.14,1.64,24.50,35.84,4.87,30.97,0.544,8,1900 - 1973,2,4.0,4
72010,2010Dom,Dominican Republic,DOM,7,2010,05/16/2010,1966,44,10,1,178,5.72,178,5.72,0,0,5,0,6,16,2,2,0,4,0,2,4,0,2,1,3,1,0,3,4,1,0,1,3,1,,,,2.11,2.01,2.19,3.06,2.01,2.20,210,,0.00,0.00,27.33,2,,0.3868,0.4294,1.00E+07,6.33,7.75122,47.2,26.60,13.34,2.83,10.51,15.68,0.62,15.06,0.533,8,1900 - 1973,2,4.0,4
72016,2016Dom,Dominican Republic,DOM,7,2016,05/15/2016,1966,50,11,1,190,5.94,190,5.94,0,0,5,0,6,16,3,3,0,4,0,2,4,0,2,0,3,0,1,3,4,1,0,0,3,,,,,4.27,2.66,1.99,4.27,1.93,1.98,,,1,1,27.33,,,0.3868,0.4294,,,,,,32.54,21.90,10.64,47.30,34.98,12.32,0.563,8,1900 - 1973,2,4.0,4
72020,2020Dom,Dominican Republic,DOM,7,2020,07/05/2020,1966,54,12,1,190,5.94,190,5.94,0,0,5,0,6,,4,4,0,4,0,2,4,0,2,0,3,0,1,3,4,1,0,0,3,,,,,,,,3.63,,2.36,,,1,1,27.33,,,0.3868,0.4294,,,,,,,,,,,,0.616,8,1900 - 1973,2,4.0,4
81979,1979Ecu,Ecuador,ECU,8,1979,04/29/1979,1979,0,1,0,69,3.45,57,2.85,0.17,1,1,1,1,17,1,1,1,5,0,1,5,0,2,0,0,0,1,3,5,0,0,0,1,,,3.944,4.75991,6.12,3.94,4.76,6.1,3.94,4.76,69,,1.00,1.00,30.53,0,,0.655,0.655,,,,,,,,,,,,0.43,16,1900 - 1978,9,12.0,1.777777778
81984,1984Ecu,Ecuador,ECU,8,1984,01/29/1984,1979,5,2,0,71,3.38,58,2.85,0.17,0,1,0,1,17,2,2,0,5,0,1,4,0,1,0,1,0,1,3,4,0,0,0,2,,,5.976,5.173172,10.32,6.10,5.18,9.89,6.1,5.18,71,,1.00,1.00,45.5,0,,0.655,0.655,9.00E+06,31.23,2.63,50.49,49.28,47.45,24.44,23.01,39.50,18.70,20.80,0.438,16,1900 - 1978,9,12.0,1.777777778
81986,1986Ecu,Ecuador,ECU,8,1986,06/04/1986,1979,7,3,0,71,2.95,58,2.95,0.17,0,1,0,1,17,3,3,0,2,0,1,4,0,1,1,3,0,0,3,4,0,0,0,2,,,,,11.38,7.58,5.18,11.38,7.56,5.18,71,,0.00,0.00,45.5,0,,0.655,0.655,9.40E+06,23.03,3.46,50.49,21.84,16.77,0.00,16.77,39.50,18.70,20.80,0.438,16,1900 - 1978,9,12.0,1.777777778
81988,1988Ecu,Ecuador,ECU,8,1988,31/01/1988,1979,9,4,0,71,3.38,58,2.95,0.17,0,1,0,1,17,4,4,0,5,0,1,4,0,1,0,3,0,1,3,4,0,0,0,2,,,4.291,6.569612,8.15,4.41,6.57,8.49,4.02,6.57,71,,1.00,1.00,45.5,0,,0.655,0.655,9.90E+06,58.22,5.89,50.49,32.39,20.45,0.97,19.48,39.80,18.70,21.10,0.438,16,1900 - 1978,9,12.0,1.777777778
81990,1990Ecu,Ecuador,ECU,8,1990,06/17/1990,1979,11,5,0,71,2.86,58,2.86,0.17,0,1,0,1,17,5,5,0,5,0,1,4,0,1,0,3,0,0,3,4,0,0,0,2,,,,,7.88,6.68,6.57,7.88,6.73,6.57,71,,0.07,0.00,45.5,0,,0.655,0.655,1.00E+07,48.52,3.68,50.49,27.33,22.02,1.78,20.24,39.80,18.70,21.10,0.438,16,1900 - 1978,9,12.0,1.777777778
81992,1992Ecu,Ecuador,ECU,8,1992,05/17/1992,1979,13,6,0,77,3.50,65,3.09,0.15,0,1,0,1,17,6,6,0,5,0,1,4,0,1,0,3,0,1,3,4,0,0,0,2,,,6.61,4.484848,7.48,6.40,4.48,7.65,6.27,4.50,77,,1.00,1.00,45.5,1,,0.655,0.655,1.10E+07,54.34,2.11,50.49,38.96,20.66,15.21,5.45,49.96,32.22,17.74,0.438,16,1900 - 1978,9,12.0,1.777777778
81994,1994Ecu,Ecuador,ECU,8,1994,05/01/1994,1979,15,7,0,77,3.25,65,3.09,0.15,0,1,0,1,17,7,7,0,5,0,1,4,0,1,0,3,0,0,3,4,0,0,0,2,,,,,7.48,5.85,4.48,7.48,5.56,4.50,77,,0.00,0.00,45.5,1,,0.655,0.655,1.10E+07,27.44,4.26,54.32,26.62,15.64,0.57,15.07,49.96,32.22,17.74,0.438,16,1900 - 1978,9,12.0,1.777777778
81996,1996Ecu,Ecuador,ECU,8,1996,05/19/1996,1979,17,8,1,82,3.90,70,3.33,0.15,0,1,0,1,17,8,8,1,5,0,1,4,0,1,1,4,1,1,3,4,0,0,0,2,,,5.143,4.812597,6.41,5.06,4.81,6.21,4.9,4.82,82,,1.00,1.00,45.5,1,,0.655,0.655,1.20E+07,24.37,1.73,51.21,34.18,23.01,12.11,10.90,45.06,22.78,22.28,0.438,16,1900 - 1978,9,12.0,1.777777778
81998,1998Ecu,Ecuador,ECU,8,1998,05/31/1998,1979,19,9,1,121,5.50,101,4.81,0.16,1,2,1,2,18,1,1,1,5,0,1,4,0,1,1,5,1,1,3,4,0,0,1,3,1,,5.657,4.109932,6.43,4.92,4.10,6.64,5.03,4.10,121,,1.00,1.00,45.5,2,,0.655,0.655,1.20E+07,36.1,3.27,51.67,31.90,27.87,8.38,19.49,43.60,5.20,38.40,0.438,16,1900 - 1978,9,12.0,1.777777778
82002,2002Ecu,Ecuador,ECU,8,2002,10/20/2002,1979,23,10,1,100,4.55,100,4.55,0,1,3,1,3,19,1,1,1,4,0,1,4,0,2,0,6,0,1,2,4,0,0,0,3,,,6.878,6.814171,8.90,7.54,6.84,9.31,7.46,6.84,100,,1.00,1.00,86.42,0,,0.655,0.655,1.30E+07,12.48,4.1,56.59,38.17,42.40,24.16,18.24,58.65,44.68,13.97,0.438,16,1900 - 1978,9,12.0,1.777777778
82006,2006Ecu,Ecuador,ECU,8,2006,10/15/2006,1979,27,11,1,100,4.55,100,4.55,0,0,3,0,3,19,2,2,1,4,0,1,4,0,2,0,7,0,1,2,4,0,0,0,3,,,5.841,5.345189,5.79,5.85,5.34,8.01,6.79,5.34,100,,1.00,1.00,86.42,0,,0.655,0.655,1.40E+07,3.03,4.4,53.2,37.00,41.76,11.75,30.01,38.98,24.97,14.01,0.423,16,1900 - 1978,9,12.0,1.777777778
82009,2009Ecu,Ecuador,ECU,8,2009,04/26/2009,1979,30,12,1,124,4.42,103,4.29,0.12,1,4,1,4,20,1,1,1,4,0,1,4,1,2,1,9,0,1,2,4,1,1,0,4,,,3.75,2.737136,5.79,5.85,2.74,4.21,3.71,2.74,124,,1.00,1.00,86.42,0,,0.655,0.655,1.50E+07,5.16,0.57,49.43,62.36,53.76,8.58,45.18,48.34,8.37,39.97,0.48,16,1900 - 1978,9,12.0,1.777777778
82013,2013Ecu,Ecuador,ECU,8,2013,02/17/2013,1979,34,13,1,137,4.89,116,4.83,0.11,0,4,0,4,20,2,2,0,4,0,1,4,1,2,0,10,0,1,2,4,1,1,0,4,,,1.83,2.583319,3.27,1.83,2.58,3.27,1.83,2.58,137,,1.00,1.00,86.42,0,,0.655,0.655,,,,,,32.86,17.95,14.91,34.30,26.58,7.72,0.484,16,1900 - 1978,9,12.0,1.777777778
82017,2017Ecu,Ecuador,ECU,8,2017,02/19/2017,1979,38,14,1,137,4.89,116,4.83,0.11,0,4,0,4,20,3,3,0,4,0,,4,,2,,,,1,2,4,1,1,,4,,,,,,,,4.68,2.72,3.72,,,1,1,86.42,,,0.655,0.655,,,,,,28.36,7.13,21.23,35.96,3.93,32.03,0.394,16,1900 - 1978,9,12.0,1.777777778
82021,2021Ecu,Ecuador,ECU,8,2021,02/07/2021,1979,42,15,1,137,4.89,116,4.83,0.11,0,4,1,5,,4,1,,7,0,,4,,2,,,,1,2,4,1,1,,4,,,,,,,,6.88,,4.07,,,1,1,86.42,,,0.655,0.655,,,,,,,,,,,,0.351,16,1900 - 1978,9,12.0,1.777777778
91985,1985Els ,El Salvador,ELS,9,1985,03/31/1985,1985,0,1,0,60,4.29,60,4.29,0,1,1,1,1,21,1,1,1,8,0,1,3,0,0,0,0,0,0,3,5,0,0,0,0,,2.69,2.56,3.163783,2.69,2.56,3.16,2.69,2.56,3.16,60,,0.60,0.66,40.07,0,,0.1978,0.1978,5.00E+06,22.33,0.616596,53.97,,,,,,,,0.477,1,1900 - 1984,6,2.4,0.166666667
91988,1988Els ,El Salvador,ELS,9,1988,03/20/1988,1985,3,2,0,60,4.29,60,4.29,0,0,1,0,1,21,2,2,1,8,0,1,3,0,0,1,1,0,0,3,5,0,0,0,0,,2.75,2.41,3.163783,2.75,2.41,3.16,2.75,2.41,3.16,60,,0.60,0.66,40.07,0,,0.1978,0.1978,5.20E+06,19.76,1.87746,53.97,30.00,,,,,,,0.453,1,1900 - 1984,6,2.4,0.166666667
91991,1991Els ,El Salvador,ELS,9,1991,03/10/1991,1985,6,3,0,84,5.60,64,4.57,0.24,1,2,1,2,22,1,1,1,8,0,1,3,0,0,0,1,0,0,3,5,0,0,0,0,,,3.01,2.348002,3.34,3.01,2.34,3.34,3.01,2.35,84,,0.20,0.33,40.07,1,,0.1978,0.1978,5.40E+06,14.4,3.57641,53.97,7.15,,,,,,,0.463,1,1900 - 1984,6,2.4,0.166666667
91994,1994Els ,El Salvador,ELS,9,1994,03/20/1994,1985,9,4,0,84,5.60,64,4.57,0.24,0,2,0,2,22,2,2,0,8,0,1,3,0,0,0,1,0,1,3,5,0,0,0,0,,,3.06,3.006524,3.48,3.06,3.00,3.48,3.06,3.00,84,,1.00,1.00,40.07,1,,0.1978,0.1978,5.70E+06,10.59,6.05037,53.97,22.02,26.24,25.53,1.41,29.66,28.37,1.29,0.893,1,1900 - 1984,6,2.4,0.166666667
91997,1997Els ,El Salvador,ELS,9,1997,03/16/1997,1985,12,5,0,84,5.60,64,4.57,0.24,0,2,0,2,22,3,3,0,8,0,1,3,0,0,0,1,0,0,3,5,0,0,0,0,,,4.03,3.006524,3.95,4.03,3.00,3.95,4.13,3.00,84,,0.20,0.33,40.07,0,,0.1978,0.1978,5.90E+06,4.49,4.24634,51.2,16.05,22.27,7.95,14.32,29.66,28.37,1.29,0.89,1,1900 - 1984,6,2.4,0.166666667
92000,2000Els ,El Salvador,ELS,9,2000,03/12/2000,1985,15,6,0,84,5.60,64,4.57,0.24,0,2,0,2,22,4,4,0,8,0,1,3,0,0,0,1,0,0,3,5,0,0,0,0,,,3.49,2.740097,3.68,3.47,2.74,3.68,3.47,2.74,84,,0.60,0.66,40.07,1,,0.1978,0.1978,6.00E+06,2.27,2.15265,52.24,9.52,10.91,6.05,8.57,18.63,4.11,14.52,0.882,1,1900 - 1984,6,2.4,0.166666667
92003,2003Els ,El Salvador,ELS,9,2003,03/16/2003,1985,18,7,1,84,5.60,64,4.57,0.24,0,2,0,2,22,5,5,1,8,0,1,3,0,0,0,1,0,0,3,5,0,0,0,0,,,3.54,2.740097,4.09,3.54,2.74,4.09,3.54,2.74,84,,0.60,0.66,40.07,1,,0.1978,0.1978,6.00E+06,2.12,2.30004,50.72,4.76,11.35,5.76,5.59,18.63,4.11,14.52,0.889,1,1900 - 1984,6,2.4,0.166666667
92006,2006Els ,El Salvador,ELS,9,2006,03/12/2006,1985,21,8,1,84,6.00,84,6.00,0,1,3,1,3,23,1,1,1,8,0,1,3,0,0,1,2,0,0,3,5,0,0,0,0,,,3.04,2.1649,3.03,3.04,2.16,3.06,3.04,2.16,84,,0.20,0.33,40.07,0,,0.1978,0.1978,6.10E+06,4.04,3.91195,46.19,10.73,12.33,0.10,12.23,13.59,0.00,13.59,0.889,1,1900 - 1984,6,2.4,0.166666667
92009,2009Els,El Salvador,ELS,9,2009,01/18/2009,1985,24,9,1,84,6.00,84,6.00,0,0,3,0,3,23,2,2,0,8,0,1,3,0,0,0,2,0,1,3,5,0,0,0,0,,,2.94,2.1649,2.92,2.94,2.00,2.91,2.94,2.00,84,,0.93,1.00,40.07,1,,0.1978,0.1978,6.20E+06,1.06,-3.13305,48.33,6.15,4.31,1.00,3.31,15.64,0.00,15.64,0.87,1,1900 - 1984,6,2.4,0.166666667
92012,2012Els,El Salvador,ELS,9,2012,03/11/2012,1985,27,10,1,84,6.00,84,6.00,0,0,3,0,3,23,3,3,0,8,0,1,3,0,0,0,2,0,0,3,5,0,0,0,0,,3.33,3.19,1.998607,3.33,3.19,2.00,3.24,3.18,2.00,84,,0.20,0.33,40.07,0,,0.1978,0.1978,6.30E+06,1.73,1.92946,50.33,36.65,11.86,9.96,1.90,15.64,0.00,15.64,0.867,1,1900 - 1984,6,2.4,0.166666667
92015,2015Els,El Salvador,ELS,9,2015,03/01/2015,1985,30,11,1,84,6.00,84,6.00,0,0,3,0,3,23,4,4,0,8,0,2,3,0,0,0,3,0,0,3,5,0,0,0,0,,3.28,3.31,2.473472,3.28,3.31,2.47,3.15,3.01,2.47,84,,0.57,0.60,40.07,0,,0.1978,0.1978,,,,,,3.71,1.63,2.08,,,,0.895,1,1900 - 1984,6,2.4,0.166666667
92018,2018Els,El Salvador,ELS,9,2018,03/04/2018,1985,33,12,1,84,6.00,84,6.00,0,0,3,0,3,23,5,5,0,8,,2,3,,0,,,,0,3,5,0,0,0,0,,,,,,,,3.34,3.28,2.47,,,0.60,0.60,40.07,,,0.1978,0.1978,,,,,,12.11,0.00,12.11,,,,0.891,1,1900 - 1984,6,2.4,0.166666667
92021,2021Els,El Salvador,ELS,9,2021,02/28/2021,1985,36,13,1,84,6.00,84,6.00,0,0,3,0,3,23,6,6,,8,,2,3,,0,,,,0,3,5,0,0,0,0,,,,,,,,2.72,,2.61,,,0.20,0.33,40.07,,,0.1978,0.1978,,,,,,,,,,,,0.84,1,1900 - 1984,6,2.4,0.166666667
101985,1985Gua ,Guatemala,GUA,10,1985,11/03/1985,1985,0,1,0,100,4.17,75,3.26,0.25,1,1,1,1,24,1,1,1,3,0,1,4,0,2,1,1,1,1,3,4,0,0,1,1,1,,,,4.71,2.98,4.32,4.53,2.98,4.32,100,,1.00,1.00,28.93,2,,0.4928,0.5122,7.90E+06,18.69,-0.609339,58.26,,,,,,,,0.549,30,1900 - 1984,10,17.3,3
101990,1990Gua ,Guatemala,GUA,10,1990,11/11/1990,1985,5,2,0,116,4.83,87,3.78,0.25,0,1,0,1,24,2,2,1,4,0,1,4,0,2,1,2,0,1,3,5,0,0,0,1,,,,,6.76,4.42,5.27,6.37,4.44,5.27,116,,1.00,1.00,28.93,0,,0.4928,0.5122,8.90E+06,41.22,3.10256,59.6,51.28,45.30,19.02,26.28,51.24,43.03,8.21,0.508,30,1900 - 1984,10,17.3,3
101995,1995Gua ,Guatemala,GUA,10,1995,11/12/1995,1985,10,3,0,80,3.33,64,2.78,0.2,1,2,1,2,25,1,1,1,4,0,1,4,0,2,0,3,0,1,3,4,0,0,0,2,,,,,3.43,2.73,4.75,5.42,2.73,4.75,80,,1.00,1.00,28.93,0,,0.4928,0.5122,1.00E+07,8.41,4.94855,59.6,70.99,28.57,6.40,22.17,64.92,9.29,55.63,0.422,30,1900 - 1984,10,17.3,3
101999,1999Gua ,Guatemala,GUA,10,1999,11/07/1999,1985,14,4,0,113,4.71,91,3.96,0.19,1,3,1,3,26,1,1,1,4,0,1,4,0,2,0,3,0,1,3,4,0,0,0,2,,,2.354,2.969801,3.58,2.35,2.97,3.75,2.35,2.97,113,,1.00,1.00,28.93,0,,0.4928,0.5122,1.10E+07,5.21,3.84706,55.8,30.85,36.03,0.11,35.92,41.51,12.70,28.81,0.445,30,1900 - 1984,10,17.3,3
102003,2003Gua ,Guatemala,GUA,10,2003,11/09/2003,1985,18,5,1,158,6.87,127,5.52,0.2,1,4,1,4,27,1,1,1,4,0,1,4,0,2,0,4,0,1,3,4,0,0,0,2,,,4.652,4.270548,6.54,6.15,4.27,6.6,4.57,4.27,158,,1.00,1.00,28.93,0,,0.4928,0.5122,1.20E+07,5.6,2.53084,56.08,56.96,58.87,31.15,27.72,69.75,65.50,4.25,0.401,30,1900 - 1984,10,17.3,3
102007,2007Gua ,Guatemala,GUA,10,2007,09/09/2007,1985,22,6,1,158,6.87,127,5.52,0.2,0,4,0,4,27,2,2,0,4,0,1,4,0,2,0,4,0,1,3,4,0,0,0,2,,,5.053,5.573,7.75,4.78,5.57,7.57,4.86,5.57,158,,1.00,1.00,28.93,0,,0.4928,0.5122,1.30E+07,6.82,6.30407,55.89,32.91,35.91,14.03,21.88,40.37,11.11,29.26,0.383,30,1900 - 1984,10,17.3,3
102011,2011Gua,Guatemala,GUA,10,2011,09/11/2011,1985,26,7,1,158,6.87,127,5.52,0.2,0,4,0,4,27,3,3,0,4,0,1,4,0,2,0,4,0,1,3,4,0,0,0,2,,,4.14,4.46668,6.40,4.14,4.47,6.98,4.6,4.46,158,,1.00,1.00,28.93,0,,0.4928,0.5122,1.50E+07,6.22,4.23965,55.89,48.10,39.53,21.42,18.11,64.46,45.96,18.50,0.386,30,1900 - 1984,10,17.3,3
102015,2015Gua,Guatemala,GUA,10,2015,09/06/2015,1985,30,8,1,158,6.87,127,5.52,0.2,0,4,0,4,27,4,4,0,4,0,1,4,0,2,0,4,0,1,3,4,0,0,0,2,,,,,9.88,6.07,6.63,9.91,6.07,6.60,158,,1.00,1.00,28.93,0,,0.4928,0.5122,,,,,,41.17,2.80,38.38,60.19,30.88,29.31,0.389,30,1900 - 1984,10,17.3,3
102019,2019Gua,Guatemala,GUA,10,2019,06/16/2019,1985,34,9,1,160,6.96,128,5.82,0.2,0,4,0,4,,5,5,,4,,,4,,,,,,1,3,4,0,,,,,,,,,,,13.33,,8.14,,,1.00,1.00,28.93,,,0.4928,0.5122,,,,,,,,,,,,0.334,30,1900 - 1984,10,17.3,3
111981,1981Hon ,Honduras,HON,11,1981,11/29/1981,1981,0,1,0,82,4.56,82,4.56,0,1,1,1,1,28,1,1,1,8,0,1,4,0,2,0,0,0,1,1,6,0,0,0,0,,,,,2.15,2.17,2.15,2.15,2.17,2.15,82,,1.00,1.00,21.37,0,,0.185011,0.1867,3.80E+06,9.41,2.5332,55.09,,,,,,,,0.567,7,1900 - 1980,3,4.6,2.333333333
111985,1985Hon ,Honduras,HON,11,1985,11/24/1985,1981,4,2,0,134,7.44,134,7.44,0,1,2,1,2,29,1,1,1,8,0,1,4,0,2,0,1,0,1,1,4,0,0,0,1,,2.14,2.12,2.13,2.14,2.12,2.14,2.14,2.12,2.14,134,,1.00,1.00,24.33,1,,0.185011,0.1867,4.20E+06,3.36,4.18823,55.09,5.82,4.21,0.00,4.21,4.19,0.00,4.19,0.567,7,1900 - 1980,3,4.6,2.333333333
111989,1989Hon ,Honduras,HON,11,1989,11/26/1989,1981,8,3,0,128,7.11,128,7.11,0,0,2,0,2,29,2,2,0,8,0,1,4,0,2,0,1,0,1,1,4,0,0,0,1,,2.13,2,2.14,2.13,2.00,2.13,2.13,2,2.12,128,,1.00,1.00,24.33,1,,0.185011,0.1867,4.80E+06,9.85,4.32585,59.49,8.45,7.21,0.00,7.21,7.16,0.00,7.16,0.567,7,1900 - 1980,3,4.6,2.333333333
111993,1993Hon ,Honduras,HON,11,1993,11/31/1993,1981,12,4,0,128,7.11,128,7.11,0,0,2,0,2,29,3,3,0,8,0,1,4,0,2,0,1,0,1,1,4,0,0,0,1,,2.14,2.03,2.14,2.14,2.03,2.14,2.14,2.03,2.14,128,,1.00,1.00,24.33,1,,0.185011,0.1867,5.30E+06,10.75,6.23003,53.47,13.28,9.59,0.00,9.59,9.55,0.00,9.55,0.568,7,1900 - 1980,3,4.6,2.333333333
111997,1997Hon ,Honduras,HON,11,1997,11/30/1997,1981,16,5,0,128,7.11,128,7.11,0,0,2,0,2,29,4,4,0,8,0,1,4,0,2,0,1,0,1,1,4,0,0,0,1,,2.38,2.18,2.17,2.38,2.18,2.17,2.37,2.18,2.16,128,,1.00,1.00,24.33,1,,0.185011,0.1867,5.90E+06,20.2,4.99372,52.73,3.13,4.87,2.14,2.73,1.30,1.23,0.07,0.6,7,1900 - 1980,3,4.6,2.333333333
112001,2001Hon ,Honduras,HON,11,2001,11/25/2001,1981,20,6,1,128,7.11,128,7.11,0,0,2,0,2,29,5,5,0,8,0,1,4,0,2,0,1,0,1,1,4,0,0,0,1,,2.58,2.41,2.14,2.58,2.41,2.13,2.58,2.41,2.13,128,,1.00,1.00,24.33,1,,0.185011,0.1867,6.40E+06,9.67,2.72322,54.38,9.38,8.72,0.00,8.72,9.41,0.00,9.41,0.58,7,1900 - 1980,3,4.6,2.333333333
112005,2005Hon ,Honduras,HON,11,2005,11/27/2005,1981,24,7,1,128,7.11,128,7.11,0,0,2,0,2,29,6,6,0,8,0,6,4,0,2,0,2,0,1,1,4,0,0,0,1,,2.69,2.37,2.16,2.65,2.41,2.16,2.69,2.37,2.16,128,,1.00,1.00,24.33,1,,0.185011,0.1867,6.90E+06,8.81,6.05088,59.65,6.25,6.11,0.00,6.11,6.47,0.00,6.47,0.588,7,1900 - 1980,3,4.6,2.333333333
112009,2009Hon,Honduras,HON,11,2009,11/29/2009,1981,28,8,1,128,7.11,128,7.11,0,0,2,0,2,29,7,7,0,8,0,6,4,0,2,0,2,0,1,1,4,0,0,0,1,,2.46,2.3,2.14,2.46,2.30,2.15,2.46,2.3,2.14,128,,1.00,1.00,24.33,0,,0.185011,0.1867,7.50E+06,5.49,-2.43187,56.95,13.89,16.20,0.00,16.20,11.81,0.00,11.81,0.582,7,1900 - 1980,3,4.6,2.333333333
112013,2013Hon,Honduras,HON,11,2013,11/24/2013,1981,32,9,1,128,7.11,128,7.11,0,0,2,0,2,29,8,8,0,8,0,6,4,0,2,0,2,0,1,1,4,0,0,0,1,,4.14,3.58,3.595033,4.14,3.58,3.59,4.14,3.58,3.59,128,,1.00,1.00,24.33,0,,0.185011,0.1867,,,,,,,,,,,,0.563,7,1900 - 1980,3,4.6,2.333333333
112017,2017Hon,Honduras,HON,11,2017,11/26/2017,1981,36,10,1,128,7.11,128,7.11,0,0,2,0,2,29,9,9,0,8,0,6,4,0,2,0,2,0,1,1,4,0,0,0,1,,,,,,,,3.65,3.07,2.65,,,1,1,24.33,,,0.185011,0.1867,,,,,,,,,,,,0.445,7,1900 - 1980,3,4.6,2.333333333
112021,2021Hon,Honduras,HON,11,2021,11/28/2021,1981,40,11,1,128,7.11,128,7.11,0,0,2,0,2,29,10,10,0,8,0,,,,,,,,1,1,4,1,0,0,1,,,,,,,,3.55,,2.45,,,1,1,24.33,,,0.185011,0.1867,,,,,,,,,,,,0.5,7,1900 - 1980,3,4.6,2.333333333
121994,1994Mex ,Mexico,MEX,12,1994,07/07/1994,1994,0,1,0,500,1.64,300,1.00,0.4,0,1,0,1,30,1,1,1,2,1,3,3,0,1,0,2,0,1,1,6,0,0,0,0,,,,,3.06,2.29,2.84,2.85,2.29,2.84,628,,1.00,1.00,22.73,1,,0.5417789,0.5418,9.40E+07,6.97,4.72736,51.89,14.00,18.33,0.00,18.33,15.70,3.90,11.80,0.873,0,1900 - 1993,0,0.0,0
121997,1997Mex ,Mexico,MEX,12,1997,07/06/1997,1994,3,2,0,500,1.64,300,1.00,0.4,0,1,0,1,30,2,2,0,2,1,3,3,0,1,0,3,0,0,1,6,0,0,0,0,,,2.54,2.97,3.42,2.85,2.84,3.42,2.86,2.84,628,,0.00,0.00,22.73,1,,0.5417789,0.5418,9.90E+07,20.63,6.96289,48.54,12.80,12.73,0.00,12.73,15.70,3.90,11.80,0.905,0,1900 - 1993,0,0.0,0
122000,2000Mex ,Mexico,MEX,12,2000,07/02/2000,1994,6,3,0,500,1.64,300,1.00,0.4,0,1,0,1,30,3,3,0,2,1,3,3,0,1,0,3,0,1,1,6,0,0,0,0,,,2.55,2.83,3.00,2.54,2.83,3,2.55,2.84,628,,1.00,1.00,22.73,1,,0.5417789,0.5418,1.00E+08,9.5,5.29648,51.87,18.75,16.44,3.11,13.33,18.92,2.18,16.74,0.919,0,1900 - 1993,0,0.0,0
122003,2003Mex ,Mexico,MEX,12,2003,07/06/2003,1994,9,4,0,500,1.64,300,1.00,0.4,0,1,0,1,30,4,4,0,2,1,3,3,0,1,0,3,0,0,1,6,0,0,0,0,,,2.76,2.950921,3.19,2.76,2.83,3.19,2.77,2.84,628,,0.00,0.00,22.73,1,,0.5417789,0.5418,1.10E+08,4.55,1.42267,49.68,10.55,13.98,1.80,12.18,18.92,2.18,16.74,0.919,0,1900 - 1993,0,0.0,0
122006,2006Mex ,Mexico,MEX,12,2006,07/02/2006,1994,12,5,1,500,1.64,300,1.00,0.4,0,1,0,1,30,5,5,0,2,1,3,3,0,1,0,3,0,1,1,6,0,0,0,0,,,3.03,3.15,3.42,3.03,3.29,3.42,3.03,3.15,628,,1.00,1.00,22.73,1,,0.5417789,0.5418,1.10E+08,3.63,5.00138,48.11,21.80,20.94,6.79,14.15,24.89,3.67,21.22,0.919,0,1900 - 1993,0,0.0,0
122009,2009Mex,Mexico,MEX,12,2009,07/05/2009,1994,15,6,1,500,1.64,300,1.00,0.4,0,1,0,1,30,6,6,0,2,1,3,3,0,1,0,3,0,0,1,6,0,0,0,0,,,2.75,3.15,3.77,2.75,3.29,3.77,3.03,3.15,628,,0.00,0.00,22.73,1,,0.5417789,0.5418,1.20E+08,5.3,-4.70034,48.28,27.00,23.69,0.00,23.69,24.89,3.67,21.22,0.914,0,1900 - 1993,0,0.0,0
122012,2012Mex,Mexico,MEX,12,2012,07/01/2012,1994,18,7,1,500,1.64,300,1.00,0.4,0,1,0,1,30,7,7,0,2,1,3,3,0,1,0,3,0,1,1,6,0,0,0,0,,,3.56,3.063,3.16,2.80,3.22,3.16,3.69,3.22,628,,1.00,1.00,22.73,1,,0.5417789,0.5418,1.20E+08,4.11,3.78425,48.28,27.00,9.67,0.00,9.67,17.31,0.00,17.31,0.915,0,1900 - 1993,0,0.0,0
122015,2015Mex,Mexico,MEX,12,2015,07/01/2015,1994,21,8,1,500,1.64,300,1.00,0.4,0,1,0,1,30,8,8,0,2,1,3,3,0,1,0,4,0,0,1,6,0,0,0,0,,,4.28,3.223257,4.38,3.11,3.22,5.65,4.14,3.22,628,,0.00,0.00,32.82,1,,0.5417789,0.5418,,,,,,20.42,14.52,5.90,17.31,0.00,17.31,0.907,0,1900 - 1993,0,0.0,0
122018,2018Mex,Mexico,MEX,12,2018,07/01/2018,1994,24,9,1,500,1.64,300,1.00,0.4,0,1,0,1,30,9,9,0,2,1,3,3,0,1,0,4,0,0,1,6,0,0,0,0,,,,,,,,4.44,4.69,2.61,,,1.00,1.00,32.82,,,0.5417789,0.5418,,,,,,41.01,0.00,41.01,60.15,54.76,5.39,0.854,0,1900 - 1993,0,0.0,0
131984,1984Nic ,Nicaragua,NIC,13,1984,11/04/1984,1984,0,1,0,96,9.60,96,9.60,0,1,1,1,1,31,1,1,1,1,0,1,6,0,2,1,1,1,1,1,6,1,0,0,0,,,,,2.25,2.08,2.08,2.25,2.08,2.08,96,,1.00,1.00,67.6,0,,0.4018,0.4844,3.60E+06,35.44,-1.56609,50.41,,,,,,,,0.544,0,1900 - 1983,0,0.0,0
131990,1990Nic ,Nicaragua,NIC,13,1990,02/25/1990,1984,6,2,0,90,10.00,90,10.00,0,0,1,0,1,31,2,2,1,8,0,1,6,0,2,0,1,0,1,1,6,1,0,0,1,,2.19,2.05,2.144021,2.18,2.05,2.14,2.19,2.05,2.14,90,,1.00,1.00,50.72,0,,0.4018,0.4844,4.10E+06,7485.49,-0.093065,50.41,22.23,47.00,2.82,44.18,48.69,2.77,45.92,0.659,0,1900 - 1983,0,0.0,0
131996,1996Nic ,Nicaragua,NIC,13,1996,10/22/1996,1984,12,3,0,90,5.00,70,4.12,0.22,1,2,1,2,32,1,1,1,5,1,1,5,0,2,0,2,0,1,2,5,0,0,0,2,,,2.74,2.467855,2.90,2.74,2.47,2.9,2.79,2.46,90,,1.00,1.00,31.46,0,,0.4018,0.4844,4.80E+06,11.62,6.34427,45.24,11.96,16.54,2.19,14.35,10.90,6.74,4.16,0.643,0,1900 - 1983,0,0.0,0
132001,2001Nic ,Nicaragua,NIC,13,2001,11/04/2001,1984,17,4,1,90,5.00,70,4.12,0.22,0,2,0,2,32,2,2,0,5,1,1,5,0,2,0,2,0,1,2,5,0,0,0,2,,,2.04,2.015965,2.18,2.04,2.02,2.02,2.03,2.02,90,,1.00,1.00,31.46,0,,0.4018,0.4844,5.20E+06,5.99,2.96084,40.47,14.67,15.82,0.00,15.82,9.78,0.00,9.78,0.613,0,1900 - 1983,0,0.0,0
132006,2006Nic ,Nicaragua,NIC,13,2006,11/05/2006,1984,22,5,1,90,5.00,70,4.12,0.22,0,2,0,2,32,3,3,0,5,1,1,5,0,2,0,2,0,1,2,5,0,0,0,2,,,3.14,3.345463,3.45,3.24,3.31,3.44,3.16,3.31,90,,1.00,1.00,31.46,0,,0.4018,0.4844,5.50E+06,9.14,4.15207,43.06,26.08,29.80,0.50,29.30,34.89,28.58,6.31,0.628,0,1900 - 1983,0,0.0,0
132011,2011Nic,Nicaragua,NIC,13,2011,11/06/2011,1984,27,6,1,90,5.00,70,4.12,0.22,0,2,0,2,32,4,4,0,5,1,1,5,0,2,0,2,0,1,2,5,0,0,0,2,,,1.8,2.041992,2.11,1.80,2.04,2.11,1.79,2.04,90,,1.00,1.00,31.46,0,,0.4018,0.4844,5.90E+06,8.08,5.449,43.06,48.54,,,,,,,0.648,0,1900 - 1983,0,0.0,0
132016,2016Nic,Nicaragua,NIC,13,2016,11/06/2016,1984,32,7,1,90,5.00,70,4.12,0.22,0,2,0,2,32,5,5,0,5,1,1,5,0,2,0,2,0,1,2,5,0,0,0,2,,,1.59,1.811719,,,,2.15,1.59,1.82,90,,1,1,31.46,,,0.4018,0.4844,,,,,,,,,,,,0.568,0,1900 - 1983,0,0.0,0
141989,1989Pan ,Panama,PAN,14,1989,05/07/1989,1989,0,1,0,67,1.68,67,1.68,0,0,1,0,1,33,1,1,1,2,1,3,5,0,2,0,1,0,1,1,5,0,0,0,1,,,,,4.46,3.72,1.70,4.46,3.72,1.70,67,,1.00,1.00,50.35,0,,0.5067,0.5528,2.40E+06,0.21,1.56225,58.91,,,,,,,,0.311,17,1900 - 1988,7,10.9,2.428571429
141994,1994Pan ,Panama,PAN,14,1994,05/10/1994,1989,5,2,0,72,1.80,72,1.80,0,0,1,0,1,33,2,2,0,2,1,3,5,0,2,0,1,0,1,1,5,0,0,0,1,,,4.33,3.977985,8.64,4.33,3.97,8.64,4.33,3.98,72,,1.00,1.00,50.35,1,,0.5067,0.5528,2.70E+06,1.27,2.85015,58.19,58.34,,,,38.31,19.20,19.11,0.58,17,1900 - 1988,7,10.9,2.428571429
141999,1999Pan ,Panama,PAN,14,1999,05/02/1999,1989,10,3,0,71,1.77,71,1.77,0,0,1,0,1,33,3,3,0,2,1,3,5,0,2,0,1,0,1,1,5,0,0,0,1,,,3.26,2.673545,5.67,3.26,2.67,5.67,3.26,2.67,71,,1.00,1.00,50.35,0,,0.5067,0.5528,3.00E+06,1.25,3.91721,57.56,20.02,31.00,6.38,24.62,35.23,0.00,35.23,0.58,17,1900 - 1988,7,10.9,2.428571429
142004,2004Pan ,Panama,PAN,14,2004,05/02/2004,1989,15,4,1,78,1.90,78,1.90,0,0,1,0,1,33,4,4,0,2,1,3,5,0,2,1,2,1,1,1,5,0,0,0,1,,,2.7,2.85737,4.46,2.70,2.86,4.46,2.7,2.86,78,,1.00,1.00,50.35,1,,0.5067,0.5528,3.30E+06,0.18,7.52208,55,20.02,18.75,0.00,18.75,45.80,5.31,40.49,0.624,17,1900 - 1988,7,10.9,2.428571429
142009,2009Pan,Panama,PAN,14,2009,05/03/2009,1989,20,5,1,71,1.82,71,1.82,0,0,1,0,1,33,5,5,0,2,1,3,5,1,2,0,2,0,1,1,5,0,0,0,1,,,3.66,1.989454,4.18,3.66,1.99,4.15,3.65,1.99,71,,1.00,1.00,50.35,0,,0.5067,0.5528,3.60E+06,2.41,3.85619,52.03,26.03,23.55,1.00,22.55,57.04,2.32,54.72,0.625,17,1900 - 1988,7,10.9,2.428571429
142014,2014Pan,Panama,PAN,14,2014,05/04/2014,1989,25,6,1,71,1.82,71,1.82,0,0,1,0,1,33,6,6,0,2,1,3,5,1,2,0,2,0,1,1,5,0,0,0,1,,,3.01,3.026092,3.83,3.01,3.03,3.83,3.23,3.02,71,,1.00,1.00,50.35,0,,0.5067,0.5528,,,,,,14.52,1.00,13.52,40.50,1.40,39.10,0.609,17,1900 - 1988,7,10.9,2.428571429
142019,2019Pan,Panama,PAN,14,2019,05/05/2019,1989,30,7,1,71,1.82,71,1.82,0,0,1,0,1,33,7,7,0,2,1,3,5,1,2,0,2,0,1,1,5,0,0,0,1,,,,,,,,4.93,2.91,3.88,,,1.00,1.00,50.35,,,0.5067,0.5528,,,,,,,,,,,,0.626,17,1900 - 1988,7,10.9,2.428571429
151989,1989Par ,Paraguay,PAR,15,1989,05/01/1989,1989,0,1,0,72,1.00,72,1.00,0,1,1,1,1,34,1,1,1,1,0,1,5,0,2,0,0,0,1,1,5,1,0,0,0,,,,,1.68,1.89,1.62,1.68,1.89,1.62,108,,1.00,1.00,71.62,0,,0.1322,0.1689,4.10E+06,26.42,6.9352,40.84,10.10,,,,,,,0.403,0,1900 - 1988,0,0.0,0
151993,1993Par ,Paraguay,PAR,15,1993,05/13/1993,1989,4,2,0,80,4.44,80,4.44,0,1,2,1,2,35,1,1,1,4,0,1,5,0,2,0,1,0,1,1,5,0,0,0,1,,2.81,2.45,2.904713,2.81,2.45,2.91,2.81,2.45,2.91,125,,1.00,1.00,38.31,0,,0.1322,0.1689,4.60E+06,18.21,4.93636,58.17,20.56,34.30,0.00,34.30,37.25,24.40,12.85,0.439,0,1900 - 1988,0,0.0,0
151998,1998Par ,Paraguay,PAR,15,1998,05/10/1998,1989,9,3,0,80,4.44,80,4.44,0,0,2,0,2,35,2,2,0,4,0,1,5,0,2,0,1,0,1,1,5,0,0,0,1,,2.07,1.94,2.004379,2.07,1.94,2.00,2.12,1.97,2.00,125,,1.00,1.00,38.31,0,,0.1322,0.1689,5.10E+06,11.55,0.068038,56.68,8.75,18.60,1.70,16.90,24.75,0.30,24.45,0.439,0,1900 - 1988,0,0.0,0
152003,2003Par ,Paraguay,PAR,15,2003,04/27/2003,1989,14,4,1,80,4.44,80,4.44,0,0,2,0,2,35,3,3,0,4,0,1,5,0,2,0,1,0,1,1,5,0,0,0,1,,4.23,3.18,3.63431,4.23,3.18,3.86,4.21,3.18,3.86,125,,1.00,1.00,38.31,0,,0.1322,0.1689,5.70E+06,14.24,4.32075,56.88,17.50,38.23,34.19,4.04,36.99,36.30,0.69,0.451,0,1900 - 1988,0,0.0,0
152008,2008Par,Paraguay,PAR,15,2008,04/20/2008,1989,19,5,1,80,4.44,80,4.44,0,0,2,0,2,35,4,4,0,4,0,1,5,0,2,0,1,0,1,1,5,0,0,0,1,,4.36,3.43,3.00401,4.36,3.43,3.00,4.36,3.42,3.01,125,,1.00,1.00,38.31,0,,0.1322,0.1689,6.20E+06,10.15,6.35912,52.05,38.13,17.16,9.63,7.53,51.82,0.17,51.65,0.449,0,1900 - 1988,0,0.0,0
152013,2013Par,Paraguay,PAR,15,2013,04/21/2013,1989,24,6,1,80,4.44,80,4.44,0,0,2,0,2,35,5,5,0,4,0,1,5,0,2,0,1,0,1,1,5,0,0,0,1,,3.76,2.39,2.546151,3.76,2.39,2.55,3.76,2.39,2.55,125,,1.00,1.00,38.31,0,,0.1322,0.1689,,,,,,21.06,3.66,17.40,59.67,0.17,59.50,0.506,0,1900 - 1988,0,0.0,0
152018,2018Par,Paraguay,PAR,15,2018,04/22/2018,1989,29,7,1,80,4.44,80,4.44,0,0,2,0,2,35,6,6,0,4,0,1,5,0,2,0,1,0,1,1,5,0,0,0,1,,,,,,,,4.87,2.86,2.49,,,1,1,38.31,,,0.1322,0.1689,,,,,,19.30,10.17,9.13,12.28,5.62,6.66,0.532,0,1900 - 1988,0,0.0,0
161980,1980Per ,Peru,PER,16,1980,05/18/1980,1980,0,1,0,180,6.92,180,6.92,0,1,1,1,1,36,1,1,1,4,0,1,5,0,2,1,1,1,1,2,5,0,0,0,1,,4.18,2.46,3.45,4.05,2.46,3.23,4.18,2.46,3.23,240,,1.00,1.00,63.64,0,,0.6379,0.6566,1.70E+07,59.15,3.07754,45.72,,,,,,,,0.656,11,1900 - 1979,5,7.4,2.2
161985,1985Per ,Peru,PER,16,1985,04/14/1985,1980,5,2,0,180,6.92,180,6.92,0,0,1,0,1,36,2,2,0,4,0,6,5,0,2,0,1,0,1,3,5,0,0,0,1,,3.02,2.31,2.7552,3.02,2.31,2.76,3.02,2.31,2.76,240,,1.00,1.00,63.64,0,,0.6379,0.6566,2.00E+07,163.4,2.8,45.72,50.56,49.80,2.90,46.90,51.90,1.60,50.30,0.603,11,1900 - 1979,5,7.4,2.2
161990,1990Per ,Peru,PER,16,1990,04/08/1990,1980,10,3,0,180,6.92,180,6.92,0,0,1,0,1,36,3,3,1,4,0,6,5,0,2,0,1,0,1,3,5,0,0,0,1,,5.03,4.046,3.987161,5.02,4.04,3.99,5.05,4.04,3.99,240,,1.00,1.00,63.64,0,,0.6379,0.6566,2.20E+07,7481.66,-5.14324,45.72,43.61,50.95,17.80,33.15,76.15,75.80,0.35,0.597,11,1900 - 1979,5,7.4,2.2
162001,2001Per ,Peru,PER,16,2001,04/08/2001,1980,21,4,1,120,4.80,120,4.80,0,1,2,1,2,37,1,1,1,4,0,6,5,0,2,0,3,0,1,3,5,0,0,0,3,,6.64,4.37,3.72,6.60,4.37,3.72,6.27,4.37,3.72,120,,1.00,1.00,80.34,0,,0.6379,0.6566,2.60E+07,1.98,0.214895,54.06,47.50,42.28,8.56,33.72,62.11,3.56,58.55,0.366,11,1900 - 1979,5,7.4,2.2
162006,2006Per ,Peru,PER,16,2006,04/09/2006,1980,26,5,1,120,5.00,120,5.00,0,0,2,0,2,37,2,2,0,4,1,6,5,0,2,0,4,0,1,3,5,0,0,0,3,,7.25,3.78,4.535,7.31,3.78,4.52,6.33,3.15,4.54,120,,1.00,1.00,80.34,0,,0.6379,0.6566,2.80E+07,2,7.74049,50.87,48.75,44.20,14.58,29.62,51.77,38.28,13.49,0.343,11,1900 - 1979,5,7.4,2.2
162011,2011Per,Peru,PER,16,2011,04/10/2011,1980,31,6,1,130,5.00,130,5.00,0,0,2,0,2,37,3,3,0,4,1,6,5,0,2,0,4,0,1,3,5,0,0,0,3,,5.71,3.97,4.47,5.71,3.97,4.46,5.08,3.97,4.46,130,,1.00,1.00,80.34,0,,0.6379,0.6566,3.00E+07,3.37,6.90396,48.14,37.44,37.84,3.16,34.68,43.36,0.69,42.68,0.32,11,1900 - 1979,5,7.4,2.2
162016,2016Per,Peru,PER,16,2016,04/10/2016,1980,36,7,1,130,5.00,130,5.00,0,0,2,0,2,37,4,4,0,4,1,6,5,,2,0,4,0,1,3,5,0,0,0,3,,4.96,2.83,4.023964,4.96,2.83,4.02,4.76,2.73,4.02,,,1,1,80.34,,,0.6379,0.6566,,,,,,45.55,22.63,22.92,75.12,27.29,47.83,0.324,11,1900 - 1979,5,7.4,2.2
162021,2021Per,Peru,PER,16,2021,04/11/2021,1980,41,8,1,130,5.00,130,5.00,0,0,2,0,2,,5,5,,4,1,6,5,,2,0,4,0,1,3,5,0,0,0,3,,,,,,,,13.16,,9.25,,,1,1,80.34,,,0.6379,0.6566,,,,,,,,,,,,0.38,11,1900 - 1979,5,7.4,2.2
171984,1984Uru ,Uruguay,URU,17,1984,11/25/1984,1984,0,1,0,99,5.20,99,5.20,0,1,1,1,1,38,1,1,1,4,0,4,5,0,2,0,0,0,1,1,5,0,0,0,0,,,,,2.95,2.92,2.96,2.96,2.92,2.96,129,,1.00,1.00,68.7,0,,0.2176,0.2504,3.00E+06,55.3,-1.14262,43.65,,,,,,,,0.831,46,1900 - 1984,16,27.1,2.875
171989,1989Uru ,Uruguay,URU,17,1989,11/26/1989,1984,5,2,0,99,5.20,99,5.20,0,0,1,0,1,38,2,2,0,4,0,4,5,0,2,0,0,0,1,1,5,0,0,0,0,,,,,3.38,3.33,3.38,3.38,3.33,3.38,129,,1.00,1.00,68.7,1,,0.2176,0.2504,3.10E+06,80.45,1.1039,42.37,13.13,11.00,0.57,10.43,10.95,0.50,10.45,0.928,46,1900 - 1984,16,27.1,2.875
171994,1994Uru ,Uruguay,URU,17,1994,11/29/1994,1984,10,3,0,99,5.20,99,5.20,0,0,1,0,1,38,3,3,0,4,0,4,5,0,2,0,0,0,1,1,5,0,0,0,0,,3.349,3.299,3.355558,3.31,3.30,3.35,3.35,3.3,3.35,129,,1.00,1.00,68.7,1,,0.2176,0.2504,3.20E+06,44.74,7.28134,40.08,8.08,16.90,5.35,11.52,16.90,5.20,11.70,0.928,46,1900 - 1984,16,27.1,2.875
171999,1999Uru ,Uruguay,URU,17,1999,10/31/1999,1984,15,4,0,99,5.20,99,5.20,0,0,1,0,1,38,4,4,0,4,0,5,5,0,2,0,1,0,1,3,5,0,0,0,1,,3.12,3.07,3.122756,3.12,3.07,3.12,3.12,3.07,3.12,129,,1.00,1.00,71.18,0,,0.2176,0.2504,3.30E+06,5.66,-1.93921,43.81,9.09,10.10,0.00,10.07,10.95,0.00,10.95,0.963,46,1900 - 1984,16,27.1,2.875
172004,2004Uru ,Uruguay,URU,17,2004,10/31/2004,1984,20,5,1,99,5.20,99,5.20,0,0,1,0,1,38,5,5,0,4,0,5,5,0,2,0,1,0,1,3,5,0,0,0,1,,2.49,2.39,2.487024,2.49,2.39,2.49,2.49,2.39,2.49,129,,1.00,1.00,71.18,1,,0.2176,0.2504,3.30E+06,9.16,5.00416,47.13,23.23,26.70,2.27,24.44,16.25,2.30,13.95,0.963,46,1900 - 1984,16,27.1,2.875
172009,2009Uru,Uruguay,URU,17,2009,10/25/2009,1984,25,6,1,99,5.20,99,5.20,0,0,1,0,1,38,6,6,0,4,0,5,5,0,2,0,1,0,1,3,5,0,0,0,1,,2.75,2.654,2.746046,2.75,2.65,2.91,2.74,2.65,2.90,129,,1.00,1.00,71.18,0,,0.2176,0.2504,3.40E+06,7.1,2.24548,46.28,23.07,8.20,0.69,7.54,8.21,0.69,7.52,0.963,46,1900 - 1984,16,27.1,2.875
172014,2014Uru,Uruguay,URU,17,2014,10/26/2014,1984,30,7,1,99,5.20,99,5.20,0,0,1,0,1,38,7,7,0,4,0,5,5,0,2,0,1,0,1,3,5,0,0,0,1,,2.74,2.65,2.736155,2.74,2.65,2.90,2.74,2.65,2.74,129,,1.00,1.00,71.18,0,,0.2176,0.2504,,,,,,4.20,0.78,3.41,4.19,0.78,3.41,0.959,46,1900 - 1984,16,27.1,2.875
172019,2019Uru,Uruguay,URU,17,2019,10/27/2019,1984,35,8,1,99,5.20,99,5.20,0,0,1,0,1,38,8,8,0,4,0,5,5,0,2,0,1,0,1,3,5,0,0,0,1,,,,,,,,3.54,3.32,3.82,,,1.00,1.00,71.18,,,0.2176,0.2504,,,,,,,,,,,,0.959,46,1900 - 1984,16,27.1,2.875
181958,1958Ven,Venezuela,VEN,18,1958,12/07/1958,1958,0,1,0,132,5.74,132,5.74,0,0,1,0,1,39,1,1,1,,,,,,,,,,,1,,,,,,,2.907,2.541,2.57716,2.907,2.541,2.57716,2.907,2.541,2.58,,,1,1,43.03,,,0.483275,0.4966,,,,,,,,,,,,0.7,0,1900 - 1957,1,0.0,0
181963,1963Ven,Venezuela,VEN,18,1963,12/01/1963,1958,5,2,0,179,7.26,179,7.26,0,1,2,1,2,40,1,1,1,,,,,,,,,,,1,,,,,,,4.77,4.32,4.56,4.77,4.32,4.56,4.77,4.32,4.56,,,1,1,43.03,,,0.483275,0.4966,,,,,,,,,,,,0.685,0,1900 - 1957,1,0.0,0
181968,1968Ven,Venezuela,VEN,18,1968,12/01/1968,1958,10,3,0,214,8.52,214,8.52,0,0,2,0,2,40,2,2,0,,,,,,,,,,,1,,,,,,,6.05,4.89,3.98,6.05,4.89,3.98,6.05,4.89,3.98,,,1,1,43.03,,,0.483275,0.4966,,,,,,,,,,,,0.685,0,1900 - 1957,1,0.0,0
181973,1973Ven,Venezuela,VEN,18,1973,12/09/1973,1958,15,4,0,200,7.96,200,7.96,0,0,2,0,2,40,3,3,0,,,,,,,,,,,1,,,,,,,3.36,2.72,2.65,3.36,2.72,2.65,3.36,2.72,2.65,,,1,1,43.03,,,0.483275,0.4966,,,,,,,,,,,,0.673,0,1900 - 1957,1,0.0,0
181978,1978Ven ,Venezuela,VEN,18,1978,12/03/1978,1958,20,5,0,199,8.65,199,8.65,0,0,2,0,2,40,4,4,0,4,0,1,5,0,2,0,0,0,1,1,5,0,0,0,0,,3.11,2.65,2.45,3.10,2.65,2.45,3.11,2.65,2.45,246,,1.00,1.00,43.03,0,,0.483275,0.4966,,,,,12.66,17.40,6.00,11.40,14.65,3.20,11.45,0.638,0,1900 - 1957,1,0.0,0
181983,1983Ven ,Venezuela,VEN,18,1983,12/04/1983,1958,25,6,1,200,8.70,200,8.70,0,0,2,0,2,40,5,5,0,4,0,1,5,0,2,0,0,0,1,1,5,0,0,0,0,,2.97,2.42,2.25,2.96,2.42,2.20,2.97,2.42,2.19,247,,1.00,1.00,43.03,1,,0.483275,0.4966,1.60E+07,6.34,-3.76482,55.61,14.77,17.27,3.37,13.90,18.55,0.60,17.95,0.655,0,1900 - 1957,1,0.0,0
181988,1988Ven ,Venezuela,VEN,18,1988,12/04/1988,1958,30,7,1,200,8.70,200,8.70,0,0,2,0,2,40,6,6,1,4,0,1,5,0,2,0,0,0,1,1,5,0,0,0,0,,3.38,2.83,2.25,3.34,2.80,2.25,3.34,2.83,2.25,246,,1.00,1.00,43.03,0,,0.483275,0.4966,1.90E+07,29.47,5.82137,53.45,12.75,15.14,3.74,11.40,10.45,1.00,9.45,0.655,0,1900 - 1957,1,0.0,0
181993,1993Ven ,Venezuela,VEN,18,1993,12/08/1993,1958,35,8,1,200,6.87,94,1.00,0.53,1,3,1,3,41,1,1,1,4,0,3,5,0,2,1,2,0,1,1,5,0,0,0,0,,5.635,4.74,4.03,5.49,4.65,4.03,5.55,4.74,4.03,250,,1.00,1.00,43.03,0,,0.483275,0.4966,2.10E+07,38.12,0.275388,42.1,25.89,37.37,15.91,21.46,52.81,30.46,22.35,0.622,0,1900 - 1957,1,0.0,0
181998,1998Ven ,Venezuela,VEN,18,1998,11/08/1998,1958,40,9,1,200,2.83,88,1.00,0.56,0,3,0,3,41,2,2,1,4,0,3,5,0,2,1,4,0,1,1,5,0,0,0,0,,7.36,6.05,4.03,6.76,6.05,2.10,7.09,5.66,2.10,257,,1.00,1.00,43.03,0,,0.483275,0.4966,2.30E+07,35.78,0.294055,48.06,20.12,44.95,41.38,3.57,99.37,99.29,0.08,0.62,0,1900 - 1957,1,0.0,0
182000,2000Ven ,Venezuela,VEN,18,2000,07/30/2000,1958,42,10,1,162,1.85,97,1.00,0.4,1,4,1,4,42,1,1,1,4,0,3,5,1,0,0,4,0,1,1,6,1,1,0,1,,4.195,2.815,2.005452,4.17,3.44,2.00,4.22,2.8,2.01,162,,1.00,1.00,48.84,0,,0.483275,0.4966,2.40E+07,16.2,3.68694,47.76,27.32,36.10,8.53,27.57,43.69,2.72,40.97,0.541,0,1900 - 1957,1,0.0,0
182005,2005Ven ,Venezuela,VEN,18,2005,12/04/2005,1958,47,11,1,167,1.46,115,1.00,0.31,0,4,0,4,42,2,2,0,4,0,3,5,1,0,0,4,0,0,1,6,1,1,0,1,,2.678,2,2.005452,1.33,1.93,2.00,2.23,1.86,2.01,167,,0.69,0.80,48.84,0,,0.483275,0.4966,2.70E+07,15.96,10.3179,49.46,33.00,48.08,16.36,31.72,43.69,2.72,40.97,0.588,0,1900 - 1957,1,0.0,0