country,year,general_consumption_price,domestic_absorption_price,household_consumption_price,output-side_gdp_price,exchange_rate
Argentina,1950,0.200355664,0.220171645,0.193067178,0.214472651,0.00000000000091604707854811
Argentina,1951,0.219622388,0.238291398,0.213861853,0.237590447,0.00000000000115547250459923
Argentina,1952,0.235865846,0.251157701,0.229605213,0.24855651,0.00000000000138805730274315
Argentina,1953,0.238648981,0.254907995,0.230860144,0.246106237,0.00000000000149782650897510
Argentina,1954,0.238441542,0.254359871,0.229684114,0.245493189,0.00000000000160310797430445
Argentina,1955,0.239595115,0.254510015,0.231291741,0.249911353,0.00000000000175251338243406
Argentina,1956,0.249156624,0.265222341,0.244171783,0.26014927,0.00000000000217526092347506
Argentina,1957,0.25252527,0.272518992,0.249352962,0.266153902,0.00000000000251701300281743
Argentina,1958,0.255636066,0.27598995,0.247361436,0.269746542,0.00000000000327570599767379
Argentina,1959,0.265893728,0.282844275,0.263632536,0.278037429,0.00000000000651740889839044
Argentina,1960,0.274167091,0.293128341,0.271127164,0.29126063,0.00000000000760807276614756
Argentina,1961,0.258062005,0.290903538,0.259216487,0.293483168,0.00000000000909709360706620
Argentina,1962,0.293344438,0.310688287,0.283076614,0.292266786,0.00000000001150843274823680
Argentina,1963,0.291770905,0.306330621,0.289021909,0.295164675,0.00000000001409980457247250
Argentina,1964,0.297374606,0.315216064,0.302358985,0.308935553,0.00000000001776854548163540
Argentina,1965,0.278839946,0.304246813,0.27665624,0.306141019,0.00000000002152660430609540
Argentina,1966,0.294392586,0.315423667,0.284090459,0.308485806,0.00000000002639183139065640
Argentina,1967,0.293743938,0.318204015,0.285950869,0.31450972,0.00000000003329997145790170
Argentina,1968,0.313442439,0.33851549,0.307576984,0.33427313,0.00000000003499996769825380
Argentina,1969,0.342697203,0.371115774,0.335502833,0.363051325,0.00000000003499996769825380
Argentina,1970,0.337275863,0.366559267,0.328305185,0.355200708,0.00000000003791666665666670
Argentina,1971,0.388605863,0.420562804,0.378794163,0.414095819,0.00000000004521666665666670
Argentina,1972,0.360800683,0.388746858,0.35476923,0.384919167,0.00000000007931094903043640
Argentina,1973,0.390915006,0.416496247,0.374973238,0.412125528,0.00000000012079492192787800
Argentina,1974,0.416151851,0.445494413,0.391165584,0.4409464,0.00000000014719412290288400
Argentina,1975,0.41330719,0.479659587,0.386188209,0.476304948,0.00000000040655879684133200
Argentina,1976,0.442090631,0.515404165,0.433864206,0.504177809,0.00000000203708508482949000
Argentina,1977,0.49488008,0.558321834,0.490428418,0.532076418,0.00000000498617308060974000
Argentina,1978,0.535812557,0.596313655,0.519769847,0.560054481,0.00000001205740911977810000
Argentina,1979,0.58267951,0.632928371,0.566070139,0.609385014,0.00000002831579841395380000
Argentina,1980,0.608356774,0.656665742,0.576843917,0.669201136,0.00000005089013057944160000
Argentina,1981,0.640374899,0.684763312,0.608978212,0.687822998,0.00000009568491190734000000
Argentina,1982,0.643187642,0.701264024,0.612472951,0.672782719,0.00000027206572737563900000
Argentina,1983,0.638431668,0.693739057,0.608351052,0.668727756,0.00000126012088402414000000
Argentina,1984,0.636185288,0.688728213,0.608552694,0.664199829,0.00000861222555192081000000
Argentina,1985,0.647379816,0.687523305,0.630102634,0.649871826,0.00006018090000000000000000
Argentina,1986,0.687782466,0.72434479,0.661712348,0.708295941,0.00009430316666666670000000
Argentina,1987,0.65455991,0.693112791,0.631406069,0.686638832,0.00021442983333333300000000
Argentina,1988,0.731828153,0.769697964,0.710241556,0.750803351,0.00087526041666666700000000
Argentina,1989,0.453125536,0.471491784,0.451842725,0.469790757,0.04233396083333330000000000
Argentina,1990,0.763231933,0.797753751,0.714044631,0.766300261,0.48758908333333300000000000
Argentina,1991,0.869933724,0.892206967,0.811022222,0.880164206,0.95355441666666700000000000
Argentina,1992,0.882692039,0.89454478,0.842535675,0.896997869,0.99064166666666700000000000
Argentina,1993,0.796500206,0.805251122,0.757565916,0.81191498,0.99894583333333300000000000
Argentina,1994,0.755507886,0.753535867,0.736832082,0.758818924,0.99900833333333300000000000
Argentina,1995,0.68534416,0.67961514,0.700797319,0.677719116,0.99975000000000000000000000
Argentina,1996,0.567067027,0.555963814,0.646585107,0.55557245,0.99966250000000000000000000
Argentina,1997,0.594018221,0.577363908,0.650510788,0.57818234,0.99950000000000000000000000
Argentina,1998,0.607726932,0.589451134,0.643743515,0.590570331,0.99950000000000000000000000
Argentina,1999,0.612148941,0.594847023,0.631851971,0.593338966,0.99950000000000000000000000
Argentina,2000,0.623366356,0.602082491,0.631976426,0.598882139,0.99950000000000000000000000
Argentina,2001,0.629134953,0.608175933,0.62888211,0.601721942,0.99950000000000000000000000
Argentina,2002,0.247862652,0.248459026,0.250013083,0.265796781,3.06325666666667000000000000
Argentina,2003,0.29835096,0.299104601,0.299527615,0.313149542,2.90062916666667000000000000
Argentina,2004,0.324157476,0.328347802,0.320858002,0.338844359,2.92330081890332000000000000
Argentina,2005,0.357951254,0.365958333,0.347013533,0.374069393,2.90365750000000000000000000
Argentina,2006,0.382524967,0.392346144,0.372631162,0.400639266,3.05431333333333000000000000
Argentina,2007,0.427711397,0.439500332,0.420427948,0.447401673,3.09564884920635000000000000
Argentina,2008,0.503020406,0.513370752,0.501030982,0.521898806,3.14416455988456000000000000
Argentina,2009,0.483554691,0.493734419,0.493986428,0.50273937,3.71010683052328000000000000
Argentina,2010,0.541057527,0.548531532,0.578374505,0.554976583,3.89629515447050000000000000
Argentina,2011,0.593119979,0.603088617,0.662615955,0.610243499,4.11013957621326000000000000
Argentina,2012,0.648819149,0.656915069,0.728290737,0.658890903,4.53693436018746000000000000
Argentina,2013,0.671189725,0.686719954,0.765787303,0.692923963,5.45935266465704000000000000
Argentina,2014,0.634098053,0.651301861,0.736803889,0.656077266,8.07527599281334000000000000
Argentina,2015,0.691593945,0.711099744,0.814611673,0.713174462,9.23318552472429000000000000
Argentina,2016,0.595631778,0.616241038,0.704616427,0.617629528,14.75817508733960000000000000
Argentina,2017,0.604500294,0.626330733,0.640839159,0.628545046,16.56270692514110000000000000
Argentina,2018,0.484672248,0.506822467,0.521541476,0.508562982,28.09499166666670000000000000
Argentina,2019,0.433223814,0.453534245,0.476809144,0.459516078,48.14789166666670000000000000
Bolivia (Plurinational State of),1950,0.099191196,0.097460814,0.106453188,0.071785465,0.00000014875683403361700000
Bolivia (Plurinational State of),1951,0.101874992,0.099894919,0.106577829,0.076217033,0.00000022118805740863700000
Bolivia (Plurinational State of),1952,0.104874745,0.102690518,0.109802447,0.078314573,0.00000029233423065716500000
Bolivia (Plurinational State of),1953,0.102739409,0.101072408,0.10545034,0.08091443,0.00000105935529040661000000
Bolivia (Plurinational State of),1954,0.103845738,0.102108128,0.106029399,0.080906063,0.00000196736357497870000000
Bolivia (Plurinational State of),1955,0.108087197,0.105633087,0.109959915,0.085151143,0.00000417561321847989000000
Bolivia (Plurinational State of),1956,0.11658819,0.113107435,0.120188393,0.089518785,0.00000775999987138459000000
Bolivia (Plurinational State of),1957,0.118361942,0.115108669,0.127159953,0.090666719,0.00000833000021589016000000
Bolivia (Plurinational State of),1958,0.114023857,0.11041446,0.123225234,0.091968723,0.00000971000018832971000000
Bolivia (Plurinational State of),1959,0.106716707,0.103119932,0.115130998,0.081381194,0.00001189999978870320000000
Bolivia (Plurinational State of),1960,0.117774747,0.112007342,0.129537866,0.092414953,0.00001189999978870320000000
Bolivia (Plurinational State of),1961,0.121855207,0.117503665,0.134535372,0.099836163,0.00001189999978870320000000
Bolivia (Plurinational State of),1962,0.131937385,0.121728234,0.148612604,0.103625573,0.00001189999978870320000000
Bolivia (Plurinational State of),1963,0.129898638,0.123403892,0.145807326,0.103750132,0.00001189999978870320000000
Bolivia (Plurinational State of),1964,0.134712964,0.127159327,0.15163058,0.109093182,0.00001189999978870320000000
Bolivia (Plurinational State of),1965,0.125603408,0.125640601,0.13863115,0.113444194,0.00001189999978870320000000
Bolivia (Plurinational State of),1966,0.125384852,0.128006727,0.13765648,0.11242754,0.00001189999978870320000000
Bolivia (Plurinational State of),1967,0.13552478,0.135298148,0.149595931,0.116636604,0.00001189999978870320000000
Bolivia (Plurinational State of),1968,0.124113746,0.124727301,0.138210833,0.108813174,0.00001189999978870320000000
Bolivia (Plurinational State of),1969,0.125096664,0.12684235,0.139569491,0.112075791,0.00001189999978870320000000
Bolivia (Plurinational State of),1970,0.123524979,0.126688465,0.139029801,0.119345859,0.00001188000000000000000000
Bolivia (Plurinational State of),1971,0.130321071,0.129972413,0.150299504,0.121322908,0.00001188000000000000000000
Bolivia (Plurinational State of),1972,0.144207701,0.149349138,0.160913691,0.139431313,0.00001329500000000000000000
Bolivia (Plurinational State of),1973,0.132581308,0.143583357,0.149379209,0.12930949,0.00002001000000000000000000
Bolivia (Plurinational State of),1974,0.193022102,0.203210965,0.225358903,0.193525597,0.00002001000000000000000000
Bolivia (Plurinational State of),1975,0.228655607,0.232871488,0.272589326,0.205441311,0.00002001000000000000000000
Bolivia (Plurinational State of),1976,0.239819452,0.251338243,0.281721473,0.225889698,0.00002001000000000000000000
Bolivia (Plurinational State of),1977,0.233082786,0.239165336,0.267592043,0.218512163,0.00002352578425780780000000
Bolivia (Plurinational State of),1978,0.26158163,0.268814474,0.300451607,0.238461599,0.00002485114835575000000000
Bolivia (Plurinational State of),1979,0.268883795,0.275820374,0.309101373,0.250039876,0.00002750009496781620000000
Bolivia (Plurinational State of),1980,0.275936872,0.286250025,0.318431407,0.267941266,0.00003494921829616140000000
Bolivia (Plurinational State of),1981,0.29148829,0.301889598,0.348603159,0.287746191,0.00003986594655592030000000
Bolivia (Plurinational State of),1982,0.285527468,0.301220834,0.354888707,0.297467232,0.00010181639063078800000000
Bolivia (Plurinational State of),1983,0.290171385,0.303261906,0.369541138,0.297463298,0.00037323048254286800000000
Bolivia (Plurinational State of),1984,0.276411474,0.292892486,0.336433738,0.294875622,0.00575304782479730000000000
Bolivia (Plurinational State of),1985,0.267497659,0.2820611,0.330855459,0.28333357,0.69508212295560000000000000
Bolivia (Plurinational State of),1986,0.281266958,0.287352651,0.338142216,0.280866832,2.17526408636933000000000000
Bolivia (Plurinational State of),1987,0.285334915,0.292683929,0.348600537,0.282452792,2.35966262628041000000000000
Bolivia (Plurinational State of),1988,0.320659071,0.333286971,0.382534206,0.334736377,2.35024166666667000000000000
Bolivia (Plurinational State of),1989,0.305955261,0.317692041,0.364311099,0.325722992,2.69168333333333000000000000
Bolivia (Plurinational State of),1990,0.294093341,0.306289136,0.343427002,0.315444618,3.17265000000000000000000000
Bolivia (Plurinational State of),1991,0.305490047,0.32043913,0.360099494,0.324510813,3.58060833333333000000000000
Bolivia (Plurinational State of),1992,0.306790411,0.324001878,0.364785582,0.32576111,3.90051666666667000000000000
Bolivia (Plurinational State of),1993,0.291689694,0.308927447,0.348068357,0.311499208,4.26508333333333000000000000
Bolivia (Plurinational State of),1994,0.27657491,0.293120116,0.334011853,0.298713744,4.62051666666667000000000000
Bolivia (Plurinational State of),1995,0.277198911,0.296762377,0.341450542,0.299566001,4.80034166666667000000000000
Bolivia (Plurinational State of),1996,0.27858302,0.299194455,0.346578836,0.296734303,5.07461250000000000000000000
Bolivia (Plurinational State of),1997,0.290084571,0.312780917,0.34578681,0.311737657,5.25425833333333000000000000
Bolivia (Plurinational State of),1998,0.303299636,0.327688932,0.349184722,0.32515344,5.51013333333333000000000000
Bolivia (Plurinational State of),1999,0.296023369,0.312743664,0.331622452,0.315041155,5.81240833333333000000000000
Bolivia (Plurinational State of),2000,0.29185605,0.308457553,0.320478886,0.315409422,6.18354166666667000000000000
Bolivia (Plurinational State of),2001,0.277509332,0.287902832,0.295285493,0.292417824,6.60691666666667000000000000
Bolivia (Plurinational State of),2002,0.258370489,0.267797053,0.268878192,0.26934132,7.17000000000000000000000000
Bolivia (Plurinational State of),2003,0.248728901,0.255231827,0.253335238,0.261908889,7.65916666666667000000000000
Bolivia (Plurinational State of),2004,0.248870715,0.254278123,0.249041185,0.266738176,7.93626666666667000000000000
Bolivia (Plurinational State of),2005,0.247980207,0.256681383,0.244893357,0.269396067,8.06606250000000000000000000
Bolivia (Plurinational State of),2006,0.264943898,0.277988493,0.260334253,0.305521995,8.01161666666667000000000000
Bolivia (Plurinational State of),2007,0.286155224,0.301893085,0.279032469,0.329534858,7.85124516125000000000000000
Bolivia (Plurinational State of),2008,0.328530729,0.34604314,0.31807363,0.371321738,7.23832069891667000000000000
Bolivia (Plurinational State of),2009,0.343324006,0.354011178,0.32623896,0.367939144,7.02000000000000000000000000
Bolivia (Plurinational State of),2010,0.345104098,0.356538177,0.325280756,0.377555788,7.01666666666667000000000000
Bolivia (Plurinational State of),2011,0.37815994,0.390414774,0.353568435,0.407075793,6.93696250000000000000000000
Bolivia (Plurinational State of),2012,0.380023837,0.395730495,0.349195778,0.416361749,6.91000000000000000000000000
Bolivia (Plurinational State of),2013,0.389645934,0.410050809,0.358802259,0.425758421,6.91000000000000000000000000
Bolivia (Plurinational State of),2014,0.395848572,0.420659781,0.365173757,0.434931725,6.91000000000000000000000000
Bolivia (Plurinational State of),2015,0.394640774,0.413886219,0.365057617,0.414628655,6.91000000000000000000000000
Bolivia (Plurinational State of),2016,0.391229987,0.408930272,0.364021122,0.406281918,6.91000000000000000000000000
Bolivia (Plurinational State of),2017,0.388245702,0.405225813,0.362500012,0.409830272,6.91000000000000000000000000
Bolivia (Plurinational State of),2018,0.398494422,0.4137775,0.369980305,0.417890877,6.91000000000000000000000000
Bolivia (Plurinational State of),2019,0.399413735,0.41265133,0.370135158,0.414572865,6.91000000000000000000000000
Brazil,1950,0.15524219,0.147734746,0.15819189,0.152019367,0.00000000000000789407279339
Brazil,1951,0.176071197,0.166190505,0.180772573,0.175068021,0.00000000000000792979232879
Brazil,1952,0.202695444,0.186889097,0.208832055,0.193703786,0.00000000000000792979232879
Brazil,1953,0.205681413,0.197734937,0.21153532,0.202946633,0.00000000000000856084232882
Brazil,1954,0.160116881,0.157316878,0.163285822,0.161976248,0.00000000000001309725509380
Brazil,1955,0.140133977,0.135591611,0.14407146,0.139190823,0.00000000000001785989275962
Brazil,1956,0.151402786,0.145999193,0.156646252,0.14957343,0.00000000000002059841098068
Brazil,1957,0.16254577,0.154021114,0.168589592,0.157918036,0.00000000000002178906888435
Brazil,1958,0.139996827,0.136904389,0.144782498,0.139698431,0.00000000000002750423489016
Brazil,1959,0.112548679,0.111121811,0.11618226,0.113432102,0.00000000000004345907500391
Brazil,1960,0.077313848,0.076146334,0.080344021,0.078656256,0.00000000000008096485040423
Brazil,1961,0.065113641,0.06693276,0.065800995,0.068395846,0.00000000000011668463188936
Brazil,1962,0.083062492,0.083887868,0.087492719,0.084429592,0.00000000000016788300041206
Brazil,1963,0.087251082,0.09069965,0.090007141,0.090955943,0.00000000000024884784274807
Brazil,1964,0.077633291,0.079479843,0.080558121,0.080306694,0.00000000000054175011869919
Brazil,1965,0.071964733,0.074947603,0.073471665,0.076238237,0.00000000000082155505484017
Brazil,1966,0.087122731,0.089995191,0.089276545,0.090836301,0.00000000000096086221715497
Brazil,1967,0.09404368,0.096026674,0.096786626,0.096498139,0.00000000000115255841598141
Brazil,1968,0.092684597,0.095748939,0.095138125,0.095884077,0.00000000000146451128293693
Brazil,1969,0.100050539,0.100744069,0.104881309,0.101243831,0.00000000000176217616629804
Brazil,1970,0.099968366,0.101045251,0.102815755,0.101800367,0.00000000000198785378344809
Brazil,1971,0.100540929,0.101346798,0.10420835,0.10138727,0.00000000000228822086312487
Brazil,1972,0.117116451,0.116515994,0.122406408,0.11656642,0.00000000000256796001993275
Brazil,1973,0.146683067,0.144741386,0.155093476,0.146055281,0.00000000000265094052783721
Brazil,1974,0.176049873,0.173761204,0.188559622,0.172545001,0.00000000000293836106151760
Brazil,1975,0.197907612,0.194038868,0.208838016,0.193875328,0.00000000000351684447193850
Brazil,1976,0.217577621,0.20998092,0.220014274,0.211742908,0.00000000000461870733099062
Brazil,1977,0.242166355,0.23634243,0.241709635,0.240764394,0.00000000000612086729455843
Brazil,1978,0.263579011,0.260803699,0.256727695,0.262984037,0.00000000000781974984419137
Brazil,1979,0.270810813,0.271353871,0.259307384,0.271730125,0.00000000001166069072006300
Brazil,1980,0.275437802,0.274110079,0.26868996,0.278169602,0.00000000002281231892444430
Brazil,1981,0.317259699,0.315975666,0.296202868,0.313946217,0.00000000004030010935313260
Brazil,1982,0.336256415,0.336086661,0.319027573,0.334754765,0.00000000007768544271710990
Brazil,1983,0.246938407,0.241065815,0.240473345,0.240464211,0.00000000024971817222113500
Brazil,1984,0.238595963,0.232985809,0.235934451,0.23631613,0.00000000079974132397413700
Brazil,1985,0.235041708,0.236480638,0.2282556,0.239886314,0.00000000268324234084592000
Brazil,1986,0.256777376,0.251859426,0.250056207,0.253522456,0.00000000590968226749251000
Brazil,1987,0.259441316,0.267168462,0.247127533,0.269909739,0.00000001697630782458400000
Brazil,1988,0.279173195,0.293239027,0.265077293,0.29900673,0.00000011354767374037000000
Brazil,1989,0.367889166,0.395922482,0.353281081,0.39808017,0.00000122638743473744000000
Brazil,1990,0.41731295,0.441128463,0.382512093,0.440545678,0.00002955726789426990000000
Brazil,1991,0.377398551,0.376199901,0.34766525,0.37594685,0.00017596144308602400000000
Brazil,1992,0.347549051,0.348111659,0.33573091,0.349041551,0.00195302352248811000000000
Brazil,1993,0.357331485,0.363376737,0.352757215,0.363980263,0.03827661092667300000000000
Brazil,1994,0.452002555,0.463433713,0.464693278,0.462142974,0.66468351407057700000000000
Brazil,1995,0.528054237,0.53395772,0.570391297,0.533188105,0.91766666666666700000000000
Brazil,1996,0.481793165,0.491068095,0.619931698,0.489453524,1.00510000000000000000000000
Brazil,1997,0.522230744,0.52049917,0.627732158,0.519523382,1.07799166666667000000000000
Brazil,1998,0.531592786,0.524181485,0.608662546,0.523022652,1.16051666666667000000000000
Brazil,1999,0.380739152,0.378347397,0.42179957,0.374676853,1.81393284657213000000000000
Brazil,2000,0.411773294,0.407887995,0.441608965,0.404040635,1.82942312207561000000000000
Brazil,2001,0.355637014,0.350705326,0.369232774,0.34766686,2.34963170932244000000000000
Brazil,2002,0.318396896,0.313818157,0.319781363,0.314121932,2.92036301775519000000000000
Brazil,2003,0.347550869,0.341315627,0.350863069,0.343966663,3.07747511847801000000000000
Brazil,2004,0.393181115,0.386264473,0.391527653,0.390986562,2.92511944951586000000000000
Brazil,2005,0.502964199,0.49466148,0.489503443,0.498012096,2.43439003623188000000000000
Brazil,2006,0.57741344,0.565617621,0.563637972,0.567241251,2.17532666666667000000000000
Brazil,2007,0.655302882,0.642504036,0.641843081,0.643693447,1.94705833333333000000000000
Brazil,2008,0.71881479,0.69940418,0.703754365,0.700388193,1.83376666666667000000000000
Brazil,2009,0.679256499,0.661029398,0.669493973,0.661534846,1.99942817314426000000000000
Brazil,2010,0.788291037,0.754130304,0.783394337,0.75639987,1.75922671058718000000000000
Brazil,2011,0.847309649,0.798830807,0.855193675,0.800869823,1.67282875525659000000000000
Brazil,2012,0.791829348,0.755251646,0.767570674,0.758270979,1.95306861112487000000000000
Brazil,2013,0.779590189,0.750045419,0.755980074,0.755746663,2.15608915126311000000000000
Brazil,2014,0.771134257,0.748061359,0.747307956,0.75236994,2.35295196276677000000000000
Brazil,2015,0.601533234,0.586670101,0.585604429,0.587307096,3.32690438276879000000000000
Brazil,2016,0.628292501,0.613890111,0.61528635,0.61519897,3.49131342157271000000000000
Brazil,2017,0.714071631,0.694424748,0.7050879,0.69483304,3.19138944630048000000000000
Brazil,2018,0.63160181,0.617081106,0.620446801,0.619415402,3.65382536145755000000000000
Brazil,2019,0.613449275,0.59901768,0.599449754,0.599987328,3.92734187106023000000000000
Chile,1950,,,,,
Chile,1951,0.088768996,0.102858864,0.090324931,0.107964277,0.00005529999822605580000000
Chile,1952,0.099805735,0.112162404,0.101942092,0.118609548,0.00005999999756215390000000
Chile,1953,0.108382322,0.130366728,0.110531583,0.135844216,0.00006929999547443780000000
Chile,1954,0.142653406,0.154362053,0.145691797,0.159987122,0.00008989999922129720000000
Chile,1955,0.142082036,0.157150045,0.146315485,0.165618658,0.00015849999665230500000000
Chile,1956,0.107882641,0.123733491,0.110898763,0.13171342,0.00032922200119792800000000
Chile,1957,0.088303581,0.101469055,0.090567335,0.105234817,0.00051274400114894000000000
Chile,1958,0.083034895,0.095758319,0.085557833,0.098118261,0.00068490898813834600000000
Chile,1959,0.081524059,0.095011704,0.084434137,0.099387705,0.00097679193958735400000000
Chile,1960,0.083524801,0.098313361,0.086611107,0.103138275,0.00104896897234950000000000
Chile,1961,0.115136541,0.125297919,0.107695848,0.131705984,0.00105013603593288000000000
Chile,1962,0.108887166,0.120138325,0.101903521,0.12421295,0.00105763597651100000000000
Chile,1963,0.109383672,0.111438736,0.112560958,0.117450356,0.00162178601439796000000000
Chile,1964,0.105523109,0.110880814,0.114433326,0.115662009,0.00230743290104237000000000
Chile,1965,0.103893884,0.111383662,0.108996823,0.120967612,0.00315665798067019000000000
Chile,1966,0.112028137,0.119167514,0.117457703,0.127432898,0.00385113799613779000000000
Chile,1967,0.104754172,0.112294205,0.10879048,0.118905537,0.00506826901469720000000000
Chile,1968,0.102809556,0.108882628,0.109240763,0.117736943,0.00687646575879759000000000
Chile,1969,0.11409352,0.119164318,0.120305374,0.12903975,0.00861758166718581000000000
Chile,1970,0.125296265,0.129402071,0.131118402,0.139595389,0.01127750409198840000000000
Chile,1971,0.136910737,0.140275046,0.140680343,0.147600278,0.01220864357438480000000000
Chile,1972,0.147399619,0.15316999,0.150903091,0.159330949,0.02083522505959660000000000
Chile,1973,0.227124915,0.226242498,0.249515221,0.235088781,0.07164190845291530000000000
Chile,1974,0.208417773,0.22317937,0.228203699,0.240602434,0.59282626128923500000000000
Chile,1975,0.124109104,0.129211396,0.142038465,0.131842121,4.91041666666667000000000000
Chile,1976,0.157863617,0.165596902,0.182257041,0.173011482,13.05416666666670000000000000
Chile,1977,0.199694082,0.211091623,0.223626554,0.214720964,21.53583333333330000000000000
Chile,1978,0.210470274,0.227710351,0.234111041,0.23040086,31.65583333333330000000000000
Chile,1979,0.263564944,0.278871149,0.294222713,0.288221419,37.24583333333330000000000000
Chile,1980,0.330104202,0.3494564,0.362411737,0.361965895,39.00000000000000000000000000
Chile,1981,0.38575533,0.401049525,0.414672226,0.413191408,39.00000000000000000000000000
Chile,1982,0.325517505,0.33069706,0.352543503,0.33596772,50.90833333333330000000000000
Chile,1983,0.267458707,0.278329343,0.297630042,0.285610318,78.78833333333330000000000000
Chile,1984,0.258191675,0.272037446,0.290462583,0.274675578,98.47750000000000000000000000
Chile,1985,0.218622252,0.235918835,0.254314989,0.240817145,160.85999999991700000000000000
Chile,1986,0.219533935,0.241368145,0.257835865,0.247906059,192.92999999966700000000000000
Chile,1987,0.236382753,0.263973743,0.278868526,0.270134509,219.40666666666700000000000000
Chile,1988,0.244464248,0.275878966,0.287987381,0.28689149,245.01166666666700000000000000
Chile,1989,0.256351441,0.289411873,0.301814854,0.298874825,266.95416666666700000000000000
Chile,1990,0.282347351,0.315324843,0.330276549,0.322569042,304.90333333333300000000000000
Chile,1991,0.307534128,0.334139556,0.360538304,0.342916787,349.21583333333300000000000000
Chile,1992,0.342416108,0.366218895,0.400088787,0.366209209,362.57583333333300000000000000
Chile,1993,0.348238617,0.368108362,0.405620784,0.367098957,404.16583333333300000000000000
Chile,1994,0.367808789,0.385703415,0.426051587,0.386747986,420.17666666666700000000000000
Chile,1995,0.420964092,0.430832624,0.482252598,0.434664547,396.77333333333300000000000000
Chile,1996,0.428496271,0.439312875,0.484601378,0.440551072,412.26666666666700000000000000
Chile,1997,0.461072832,0.468586534,0.50661087,0.470461547,419.29500000000000000000000000
Chile,1998,0.45374012,0.45504716,0.485216051,0.453879446,460.28750000000000000000000000
Chile,1999,0.432666302,0.42950052,0.452002496,0.434797227,508.77666666666700000000000000
Chile,2000,0.440135688,0.429562122,0.451941937,0.430134624,539.58750000000000000000000000
Chile,2001,0.399561793,0.391420513,0.404763877,0.393369734,634.93833333333300000000000000
Chile,2002,0.388768315,0.378129363,0.388137192,0.382213086,688.93666666666700000000000000
Chile,2003,0.405266792,0.393558294,0.401996225,0.39975971,691.39750000000000000000000000
Chile,2004,0.471761167,0.456938088,0.464478374,0.469837427,609.52916666666700000000000000
Chile,2005,0.533248782,0.513227463,0.522841036,0.522208452,559.76750000000000000000000000
Chile,2006,0.569234729,0.551066756,0.562678993,0.561090231,530.27500000000000000000000000
Chile,2007,0.584250093,0.569664836,0.5826177,0.584647596,522.46416666666700000000000000
Chile,2008,0.611021459,0.598314703,0.614671707,0.624784887,522.46103583333300000000000000
Chile,2009,0.564669669,0.561871886,0.574546635,0.583316445,560.85989484127000000000000000
Chile,2010,0.619305432,0.614753425,0.63833189,0.643503308,510.24916666666700000000000000
Chile,2011,0.649326205,0.645157099,0.687269211,0.671669185,483.66750000000000000000000000
Chile,2012,0.67349112,0.662942827,0.716289878,0.671999395,486.47130339105300000000000000
Chile,2013,0.666244864,0.666067243,0.698817968,0.680080473,495.27287764550300000000000000
Chile,2014,0.617429733,0.618642926,0.65140599,0.627913713,570.34821612744000000000000000
Chile,2015,0.586105585,0.581591666,0.62586385,0.587677598,654.12408425419600000000000000
Chile,2016,0.61261481,0.602646649,0.661352873,0.610177636,676.95773604465700000000000000
Chile,2017,0.670304716,0.646076024,0.717696905,0.656024277,648.83379259826100000000000000
Chile,2018,0.697506309,0.673594058,0.745290518,0.682786942,641.27681306639500000000000000
Chile,2019,0.652022064,0.633165181,0.693844616,0.639754891,702.89742256152900000000000000
Colombia,1950,0.149036944,0.140334338,0.151545674,0.140931815,1.94982409725651000000000000
Colombia,1951,0.138571978,0.12820825,0.142038167,0.127999499,2.40055275269221000000000000
Colombia,1952,0.133464411,0.123751916,0.136590376,0.123403706,2.51048636756311000000000000
Colombia,1953,0.13832204,0.125706896,0.1421922,0.126229033,2.51048636756311000000000000
Colombia,1954,0.151116416,0.135576025,0.154527858,0.137598395,2.51048636756311000000000000
Colombia,1955,0.152424321,0.138180122,0.155743346,0.139055997,2.51048636756311000000000000
Colombia,1956,0.167242542,0.152010843,0.171210065,0.152793393,2.51048636756311000000000000
Colombia,1957,0.126058266,0.120863698,0.128405333,0.121111915,3.79771090037680000000000000
Colombia,1958,0.08529707,0.083780751,0.087095864,0.083162606,6.40114117484238000000000000
Colombia,1959,0.093660526,0.091423295,0.095416792,0.090030365,6.40114117484238000000000000
Colombia,1960,0.097081676,0.094974004,0.098925591,0.093936995,6.63500023733515000000000000
Colombia,1961,0.102668151,0.100986704,0.10420692,0.099790134,6.69999981780126000000000000
Colombia,1962,0.105298623,0.104795977,0.106707618,0.103428319,6.90120793268163000000000000
Colombia,1963,0.099334791,0.099381246,0.10053546,0.097926535,9.00000001146643000000000000
Colombia,1964,0.11463362,0.113026612,0.116473339,0.112246946,9.00000001146643000000000000
Colombia,1965,0.110202342,0.109644279,0.112946987,0.108547576,10.47500039481540000000000000
Colombia,1966,0.096854158,0.098829456,0.099060297,0.097136132,13.50000001719960000000000000
Colombia,1967,0.098895267,0.099009499,0.101373293,0.097650148,14.50638963640180000000000000
Colombia,1968,0.095328964,0.096792057,0.097579561,0.095134571,16.29067041565260000000000000
Colombia,1969,0.096660078,0.098135248,0.098936029,0.096631482,17.32014086068970000000000000
Colombia,1970,0.098682828,0.099906936,0.1010691,0.098712496,18.44309999908330000000000000
Colombia,1971,0.098130345,0.098615184,0.100743569,0.096918441,19.93193333258330000000000000
Colombia,1972,0.097540133,0.099029347,0.099981345,0.098176301,21.86564166566670000000000000
Colombia,1973,0.103543483,0.105562896,0.106287338,0.105178118,23.63698333233330000000000000
Colombia,1974,0.114167683,0.117497914,0.116871893,0.11616037,26.06412499900000000000000000
Colombia,1975,0.114626639,0.117027491,0.117024101,0.116010457,30.92894166566670000000000000
Colombia,1976,0.123285368,0.127524674,0.126071557,0.127682701,34.69392499900000000000000000
Colombia,1977,0.146209344,0.152333602,0.150260925,0.154610664,36.77486666566670000000000000
Colombia,1978,0.164096862,0.17067495,0.167475492,0.171991333,39.09464166566670000000000000
Colombia,1979,0.189337239,0.199238017,0.193221718,0.1994645,42.54977499900000000000000000
Colombia,1980,0.214044377,0.22634314,0.218792289,0.226271421,47.28030833241670000000000000
Colombia,1981,0.236425683,0.247674033,0.240708873,0.245008051,54.49054999900000000000000000
Colombia,1982,0.253840357,0.262010425,0.256873608,0.259861827,64.08471666575000000000000000
Colombia,1983,0.253478408,0.261628151,0.254467398,0.259081692,78.85429999958330000000000000
Colombia,1984,0.242592722,0.253058195,0.24197419,0.251625568,100.81724166625000000000000000
Colombia,1985,0.213890135,0.229603305,0.213341832,0.228566661,142.31166666641700000000000000
Colombia,1986,0.198674157,0.212832823,0.197961882,0.215404853,194.26141666666700000000000000
Colombia,1987,0.20429185,0.22158134,0.203556806,0.222678527,242.60750000000000000000000000
Colombia,1988,0.20953463,0.232585028,0.208283186,0.232379064,299.17383333333300000000000000
Colombia,1989,0.205967605,0.228209063,0.203622326,0.228886276,382.56808333333300000000000000
Colombia,1990,0.20074895,0.221861675,0.197039023,0.223109916,502.25925000000000000000000000
Colombia,1991,0.206912071,0.223643169,0.203090012,0.228771016,633.04516666666700000000000000
Colombia,1992,0.226103932,0.23210521,0.220444679,0.231591314,759.28200000000000000000000000
Colombia,1993,0.249604851,0.256383717,0.242754564,0.252141804,863.06468333333300000000000000
Colombia,1994,0.313382924,0.321231574,0.305457115,0.316566169,844.83589000000000000000000000
Colombia,1995,0.344040841,0.356041819,0.332936674,0.351012677,912.82641500000000000000000000
Colombia,1996,0.360032499,0.371510804,0.344561189,0.36802277,1036.68641666667000000000000000
Colombia,1997,0.390326321,0.399558932,0.37385419,0.396509826,1140.96294166667000000000000000
Colombia,1998,0.373244971,0.380054981,0.358924687,0.375301301,1426.03745833333000000000000000
Colombia,1999,0.343421936,0.34834975,0.328356534,0.346355915,1756.23084833333000000000000000
Colombia,2000,0.323677182,0.326660007,0.310087532,0.326354176,2087.90384166667000000000000000
Colombia,2001,0.320338011,0.322206587,0.307798177,0.319620818,2299.63315583333000000000000000
Colombia,2002,0.314206749,0.314952195,0.302019805,0.312718034,2504.24133083333000000000000000
Colombia,2003,0.29273054,0.294579118,0.282479703,0.292291671,2877.65245833333000000000000000
Colombia,2004,0.342740685,0.344937742,0.330649763,0.344545364,2628.61290250000000000000000000
Colombia,2005,0.401723593,0.403196573,0.387476087,0.401450783,2320.83417666667000000000000000
Colombia,2006,0.408323139,0.410993457,0.394619673,0.408413142,2361.13940750000000000000000000
Colombia,2007,0.474118978,0.477049649,0.459334642,0.473832756,2078.29183666667000000000000000
Colombia,2008,0.50739938,0.51309222,0.495937586,0.507033169,1967.71130916667000000000000000
Colombia,2009,0.47200197,0.480972975,0.462316662,0.476581633,2158.25590299025000000000000000
Colombia,2010,0.531806171,0.543741167,0.523216724,0.53620261,1898.56963600842000000000000000
Colombia,2011,0.555710137,0.569812,0.552800775,0.55846566,1848.13946995183000000000000000
Colombia,2012,0.593014359,0.610225618,0.590597093,0.598903954,1796.89591231100000000000000000
Colombia,2013,0.589505553,0.613898218,0.594076633,0.607369125,1868.78532709080000000000000000
Colombia,2014,0.569279671,0.597236395,0.581980169,0.586432338,2001.78104817600000000000000000
Colombia,2015,0.434659213,0.460851938,0.453376681,0.450214148,2741.88085479965000000000000000
Colombia,2016,0.417307466,0.444020092,0.445139527,0.435885817,3054.12167321081000000000000000
Colombia,2017,0.451437205,0.479788631,0.491422683,0.474925339,2951.32740234760000000000000000
Colombia,2018,0.46398589,0.494031966,0.507077694,0.487202376,2955.70396997842000000000000000
Colombia,2019,0.433281779,0.465856194,0.474050909,0.458530992,3280.83163119763000000000000000
Dominican Republic,1950,,,,,
Dominican Republic,1951,0.101455413,0.104190879,0.107533313,0.100354545,1.00000000000000000000000000
Dominican Republic,1952,0.108876571,0.113586493,0.117366746,0.099417649,1.00000000000000000000000000
Dominican Republic,1953,0.110702701,0.115443796,0.118281059,0.097842909,1.00000000000000000000000000
Dominican Republic,1954,0.107411973,0.112637095,0.113490969,0.096009329,1.00000000000000000000000000
Dominican Republic,1955,0.107999802,0.113729872,0.115892716,0.095127486,1.00000000000000000000000000
Dominican Republic,1956,0.108387351,0.115935586,0.116277874,0.098801181,1.00000000000000000000000000
Dominican Republic,1957,0.110686287,0.117033832,0.119403534,0.10709206,1.00000000000000000000000000
Dominican Republic,1958,0.108134091,0.115756325,0.116903685,0.104155228,1.00000000000000000000000000
Dominican Republic,1959,0.106736094,0.114869691,0.115217283,0.093205906,1.00000000000000000000000000
Dominican Republic,1960,0.10405615,0.109021574,0.111438602,0.087780416,1.00000000000000000000000000
Dominican Republic,1961,0.104575485,0.107676797,0.113534853,0.087075107,1.00000000000000000000000000
Dominican Republic,1962,0.10036543,0.10455782,0.107804053,0.094192229,1.00000000000000000000000000
Dominican Republic,1963,0.101993516,0.108223297,0.10880246,0.106489114,1.00000000000000000000000000
Dominican Republic,1964,0.103774659,0.110615812,0.110904731,0.1106681,1.00000000000000000000000000
Dominican Republic,1965,0.106921576,0.11041116,0.118061565,0.103836507,1.00000000000000000000000000
Dominican Republic,1966,0.104272224,0.110343829,0.112745032,0.108634867,1.00000000000000000000000000
Dominican Republic,1967,0.109438486,0.114912584,0.118282177,0.111723021,1.00000000000000000000000000
Dominican Republic,1968,0.113110892,0.118719079,0.119514771,0.117539793,1.00000000000000000000000000
Dominican Republic,1969,0.116807684,0.123195387,0.122549914,0.124295935,1.00000000000000000000000000
Dominican Republic,1970,0.120320357,0.127414733,0.125290081,0.130945191,1.00000000000000000000000000
Dominican Republic,1971,0.128041252,0.131188929,0.132835656,0.13606663,0.99999999900000000000000000
Dominican Republic,1972,0.135962412,0.142295465,0.141219407,0.134482965,1.00000000000000000000000000
Dominican Republic,1973,0.145702526,0.152209491,0.151127547,0.144725367,1.00000000000000000000000000
Dominican Republic,1974,0.165342912,0.170615628,0.173833221,0.186075449,0.99999999950000000000000000
Dominican Republic,1975,0.180635169,0.189767912,0.190038934,0.219044581,0.99999999900000000000000000
Dominican Republic,1976,0.207149476,0.213714242,0.216966242,0.210457608,0.99999999900000000000000000
Dominican Republic,1977,0.231797576,0.236315593,0.243880212,0.246866703,0.99999999900000000000000000
Dominican Republic,1978,0.2384388,0.24741894,0.250000685,0.253872663,0.99999999900000000000000000
Dominican Republic,1979,0.261539698,0.274604261,0.272928745,0.286708862,0.99999999900000000000000000
Dominican Republic,1980,0.274882883,0.290326744,0.289130867,0.36586377,0.99999999900000000000000000
Dominican Republic,1981,0.274327457,0.297610462,0.290395766,0.352686077,0.99999999900000000000000000
Dominican Republic,1982,0.301592052,0.323203534,0.318208516,0.375550836,0.99999999900000000000000000
Dominican Republic,1983,0.306673676,0.332039624,0.323978871,0.381737441,0.99999999900000000000000000
Dominican Republic,1984,0.384263098,0.410077184,0.410588324,0.409936875,0.99999999958333300000000000
Dominican Republic,1985,0.167231321,0.176928729,0.180940658,0.17259033,3.11260833333333000000000000
Dominican Republic,1986,0.183733419,0.202373892,0.19823201,0.195492357,2.90433333325000000000000000
Dominican Republic,1987,0.160201102,0.180627748,0.170003071,0.1633268,3.84475833333333000000000000
Dominican Republic,1988,0.133109629,0.152651355,0.141836062,0.140173733,6.11251666666667000000000000
Dominican Republic,1989,0.201524734,0.220259607,0.220713302,0.215172857,6.34000000000000000000000000
Dominican Republic,1990,0.258722246,0.267302483,0.286669284,0.262721002,8.52530000000000000000000000
Dominican Republic,1991,0.267658353,0.270235658,0.297578216,0.265327424,12.69242500000000000000000000
Dominican Republic,1992,0.279428601,0.280469805,0.309965819,0.266171128,12.77418333333330000000000000
Dominican Republic,1993,0.290843219,0.290262103,0.323400259,0.275060892,12.67578333333330000000000000
Dominican Republic,1994,0.302664459,0.299975365,0.339682788,0.283117235,13.16014166666670000000000000
Dominican Republic,1995,0.321909755,0.320235789,0.351694793,0.309675664,13.59735000000000000000000000
Dominican Republic,1996,0.328531384,0.325281471,0.356118143,0.324025065,13.77458333333330000000000000
Dominican Republic,1997,0.339520067,0.338828504,0.362404317,0.336962759,14.26547500000000000000000000
Dominican Republic,1998,0.326641381,0.323866576,0.349152982,0.318211287,15.26659166666670000000000000
Dominican Republic,1999,0.321578324,0.320668221,0.340759069,0.312149584,16.03308333333330000000000000
Dominican Republic,2000,0.341865361,0.334568709,0.359350741,0.338565409,16.41501666666670000000000000
Dominican Republic,2001,0.34185487,0.336387217,0.359096855,0.320912153,16.95161666666670000000000000
Dominican Republic,2002,0.328977138,0.32296142,0.345420331,0.323630959,18.60982500000000000000000000
Dominican Republic,2003,0.277590066,0.269642413,0.294740498,0.277834564,30.83070833333330000000000000
Dominican Republic,2004,0.283562303,0.283327609,0.306096792,0.291444361,42.09883016659560000000000000
Dominican Republic,2005,0.394379079,0.409673601,0.421960384,0.41033873,30.51063789114530000000000000
Dominican Republic,2006,0.377140194,0.393216372,0.399700165,0.389218211,33.25369246262590000000000000
Dominican Republic,2007,0.394617796,0.415608585,0.417027146,0.408609062,33.31186193542170000000000000
Dominican Republic,2008,0.422047794,0.442555249,0.441349894,0.434220105,34.86610162990820000000000000
Dominican Republic,2009,0.409908921,0.425043821,0.426099867,0.409873903,36.11405222039290000000000000
Dominican Republic,2010,0.417606652,0.43483752,0.4375965,0.417124569,37.30657898781040000000000000
Dominican Republic,2011,0.442100108,0.461566657,0.464764953,0.445225596,38.23155874819630000000000000
Dominican Republic,2012,0.451092601,0.472707063,0.465935886,0.461467981,39.33565636442340000000000000
Dominican Republic,2013,0.454134703,0.476606458,0.472496927,0.468158662,41.80814391527650000000000000
Dominican Republic,2014,0.45751214,0.479126662,0.476540685,0.474456728,43.55596269804530000000000000
Dominican Republic,2015,0.452171534,0.462510735,0.472937346,0.457557023,45.05169768839780000000000000
Dominican Republic,2016,0.456038177,0.456608653,0.479463845,0.450156271,46.07797960678210000000000000
Dominican Republic,2017,0.464150816,0.468094438,0.493207872,0.459585756,47.53435819624820000000000000
Dominican Republic,2018,0.464519382,0.477036953,0.491148621,0.469285369,49.50999285714290000000000000
Dominican Republic,2019,0.458189577,0.46761018,0.484640062,0.461108804,51.29485833333330000000000000
Ecuador,1950,0.058104999,0.051714338,0.064543493,0.052024089,1.00000000000000000000000000
Ecuador,1951,0.06177431,0.05326511,0.06848526,0.053662043,1.00000000000000000000000000
Ecuador,1952,0.062964596,0.055132817,0.069633454,0.05555892,1.00000000000000000000000000
Ecuador,1953,0.06385532,0.055086184,0.071130402,0.055430777,1.00000000000000000000000000
Ecuador,1954,0.065745592,0.055231694,0.072994322,0.05550814,1.00000000000000000000000000
Ecuador,1955,0.067490458,0.056544941,0.074942544,0.057084925,1.00000000000000000000000000
Ecuador,1956,0.067333937,0.056036707,0.074728064,0.056588296,1.00000000000000000000000000
Ecuador,1957,0.069286115,0.05772309,0.07697285,0.05858577,1.00000000000000000000000000
Ecuador,1958,0.06977459,0.05851528,0.077334955,0.059314605,1.00000000000000000000000000
Ecuador,1959,0.070587255,0.058124892,0.078798965,0.058941837,1.00000000000000000000000000
Ecuador,1960,0.071067095,0.058981895,0.080229551,0.060080096,1.00000000000000000000000000
Ecuador,1961,0.070709474,0.060164213,0.080001622,0.06113296,1.00000000000000000000000000
Ecuador,1962,0.071126118,0.061761808,0.080068119,0.062952973,1.00000000000000000000000000
Ecuador,1963,0.076533444,0.066046491,0.085961394,0.066959903,1.00000000000000000000000000
Ecuador,1964,0.079108402,0.068440065,0.089419492,0.069072701,1.00000000000000000000000000
Ecuador,1965,0.082058989,0.071139663,0.093624786,0.071584992,1.00000000000000000000000000
Ecuador,1966,0.085061565,0.074954025,0.097232662,0.075451136,1.00000000000000000000000000
Ecuador,1967,0.088254191,0.077606328,0.101083554,0.078061558,1.00000000000000000000000000
Ecuador,1968,0.090096064,0.080072246,0.104010947,0.080563687,1.00000000000000000000000000
Ecuador,1969,0.095004894,0.085960679,0.110054418,0.086116485,1.00000000000000000000000000
Ecuador,1970,0.100971818,0.09219791,0.117861919,0.092754483,1.00000000000000000000000000
Ecuador,1971,0.093200102,0.084262088,0.109925002,0.083580822,1.00000000000000000000000000
Ecuador,1972,0.104429133,0.096563794,0.12299633,0.095644027,1.00000000000000000000000000
Ecuador,1973,0.117453784,0.10912995,0.137879461,0.10472174,1.00000000000000000000000000
Ecuador,1974,0.14020659,0.147917107,0.165986791,0.145313352,1.00000000000000000000000000
Ecuador,1975,0.171711251,0.159547418,0.191339239,0.155150354,1.00000000000000000000000000
Ecuador,1976,0.182688162,0.173420176,0.206078768,0.170640305,1.00000000000000000000000000
Ecuador,1977,0.203121766,0.199787974,0.223073348,0.200327799,1.00000000000000000000000000
Ecuador,1978,0.211279735,0.209633797,0.240164727,0.204925448,1.00000000000000000000000000
Ecuador,1979,0.239420578,0.233738586,0.269452006,0.233034298,1.00000000000000000000000000
Ecuador,1980,0.273763716,0.278743744,0.304232359,0.280109048,1.00000000000000000000000000
Ecuador,1981,0.319247454,0.331252724,0.366177261,0.331352264,1.00000000000000000000000000
Ecuador,1982,0.314588875,0.307670951,0.359824896,0.306753337,1.00000000000000000000000000
Ecuador,1983,0.271771401,0.273144573,0.326351076,0.27195099,1.00000000000000000000000000
Ecuador,1984,0.271133393,0.267088622,0.322070181,0.267491043,1.00000000000000000000000000
Ecuador,1985,0.263619065,0.25833562,0.316920549,0.262433082,1.00000000000000000000000000
Ecuador,1986,0.239835605,0.243297577,0.288158268,0.244224831,1.00000000000000000000000000
Ecuador,1987,0.222493783,0.226275206,0.266813785,0.225446045,1.00000000000000000000000000
Ecuador,1988,0.207114518,0.217367113,0.245472372,0.2198807,1.00000000000000000000000000
Ecuador,1989,0.213102505,0.228036419,0.27098164,0.230782002,1.00000000000000000000000000
Ecuador,1990,0.221487582,0.235473141,0.273379952,0.24033846,1.00000000000000000000000000
Ecuador,1991,0.245306984,0.254995912,0.30769977,0.25978294,1.00000000000000000000000000
Ecuador,1992,0.255387008,0.26608023,0.328245997,0.26536268,1.00000000000000000000000000
Ecuador,1993,0.29376471,0.300207585,0.379072964,0.302221328,1.00000000000000000000000000
Ecuador,1994,0.345419198,0.352308124,0.439604521,0.353603005,1.00000000000000000000000000
Ecuador,1995,0.372734934,0.378791481,0.466793388,0.378776401,1.00000000000000000000000000
Ecuador,1996,0.381837487,0.388953835,0.466679871,0.391839534,1.00000000000000000000000000
Ecuador,1997,0.404217929,0.412942171,0.479638398,0.414685875,1.00000000000000000000000000
Ecuador,1998,0.393489331,0.407514274,0.446987122,0.401682943,1.00000000000000000000000000
Ecuador,1999,0.278754056,0.293243945,0.308698952,0.297233641,1.00000000000000000000000000
Ecuador,2000,0.243421778,0.256738931,0.273838878,0.260847002,1.00000000000000000000000000
Ecuador,2001,0.335521489,0.331224561,0.366475552,0.325807184,1.00000000000000000000000000
Ecuador,2002,0.362800092,0.350501865,0.384358644,0.343779504,1.00000000000000000000000000
Ecuador,2003,0.387277544,0.371969253,0.399240434,0.369472295,1.00000000000000000000000000
Ecuador,2004,0.392086685,0.379443496,0.396382064,0.374280035,1.00000000000000000000000000
Ecuador,2005,0.392140031,0.378704101,0.390698314,0.373975903,1.00000000000000000000000000
Ecuador,2006,0.406088501,0.39631182,0.403306574,0.392473876,1.00000000000000000000000000
Ecuador,2007,0.414097011,0.408205271,0.409985989,0.404737979,1.00000000000000000000000000
Ecuador,2008,0.446460485,0.44468081,0.43620339,0.442452818,1.00000000000000000000000000
Ecuador,2009,0.459507048,0.461166888,0.447253048,0.457127512,1.00000000000000000000000000
Ecuador,2010,0.47092703,0.481549442,0.46139124,0.471091062,1.00000000000000000000000000
Ecuador,2011,0.482243299,0.49269557,0.477386504,0.483831584,1.00000000000000000000000000
Ecuador,2012,0.504802883,0.51233238,0.48791942,0.50696981,1.00000000000000000000000000
Ecuador,2013,0.518646538,0.522494078,0.503728092,0.508500934,1.00000000000000000000000000
Ecuador,2014,0.534835577,0.534697115,0.521979749,0.530183554,1.00000000000000000000000000
Ecuador,2015,0.548353016,0.543449938,0.542891204,0.539957762,1.00000000000000000000000000
Ecuador,2016,0.55575335,0.551637471,0.552887857,0.551840663,1.00000000000000000000000000
Ecuador,2017,0.553363502,0.544120967,0.556295574,0.544419348,1.00000000000000000000000000
Ecuador,2018,0.556449473,0.552413166,0.560316026,0.548829317,1.00000000000000000000000000
Ecuador,2019,0.556005597,0.552288413,0.559093177,0.552969873,1.00000000000000000000000000
Panama,1950,0.143438399,0.141805321,0.153161764,0.159529179,1.00000000000000000000000000
Panama,1951,0.152737215,0.151250541,0.166373566,0.172061041,1.00000000000000000000000000
Panama,1952,0.144698426,0.143915981,0.156637833,0.163616911,1.00000000000000000000000000
Panama,1953,0.145103201,0.14392142,0.156600252,0.157898828,1.00000000000000000000000000
Panama,1954,0.142559096,0.141096577,0.152390242,0.155849636,1.00000000000000000000000000
Panama,1955,0.142494708,0.141471907,0.146665171,0.15699935,1.00000000000000000000000000
Panama,1956,0.146466181,0.145057753,0.149936408,0.158721656,1.00000000000000000000000000
Panama,1957,0.14717339,0.14584063,0.149640813,0.158340126,1.00000000000000000000000000
Panama,1958,0.14461638,0.143611372,0.146300867,0.153041542,1.00000000000000000000000000
Panama,1959,0.148105145,0.146152183,0.149866417,0.152597815,1.00000000000000000000000000
Panama,1960,0.14140521,0.141642883,0.144657359,0.152630478,1.00000000000000000000000000
Panama,1961,0.138528004,0.140731603,0.141678572,0.150907665,1.00000000000000000000000000
Panama,1962,0.137434557,0.140254259,0.140951797,0.146546707,1.00000000000000000000000000
Panama,1963,0.141838118,0.14353089,0.144179627,0.150677279,1.00000000000000000000000000
Panama,1964,0.145440578,0.146771669,0.14960441,0.154050902,1.00000000000000000000000000
Panama,1965,0.14547655,0.146906465,0.14902623,0.154143438,1.00000000000000000000000000
Panama,1966,0.146795005,0.148952737,0.150022045,0.154868841,1.00000000000000000000000000
Panama,1967,0.147957221,0.150570571,0.150307164,0.155904576,1.00000000000000000000000000
Panama,1968,0.147962019,0.151059985,0.151032254,0.155466288,1.00000000000000000000000000
Panama,1969,0.148765787,0.15202783,0.150232732,0.155989349,1.00000000000000000000000000
Panama,1970,0.137378395,0.140348971,0.146522954,0.140294671,1.00000000000000000000000000
Panama,1971,0.139254123,0.141760275,0.148885608,0.141888469,0.99999999900000000000000000
Panama,1972,0.145915017,0.146763027,0.157388031,0.146223292,1.00000000000000000000000000
Panama,1973,0.15754962,0.161629245,0.16983813,0.161376297,1.00000000000000000000000000
Panama,1974,0.178241402,0.184009179,0.190379664,0.18168807,0.99999999950000000000000000
Panama,1975,0.202179715,0.203144059,0.222447902,0.198123276,0.99999999900000000000000000
Panama,1976,0.209337354,0.214617044,0.229064465,0.208763778,0.99999999900000000000000000
Panama,1977,0.222019196,0.229950696,0.244497836,0.223017856,0.99999999900000000000000000
Panama,1978,0.235430211,0.245144203,0.253646165,0.245122761,0.99999999900000000000000000
Panama,1979,0.266602725,0.277095556,0.285022825,0.273179591,0.99999999900000000000000000
Panama,1980,0.30068934,0.309234738,0.321938515,0.321147382,0.99999999900000000000000000
Panama,1981,0.318680912,0.326245695,0.353951573,0.334698975,0.99999999900000000000000000
Panama,1982,0.32857734,0.337955952,0.370600432,0.350035459,0.99999999900000000000000000
Panama,1983,0.333549768,0.343810827,0.363096267,0.343350232,0.99999999900000000000000000
Panama,1984,0.365470856,0.365851492,0.403897673,0.365933865,0.99999999958333300000000000
Panama,1985,0.373053253,0.378436923,0.417861521,0.393570691,1.00000000000000000000000000
Panama,1986,0.368612021,0.371053278,0.41676265,0.365833402,1.00000000000000000000000000
Panama,1987,0.354274094,0.361705869,0.401127577,0.348069042,1.00000000000000000000000000
Panama,1988,0.356012344,0.357498497,0.403875828,0.347713888,1.00000000000000000000000000
Panama,1989,0.353992462,0.357798219,0.392845243,0.344574273,1.00000000000000000000000000
Panama,1990,0.371146441,0.371176302,0.4154194,0.346229553,1.00000000000000000000000000
Panama,1991,0.358330786,0.367525756,0.398232818,0.337991387,1.00000000000000000000000000
Panama,1992,0.372161955,0.381969959,0.404294819,0.362648278,1.00000000000000000000000000
Panama,1993,0.386765271,0.39405185,0.423135161,0.381776929,1.00000000000000000000000000
Panama,1994,0.403754085,0.412048221,0.445437759,0.394650072,1.00000000000000000000000000
Panama,1995,0.410616666,0.425983965,0.460342497,0.406020135,1.00000000000000000000000000
Panama,1996,0.40233472,0.419540703,0.441790223,0.396371216,1.00000000000000000000000000
Panama,1997,0.393002659,0.409137815,0.427673906,0.387491792,1.00000000000000000000000000
Panama,1998,0.391728193,0.409059167,0.418136925,0.3854146,1.00000000000000000000000000
Panama,1999,0.404888093,0.411372781,0.430152059,0.389309913,1.00000000000000000000000000
Panama,2000,0.391899914,0.400460005,0.413070112,0.375510097,1.00000000000000000000000000
Panama,2001,0.388314158,0.390680641,0.409889191,0.374470115,1.00000000000000000000000000
Panama,2002,0.387306482,0.38492775,0.406780094,0.367650002,1.00000000000000000000000000
Panama,2003,0.359260738,0.364732593,0.372476518,0.343757123,1.00000000000000000000000000
Panama,2004,0.38005662,0.378183812,0.395315528,0.369603574,1.00000000000000000000000000
Panama,2005,0.358609647,0.360872537,0.36885643,0.32926023,1.00000000000000000000000000
Panama,2006,0.366028458,0.368053287,0.376413792,0.33238855,1.00000000000000000000000000
Panama,2007,0.42181614,0.471440583,0.429850399,0.433703363,1.00000000000000000000000000
Panama,2008,0.442758471,0.500922978,0.45046255,0.471886009,1.00000000000000000000000000
Panama,2009,0.451952755,0.496232957,0.456589848,0.484908611,1.00000000000000000000000000
Panama,2010,0.459780246,0.503005564,0.459702373,0.484876662,1.00000000000000000000000000
Panama,2011,0.479266852,0.520547628,0.480215043,0.50522095,1.00000000000000000000000000
Panama,2012,0.494074196,0.543374896,0.490482777,0.518633246,1.00000000000000000000000000
Panama,2013,0.508520842,0.559790492,0.50934279,0.539069414,1.00000000000000000000000000
Panama,2014,0.506424487,0.55927223,0.515212417,0.537237465,1.00000000000000000000000000
Panama,2015,0.494931608,0.541976154,0.504505277,0.548317492,1.00000000000000000000000000
Panama,2016,0.485222548,0.529582262,0.498912692,0.537117302,1.00000000000000000000000000
Panama,2017,0.482889146,0.521569312,0.501078248,0.514148712,1.00000000000000000000000000
Panama,2018,0.489313781,0.529861271,0.512198448,0.519841075,1.00000000000000000000000000
Panama,2019,0.489433497,0.534380376,0.512313902,0.525821924,1.00000000000000000000000000
Peru,1950,0.054152872,0.056652393,0.054881927,0.056919165,0.00000001479999979076940000
Peru,1951,0.060954768,0.062593304,0.061795428,0.063872531,0.00000001519999892094100000
Peru,1952,0.062015075,0.065821849,0.062927976,0.064580314,0.00000001549999893470340000
Peru,1953,0.051255226,0.055346139,0.052063148,0.053391974,0.00000001979999913196530000
Peru,1954,0.057513949,0.060081672,0.058685504,0.059119083,0.00000001889999909067790000
Peru,1955,0.060103271,0.063554145,0.061263222,0.061917864,0.00000001889999909067790000
Peru,1956,0.064512253,0.068843514,0.064649634,0.067124568,0.00000001889999909067790000
Peru,1957,0.065468825,0.073569499,0.065529525,0.07110256,0.00000001909999909985290000
Peru,1958,0.059113894,0.064571083,0.059391588,0.061162472,0.00000002399999932463970000
Peru,1959,0.058826465,0.062796548,0.058651518,0.060565408,0.00000002779999949896410000
Peru,1960,0.064695954,0.069988243,0.064831786,0.069204777,0.00000002729999947602670000
Peru,1961,0.068506606,0.074477926,0.068137042,0.072821736,0.00000002679999945308930000
Peru,1962,0.071005419,0.07797543,0.069928296,0.075927168,0.00000002679999945308930000
Peru,1963,0.074732438,0.080817118,0.073449671,0.078638881,0.00000002679999945308930000
Peru,1964,0.08226002,0.088238426,0.080115251,0.088211589,0.00000002679999945308930000
Peru,1965,0.094782136,0.100293025,0.093821794,0.098545209,0.00000002679999945308930000
Peru,1966,0.105778426,0.111165725,0.103685543,0.109815933,0.00000002679999945308930000
Peru,1967,0.102176912,0.107746817,0.101189785,0.106251717,0.00000003019999783270700000
Peru,1968,0.09271045,0.097560875,0.093115464,0.098468564,0.00000003869999999900000000
Peru,1969,0.098641612,0.103637077,0.099928766,0.105599865,0.00000003869999999900000000
Peru,1970,0.105443604,0.110195898,0.106921576,0.113746174,0.00000003869999999900000000
Peru,1971,0.113028154,0.119202435,0.115325727,0.119733073,0.00000003869999999900000000
Peru,1972,0.125518933,0.130004153,0.129057199,0.129571304,0.00000003869999999900000000
Peru,1973,0.135394409,0.141759649,0.137857333,0.143281206,0.00000003869999999900000000
Peru,1974,0.155566022,0.164960042,0.162118569,0.165849358,0.00000003869999999900000000
Peru,1975,0.192310274,0.200901419,0.203891546,0.192885727,0.00000004037083333258330000
Peru,1976,0.179392099,0.188125104,0.192142367,0.182692632,0.00000005575583333291670000
Peru,1977,0.161891326,0.169009358,0.174999714,0.167136475,0.00000008423483333258330000
Peru,1978,0.139335334,0.14743793,0.153233662,0.148140624,0.00000015634883333275000000
Peru,1979,0.15842922,0.171785787,0.174233928,0.184774891,0.00000022471891666566700000
Peru,1980,0.197985604,0.216885254,0.215636477,0.222960919,0.00000028885524999866700000
Peru,1981,0.232764602,0.254112959,0.249974191,0.251192361,0.00000042231799999850000000
Peru,1982,0.232350469,0.255337954,0.251500577,0.252860725,0.00000069756674999766700000
Peru,1983,0.196949646,0.212682918,0.214130595,0.211761892,0.00000162863416666367000000
Peru,1984,0.193711072,0.210165158,0.209286928,0.213614047,0.00000346685416666492000000
Peru,1985,0.159558594,0.17550315,0.173759565,0.182809964,0.00001097494249999990000000
Peru,1986,0.221716538,0.237952173,0.242366791,0.236412883,0.00001394750000000000000000
Peru,1987,0.32760796,0.34623912,0.348171532,0.345408767,0.00001683583333333330000000
Peru,1988,0.288550675,0.318482488,0.315813214,0.317909449,0.00012883166666666700000000
Peru,1989,0.405330181,0.425884604,0.440155029,0.427574813,0.00266618750000000000000000
Peru,1990,0.334271163,0.35172835,0.364475995,0.353505284,0.18788557916666700000000000
Peru,1991,0.385952562,0.397865683,0.444984078,0.400409907,0.77250000000000000000000000
Peru,1992,0.399091929,0.407424778,0.465867579,0.406979859,1.24583333333333000000000000
Peru,1993,0.359751135,0.367890835,0.418718576,0.368702769,1.98831891666667000000000000
Peru,1994,0.39910686,0.406937808,0.45953986,0.408026487,2.19500000000000000000000000
Peru,1995,0.424629956,0.433689654,0.481531054,0.435504824,2.25333333333333000000000000
Peru,1996,0.427227616,0.429273754,0.483173907,0.429800987,2.45333333333333000000000000
Peru,1997,0.423465997,0.421337068,0.472090006,0.422788858,2.66416666666667000000000000
Peru,1998,0.418615013,0.41145438,0.457720548,0.411252171,2.93000000000000000000000000
Peru,1999,0.375698119,0.37075153,0.402789444,0.37095806,3.38333333333333000000000000
Peru,2000,0.378224283,0.370513678,0.400039941,0.37130329,3.49000000000000000000000000
Peru,2001,0.379368186,0.369436622,0.393267334,0.370877087,3.50683333333333000000000000
Peru,2002,0.374186039,0.362527698,0.381566614,0.366713047,3.51650000000000000000000000
Peru,2003,0.379927397,0.365674138,0.382399082,0.370947391,3.47846700000000000000000000
Peru,2004,0.394720972,0.382599503,0.393104732,0.391422629,3.41317500000000000000000000
Peru,2005,0.398631781,0.390488923,0.392467082,0.401756763,3.29584166666667000000000000
Peru,2006,0.402247608,0.396260768,0.395344585,0.41446206,3.27403250265816000000000000
Peru,2007,0.419579506,0.415842921,0.413184464,0.433086276,3.12804457735247000000000000
Peru,2008,0.461438209,0.45866552,0.455060959,0.467470646,2.92440833333333000000000000
Peru,2009,0.453448176,0.454410166,0.447596937,0.466869473,3.01150833333333000000000000
Peru,2010,0.480957061,0.489767879,0.475841403,0.502326965,2.82512500000000000000000000
Peru,2011,0.501289725,0.518478572,0.49722451,0.532628357,2.75410000000000000000000000
Peru,2012,0.545809507,0.557887018,0.536612451,0.565939665,2.63758641774892000000000000
Peru,2013,0.560240567,0.572572708,0.555162907,0.579798043,2.70189902597403000000000000
Peru,2014,0.560044527,0.568226874,0.558101594,0.572461367,2.83904413780664000000000000
Peru,2015,0.521068394,0.531417966,0.525062442,0.535678148,3.18443924152237000000000000
Peru,2016,0.51482451,0.522602439,0.523791254,0.529480696,3.37506158720665000000000000
Peru,2017,0.553298593,0.552178085,0.571501255,0.56123966,3.26048849083210000000000000
Peru,2018,0.558404326,0.561361015,0.576716006,0.570416212,3.28660269803296000000000000
Peru,2019,0.559578478,0.563575923,0.580074549,0.570263624,3.33726554653680000000000000
Paraguay,1950,,,,,
Paraguay,1951,0.117526069,0.130714208,0.121456601,0.11860615,6.30342388153076000000000000
Paraguay,1952,0.134404585,0.154503614,0.139501721,0.141600385,9.86074924468994000000000000
Paraguay,1953,0.097384207,0.115143262,0.1006651,0.106993616,24.28385543823240000000000000
Paraguay,1954,0.109874509,0.126793042,0.112928502,0.116650574,28.62593269348140000000000000
Paraguay,1955,0.102612861,0.114874698,0.106008396,0.105995983,37.81842422485350000000000000
Paraguay,1956,0.080560818,0.089765459,0.083426528,0.081870355,61.21268463134770000000000000
Paraguay,1957,0.076868244,0.09009672,0.079289645,0.08190766,77.67021179199220000000000000
Paraguay,1958,0.066452019,0.076953784,0.068938807,0.06992279,97.42136383056640000000000000
Paraguay,1959,0.063946478,0.073029704,0.066262536,0.066418111,114.90616607666000000000000000
Paraguay,1960,0.068225205,0.079700105,0.070672914,0.072628893,123.16670227050800000000000000
Paraguay,1961,0.071648739,0.084283255,0.074249655,0.076381072,126.00000000000000000000000000
Paraguay,1962,0.079101816,0.08934702,0.081772655,0.08308506,126.00000000000000000000000000
Paraguay,1963,0.081927195,0.089742884,0.085018881,0.08342506,126.00000000000000000000000000
Paraguay,1964,0.081492424,0.092168964,0.08431109,0.086268827,126.00000000000000000000000000
Paraguay,1965,0.083957866,0.096599795,0.087187491,0.090716481,126.00000000000000000000000000
Paraguay,1966,0.085758857,0.098817065,0.089807279,0.094155684,126.00000000000000000000000000
Paraguay,1967,0.083910823,0.096702412,0.087502614,0.091558717,126.00000000000000000000000000
Paraguay,1968,0.083902739,0.096900009,0.08786989,0.092747442,126.00000000000000000000000000
Paraguay,1969,0.086449459,0.099558167,0.091441602,0.095541194,126.00000000000000000000000000
Paraguay,1970,0.087915994,0.099978708,0.093915343,0.096089207,126.00000000000000000000000000
Paraguay,1971,0.093993284,0.105347015,0.100724198,0.101787165,126.00000000000000000000000000
Paraguay,1972,0.102253646,0.113659203,0.110354669,0.110433839,126.00000000000000000000000000
Paraguay,1973,0.121517934,0.137568548,0.13160713,0.13620168,126.00000000000000000000000000
Paraguay,1974,0.151429012,0.173904255,0.162544847,0.17212221,126.00000000000000000000000000
Paraguay,1975,0.159845591,0.193698436,0.173825175,0.186161175,126.00000000000000000000000000
Paraguay,1976,0.163677722,0.196401194,0.176423922,0.195226863,126.00000000000000000000000000
Paraguay,1977,0.174480364,0.211759105,0.188126713,0.214403942,126.00000000000000000000000000
Paraguay,1978,0.195288286,0.23736304,0.21158272,0.238181561,126.00000000000000000000000000
Paraguay,1979,0.267128438,0.315145969,0.291176111,0.298629582,126.00000000000000000000000000
Paraguay,1980,0.298849106,0.348454028,0.321449578,0.346240491,126.00000000000000000000000000
Paraguay,1981,0.34046936,0.388715088,0.363120496,0.393985987,126.00000000000000000000000000
Paraguay,1982,0.35607186,0.405527651,0.374556601,0.407494307,126.00000000000000000000000000
Paraguay,1983,0.41561386,0.461111844,0.437678844,0.457233191,126.00000000000000000000000000
Paraguay,1984,0.324021399,0.371269047,0.33537522,0.367472917,201.00000000000000000000000000
Paraguay,1985,0.26848489,0.303892553,0.276611239,0.302164108,306.66666666666700000000000000
Paraguay,1986,0.310549468,0.367303044,0.31699577,0.364840209,339.16666666666700000000000000
Paraguay,1987,0.253994197,0.295730591,0.258091331,0.290468633,550.00000000000000000000000000
Paraguay,1988,0.308075666,0.36170727,0.313520074,0.360387653,550.00000000000000000000000000
Paraguay,1989,0.20923385,0.243897632,0.210147232,0.248865157,1056.21666666667000000000000000
Paraguay,1990,0.251961231,0.280619979,0.252984732,0.272068113,1229.80833333333000000000000000
Paraguay,1991,0.287461996,0.323766142,0.29046458,0.312468827,1325.18333333333000000000000000
Paraguay,1992,0.289816499,0.322277457,0.29408747,0.313921481,1500.25833333333000000000000000
Paraguay,1993,0.294575393,0.327898949,0.296256185,0.318492949,1744.34583333333000000000000000
Paraguay,1994,0.31914565,0.357075155,0.31874451,0.344370216,1904.76083333333000000000000000
Paraguay,1995,0.356340349,0.394458592,0.353250116,0.380110264,1963.01916666667000000000000000
Paraguay,1996,0.371861696,0.41324985,0.362666279,0.404297829,2056.81166666667000000000000000
Paraguay,1997,0.369357467,0.408502519,0.356939584,0.400724947,2177.86250000000000000000000000
Paraguay,1998,0.328330874,0.359051675,0.315177172,0.344331771,2726.49000000000000000000000000
Paraguay,1999,0.313428938,0.340363383,0.302321076,0.331681848,3119.07333333333000000000000000
Paraguay,2000,0.329829663,0.347515881,0.31702584,0.334990203,3486.35333333333000000000000000
Paraguay,2001,0.292633623,0.301213324,0.279927462,0.28826198,4105.92500000000000000000000000
Paraguay,2002,0.224547669,0.227883697,0.214622602,0.216545239,5716.25833333333000000000000000
Paraguay,2003,0.216067642,0.224260554,0.205987558,0.215107322,6424.33916666667000000000000000
Paraguay,2004,0.258057863,0.265282661,0.248218551,0.250412434,5974.57750000000000000000000000
Paraguay,2005,0.269580066,0.287405372,0.258443683,0.265843242,6177.95833333333000000000000000
Paraguay,2006,0.314227164,0.331083834,0.302473426,0.302658468,5635.46250000000000000000000000
Paraguay,2007,0.373569578,0.387004346,0.364993185,0.366861492,5032.71666666667000000000000000
Paraguay,2008,0.474805713,0.481228352,0.471712202,0.471329451,4363.24166666667000000000000000
Paraguay,2009,0.412907422,0.411362737,0.409592301,0.395171642,4965.39166666667000000000000000
Paraguay,2010,0.414991111,0.423049241,0.416335851,0.419000298,4735.46166666667000000000000000
Paraguay,2011,0.451394826,0.469170511,0.459101826,0.469048291,4191.41625000000000000000000000
Paraguay,2012,0.457249612,0.475302219,0.447663635,0.469993472,4424.91750000000000000000000000
Paraguay,2013,0.486500174,0.507389784,0.477516562,0.517551899,4320.67416666667000000000000000
Paraguay,2014,0.491350085,0.516451597,0.486003339,0.518823504,4462.19166666667000000000000000
Paraguay,2015,0.4380081,0.463644087,0.435839266,0.462566793,5204.91000000000000000000000000
Paraguay,2016,0.418851435,0.445851177,0.419140488,0.444714487,5670.51743118687000000000000000
Paraguay,2017,0.437513471,0.46514681,0.441953599,0.460057676,5618.93345164280000000000000000
Paraguay,2018,0.442602307,0.471171021,0.445412874,0.468322605,5732.10455572912000000000000000
Paraguay,2019,0.422074884,0.446568996,0.425312191,0.438185811,6240.72207844257000000000000000
Venezuela (Bolivarian Republic of),1950,0.132182419,0.119825095,0.130026594,0.129379511,0.00371120420848985000000000
Venezuela (Bolivarian Republic of),1951,0.142239228,0.133375674,0.138420835,0.145088121,0.00330303054466048000000000
Venezuela (Bolivarian Republic of),1952,0.146606579,0.134419471,0.145568401,0.143466115,0.00326340094735390000000000
Venezuela (Bolivarian Republic of),1953,0.147361726,0.136012122,0.143406346,0.148119479,0.00316730408896663000000000
Venezuela (Bolivarian Republic of),1954,0.129888296,0.120709367,0.122980848,0.132054999,0.00362600248506169000000000
Venezuela (Bolivarian Republic of),1955,0.14609763,0.13420552,0.141799778,0.151812643,0.00319008911606184000000000
Venezuela (Bolivarian Republic of),1956,0.15286459,0.140139073,0.151554465,0.157798052,0.00320395954418351000000000
Venezuela (Bolivarian Republic of),1957,0.140308782,0.137510419,0.145583525,0.162886068,0.00331293805909441000000000
Venezuela (Bolivarian Republic of),1958,0.150667533,0.143483222,0.167751148,0.16061154,0.00331194721556518000000000
Venezuela (Bolivarian Republic of),1959,0.102366887,0.098435409,0.116621375,0.10874369,0.00474055227639311000000000
Venezuela (Bolivarian Republic of),1960,0.148511335,0.144793659,0.160385847,0.159428895,0.00331194721556518000000000
Venezuela (Bolivarian Republic of),1961,0.14348641,0.14589414,0.161795303,0.159435302,0.00331219446601834000000000
Venezuela (Bolivarian Republic of),1962,0.154278323,0.154935107,0.170926034,0.168944255,0.00331203032302663000000000
Venezuela (Bolivarian Republic of),1963,0.157155111,0.15702562,0.178555533,0.167352676,0.00331203032302663000000000
Venezuela (Bolivarian Republic of),1964,0.12144804,0.123258516,0.138843358,0.130689546,0.00434932608868996000000000
Venezuela (Bolivarian Republic of),1965,0.12324927,0.125277802,0.142985016,0.133361414,0.00440000000000000000000000
Venezuela (Bolivarian Republic of),1966,0.123120844,0.131042868,0.145990938,0.137069002,0.00440000000000000000000000
Venezuela (Bolivarian Republic of),1967,0.123740204,0.131898791,0.146627963,0.138947323,0.00440000000000000000000000
Venezuela (Bolivarian Republic of),1968,0.123167351,0.132824212,0.147191092,0.138137639,0.00440000000000000000000000
Venezuela (Bolivarian Republic of),1969,0.119263433,0.132327735,0.141901433,0.137265474,0.00440000000000000000000000
Venezuela (Bolivarian Republic of),1970,0.121447884,0.129529595,0.148072973,0.133326292,0.00440000000000000000000000
Venezuela (Bolivarian Republic of),1971,0.1215275,0.14540942,0.152267098,0.147268057,0.00440000000000000000000000
Venezuela (Bolivarian Republic of),1972,0.130077869,0.155002296,0.163564414,0.156443015,0.00430000000000000000000000
Venezuela (Bolivarian Republic of),1973,0.135764658,0.164144829,0.170804664,0.164318979,0.00430000000000000000000000
Venezuela (Bolivarian Republic of),1974,0.204673991,0.227329642,0.24771452,0.191763371,0.00430000000000000000000000
Venezuela (Bolivarian Republic of),1975,0.21522972,0.240959182,0.23268047,0.206906796,0.00430000000000000000000000
Venezuela (Bolivarian Republic of),1976,0.224204972,0.25547114,0.237533733,0.224747241,0.00430000000000000000000000
Venezuela (Bolivarian Republic of),1977,0.242714405,0.282971025,0.253740549,0.255385906,0.00430000000000000000000000
Venezuela (Bolivarian Republic of),1978,0.271237314,0.318086833,0.282502353,0.27731809,0.00430000000000000000000000
Venezuela (Bolivarian Republic of),1979,0.309425861,0.355631739,0.326536536,0.313210964,0.00430000000000000000000000
Venezuela (Bolivarian Republic of),1980,0.354266763,0.397517025,0.362247765,0.379054368,0.00430000000000000000000000
Venezuela (Bolivarian Republic of),1981,0.40566209,0.439655393,0.417287856,0.4258084,0.00430000000000000000000000
Venezuela (Bolivarian Republic of),1982,0.446976483,0.48239848,0.476128668,0.459048152,0.00430000000000000000000000
Venezuela (Bolivarian Republic of),1983,0.464452773,0.475636691,0.499922782,0.456599385,0.00430000000000000000000000
Venezuela (Bolivarian Republic of),1984,0.330034584,0.338393509,0.368604183,0.331353933,0.00701666666666667000000000
Venezuela (Bolivarian Republic of),1985,0.350767076,0.359647632,0.392083555,0.353859842,0.00750000000000000000000000
Venezuela (Bolivarian Republic of),1986,0.368126392,0.380139232,0.424384117,0.372614086,0.00808333333333333000000000
Venezuela (Bolivarian Republic of),1987,0.26615122,0.287273139,0.311134338,0.287600666,0.01450000000000000000000000
Venezuela (Bolivarian Republic of),1988,0.330878019,0.359895378,0.400432169,0.349310458,0.01450000000000000000000000
Venezuela (Bolivarian Republic of),1989,0.236372098,0.248220101,0.296154976,0.262184292,0.03469166666666670000000000
Venezuela (Bolivarian Republic of),1990,0.246207029,0.256039709,0.309398144,0.281566858,0.04689166666666670000000000
Venezuela (Bolivarian Republic of),1991,0.266863734,0.285310954,0.340386838,0.301777601,0.05682500000000000000000000
Venezuela (Bolivarian Republic of),1992,0.301002741,0.31909731,0.383487731,0.305525064,0.06838333333333330000000000
Venezuela (Bolivarian Republic of),1993,0.320698023,0.329466641,0.411653072,0.327072203,0.09084166666666670000000000
Venezuela (Bolivarian Republic of),1994,0.317874402,0.331169099,0.419879943,0.339273095,0.14685833333333300000000000
Venezuela (Bolivarian Republic of),1995,0.409906656,0.430197597,0.543400824,0.424583644,0.17684166666666700000000000
Venezuela (Bolivarian Republic of),1996,0.359434575,0.385730982,0.48892495,0.393956065,0.41735000000000000000000000
Venezuela (Bolivarian Republic of),1997,0.463631511,0.492514491,0.576429188,0.482779175,0.48863333333333300000000000
Venezuela (Bolivarian Republic of),1998,0.544017673,0.572121918,0.65245837,0.550012112,0.54756666666666700000000000
Venezuela (Bolivarian Republic of),1999,0.590079606,0.609339714,0.679787815,0.567878127,0.60572500000000000000000000
Venezuela (Bolivarian Republic of),2000,0.615378022,0.627532423,0.672174394,0.556006789,0.67996666666666700000000000
Venezuela (Bolivarian Republic of),2001,0.642243624,0.653107405,0.673399508,0.606655002,0.72365833333333300000000000
Venezuela (Bolivarian Republic of),2002,0.486291438,0.506769061,0.508493543,0.469835967,1.16095000000000000000000000
Venezuela (Bolivarian Republic of),2003,0.439603627,0.460745454,0.464149594,0.43369022,1.60695833333333000000000000
Venezuela (Bolivarian Republic of),2004,0.449068487,0.479144901,0.460098356,0.45176205,1.89133333333333000000000000
Venezuela (Bolivarian Republic of),2005,0.452067643,0.488196552,0.452299893,0.4603948,2.08975000000000000000000000
Venezuela (Bolivarian Republic of),2006,0.484521329,0.523997784,0.477409393,0.495471627,2.14700000000000000000000000
Venezuela (Bolivarian Republic of),2007,0.537695467,0.576267302,0.531988144,0.546862543,2.14700000000000000000000000
Venezuela (Bolivarian Republic of),2008,0.652514637,0.679629326,0.653440893,0.636099339,2.14700000000000000000000000
Venezuela (Bolivarian Republic of),2009,0.797806919,0.818507791,0.819071591,0.751844466,2.14700000000000000000000000
Venezuela (Bolivarian Republic of),2010,0.792040288,0.804218173,0.837360978,0.74654007,2.58206031746032000000000000
Venezuela (Bolivarian Republic of),2011,0.564900696,0.567772806,0.601924837,0.535924137,4.28930000000000000000000000
Venezuela (Bolivarian Republic of),2012,0.680683494,0.670265138,0.714722455,0.635485113,4.28930000000000000000000000
Venezuela (Bolivarian Republic of),2013,0.658763528,0.688670874,0.696504176,0.654976904,6.04796184166667000000000000
Venezuela (Bolivarian Republic of),2014,0.992278397,1.033426046,1.054234147,0.964554071,8.33949345036724000000000000
Venezuela (Bolivarian Republic of),2015,2.144049644,2.263493299,2.216650724,2.173382759,17.50979458510210000000000000
Venezuela (Bolivarian Republic of),2016,4.852520466,4.853948593,5.073601723,4.625201702,73.00382794647360000000000000
Venezuela (Bolivarian Republic of),2017,22.36481667,22.11449051,23.12284088,19.4101696,607.68822435838000000000000000
Venezuela (Bolivarian Republic of),2018,17.3693409,18.66888618,18.20743561,18.68258667,388549.29344608400000000000000000
Venezuela (Bolivarian Republic of),2019,17.49828529,18.82872581,18.14353752,18.84259224,76369942.27553210000000000000000000