pais,año,homicidios,estabilidad_gobierno,gini,corrupcion,crecimiento_negativo
Albania,1990,1.57,3.75,39.74,86.3,0
Albania,1991,1.24,9.51,40.99,54.74,0
Albania,1992,1,7.32,41.89,46.64,0
Albania,1993,3.58,5.99,50.86,31.41,1
Albania,1994,2.05,1.56,41.66,75.03,0
Albania,1995,6.5,1.56,43.46,71.41,1
Albania,1996,7.59,0.58,37.13,46.9,1
Albania,1997,1.03,8.66,41.2,21.76,0
Albania,1998,6.42,6.01,36.82,78.73,1
Albania,1999,2.25,7.08,32.2,20.8,0
Albania,2000,4.61,0.21,48.1,69.26,0
Albania,2001,2.85,9.7,50.05,87.92,1
Albania,2002,1.61,8.32,48.58,50.64,0
Albania,2003,8.85,2.12,43.9,36.45,1
Albania,2004,7.28,1.82,41.39,69.34,1
Albania,2005,6.38,1.83,55.9,77.2,1
Albania,2006,1.99,3.04,45.57,58.25,0
Albania,2007,1,5.25,44.38,87.69,0
Albania,2008,3.84,4.32,30.77,23.62,0
Albania,2009,4.41,2.91,40.24,55.34,0
Albania,2010,5.81,6.12,41.41,70.29,1
Albania,2011,7.11,1.39,41.96,80.38,1
Albania,2012,5.65,2.92,47.41,32.55,0
Albania,2013,5.44,3.66,46.01,76,1
Albania,2014,7.15,4.56,48.24,58.69,1
Albania,2015,4.02,7.85,52.95,47.76,1
Albania,2016,3.09,2,54.39,29.22,0
Albania,2017,3.32,5.14,51.54,80.57,0
Australia,1990,5.65,5.92,58.67,31.01,1
Australia,1991,8.31,0.46,30.55,41.69,1
Australia,1992,2.08,6.08,35.87,40.3,0
Australia,1993,4.09,1.71,30.23,81,0
Australia,1994,11.26,0.65,49.42,67.09,1
Australia,1995,2.03,9.49,56.94,75.77,0
Australia,1996,4.25,9.66,37.3,37.53,1
Australia,1997,4.13,8.08,57.81,63.74,1
Australia,1998,4.99,3.05,31.81,60.02,0
Australia,1999,5.29,0.98,58.03,78.3,0
Australia,2000,4.62,6.84,40.55,83.43,1
Australia,2001,2.34,4.4,33.04,20.85,0
Australia,2002,4.27,1.22,44.58,67.18,0
Australia,2003,1,4.95,37.7,23.63,0
Australia,2004,5.15,0.34,38.55,58.42,0
Australia,2005,1,9.09,39.22,40.13,0
Australia,2006,9.09,2.59,54.09,41.47,1
Australia,2007,4.71,6.63,46.17,44.71,1
Australia,2008,4.66,3.12,39.34,63.49,1
Australia,2009,5.33,5.2,48.31,43.38,1
Australia,2010,1,5.47,51.48,71.29,0
Australia,2011,4.79,1.85,38.18,48.32,0
Australia,2012,3.59,9.7,42.41,24.78,1
Australia,2013,5.56,7.75,33.66,74.86,1
Australia,2014,2.12,9.39,35.43,40,1
Australia,2015,3.58,8.95,50.43,50.29,1
Australia,2016,1,5.98,35.44,67.98,0
Australia,2017,4.44,9.22,45.75,43.27,1
Austria,1990,5.34,0.88,51.27,23.96,0
Austria,1991,4.76,1.96,33.21,46.17,0
Austria,1992,7.78,0.45,47.02,86.11,1
Austria,1993,7,3.25,37.7,64.92,1
Austria,1994,8.46,3.89,58.89,67,1
Austria,1995,3.22,2.71,44.51,64.26,0
Austria,1996,1.06,8.29,54.18,33.93,0
Austria,1997,4.59,3.57,46.51,49.28,1
Austria,1998,2.29,2.81,31.3,72.57,0
Austria,1999,2.43,5.43,48.99,27.1,0
Austria,2000,8.95,1.41,58.54,39.45,1
Austria,2001,3.61,8.02,48.05,39.34,1
Austria,2002,4.27,0.75,54.58,50.24,0
Austria,2003,1,9.87,56.53,88.63,0
Austria,2004,1,7.72,36.84,24.73,0
Austria,2005,4.45,1.99,36.36,56.31,0
Austria,2006,2.72,0.06,48.33,32.56,0
Austria,2007,5.85,8.15,42.33,87.95,1
Austria,2008,1,7.07,55.2,27.93,0
Austria,2009,2.44,7.29,57,48.25,0
Austria,2010,1,7.71,40.6,71.65,0
Austria,2011,8.63,0.74,37.11,69.32,1
Austria,2012,7.22,3.58,53.42,49.59,1
Austria,2013,8,1.16,38.24,44.26,1
Austria,2014,2.19,8.63,54.68,47.83,1
Austria,2015,5.26,6.23,42.71,38.5,1
Austria,2016,1.57,3.31,50.03,34.37,0
Austria,2017,4.3,0.64,32.87,53.81,0
Belgium,1990,7.99,3.11,48.72,38.8,1
Belgium,1991,4.57,3.25,43.55,40.12,0
Belgium,1992,4.37,7.3,47.6,65.97,1
Belgium,1993,3.35,6.38,35.04,87.8,1
Belgium,1994,4.53,8.87,52.11,62.25,1
Belgium,1995,2.67,4.72,55.88,25.39,0
Belgium,1996,3.92,1.2,36.5,25.29,1
Belgium,1997,5.61,7.13,32.87,86.6,1
Belgium,1998,4.16,7.61,30.71,40.81,1
Belgium,1999,4,5.61,49.26,26.44,0
Belgium,2000,2.5,7.71,48.21,61.93,1
Belgium,2001,1,4.94,46.4,63.66,0
Belgium,2002,2.8,5.23,36.96,65.4,0
Belgium,2003,3.3,4.28,41.73,38.72,0
Belgium,2004,2.34,0.25,47.83,21.06,0
Belgium,2005,5.99,1.08,44.9,87.55,1
Belgium,2006,11.98,0.31,59.63,37.56,1
Belgium,2007,1.36,6.36,34.09,67.32,0
Belgium,2008,7.53,3.14,50.85,69.46,1
Belgium,2009,1.48,5.09,42.13,62.7,0
Belgium,2010,1,9.08,42.85,41.9,0
Belgium,2011,3.5,2.49,51.53,38.98,0
Belgium,2012,2.55,4.1,50.77,61.84,0
Belgium,2013,1,7.56,59.74,80.63,0
Belgium,2014,3.68,2.29,33.85,86.27,0
Belgium,2015,8.01,0.77,33.12,27.41,1
Belgium,2016,3.32,2.9,51.73,30.84,0
Belgium,2017,5.3,1.61,47.35,86.13,1
Bosnia-Herzegovina,1990,4.08,9.3,38.22,71.56,1
Bosnia-Herzegovina,1991,1,8.08,32.38,81.81,0
Bosnia-Herzegovina,1992,1.76,6.33,32.57,34.18,1
Bosnia-Herzegovina,1993,4.75,8.71,56.83,61.13,1
Bosnia-Herzegovina,1994,4.74,8.04,35.76,69.08,1
Bosnia-Herzegovina,1995,3.98,1.87,39.7,67.61,0
Bosnia-Herzegovina,1996,1,8.93,36.8,48.57,0
Bosnia-Herzegovina,1997,1.24,5.39,40.65,21.08,0
Bosnia-Herzegovina,1998,3.57,8.07,32.08,60.8,1
Bosnia-Herzegovina,1999,1,8.96,45.57,37.72,0
Bosnia-Herzegovina,2000,2.3,3.18,32.03,51.52,0
Bosnia-Herzegovina,2001,8.43,1.1,54.01,87.03,1
Bosnia-Herzegovina,2002,9,2.28,37.01,47.93,1
Bosnia-Herzegovina,2003,5.24,4.27,46.2,78.79,1
Bosnia-Herzegovina,2004,2.04,8.18,56.4,33.2,0
Bosnia-Herzegovina,2005,1,8.61,49.53,67.07,0
Bosnia-Herzegovina,2006,5.95,0.07,45.99,88.39,0
Bosnia-Herzegovina,2007,4.24,5.11,39.73,27.13,1
Bosnia-Herzegovina,2008,3.38,4.17,39.99,20.58,0
Bosnia-Herzegovina,2009,3.52,2.22,50.08,50.35,0
Bosnia-Herzegovina,2010,6.38,1.2,59.82,26.48,0
Bosnia-Herzegovina,2011,2,3.38,49.86,72.39,0
Bosnia-Herzegovina,2012,4.23,9.43,46.73,84.02,1
Bosnia-Herzegovina,2013,5.97,3.23,51.92,50.38,1
Bosnia-Herzegovina,2014,2.17,5.19,43.96,38.11,0
Bosnia-Herzegovina,2015,1.21,7.03,31.8,50.41,0
Bosnia-Herzegovina,2016,1.91,3.64,46.87,70.64,0
Bosnia-Herzegovina,2017,3.12,9.72,58.73,20.63,1
Bulgaria,1990,1,9.62,35.26,61.26,0
Bulgaria,1991,7.1,2.52,50.7,62.93,1
Bulgaria,1992,5.64,4.97,36.03,64.64,1
Bulgaria,1993,4.69,3.01,46.07,36.94,0
Bulgaria,1994,4.96,2.85,32.9,69.98,0
Bulgaria,1995,6.24,0.37,43.51,26.4,1
Bulgaria,1996,6.25,6.1,52.68,33.95,1
Bulgaria,1997,3.71,5.03,40.43,81.42,1
Bulgaria,1998,8.63,0.51,49.95,71.71,1
Bulgaria,1999,4.53,2.79,53.86,20.96,0
Bulgaria,2000,1,9.08,57.82,37.39,0
Bulgaria,2001,6.94,2.4,37.04,35.01,1
Bulgaria,2002,3.57,1.45,41.98,38.96,0
Bulgaria,2003,1.42,4.89,34.57,37.33,0
Bulgaria,2004,2.1,9.86,59.77,24.38,0
Bulgaria,2005,5.81,2.42,57.81,52.13,1
Bulgaria,2006,1,6.72,46.2,71.29,0
Bulgaria,2007,4.3,7.62,55.26,62.47,1
Bulgaria,2008,7.84,2.38,45.63,67.1,1
Bulgaria,2009,4.15,7.28,48.71,25.68,1
Bulgaria,2010,7.91,3.68,32.67,86.6,1
Bulgaria,2011,5.64,6.32,52.66,78.69,1
Bulgaria,2012,1.56,6.34,33.83,76.36,1
Bulgaria,2013,4.53,5.36,54.78,77.61,1
Bulgaria,2014,3.71,0.9,53.46,85.29,0
Bulgaria,2015,1.54,8.35,51.26,58.1,0
Bulgaria,2016,2.46,3.21,31.08,34.02,1
Bulgaria,2017,7.89,1.87,39.09,63.17,0
Canada,1990,5.59,0.41,37.89,72,0
Canada,1991,2.27,5.91,40.8,71.65,0
Canada,1992,6.38,6.78,32.63,56.5,1
Canada,1993,8.43,0.17,58.11,24.79,0
Canada,1994,3.75,5.12,46.61,45.98,0
Canada,1995,5.29,2.26,39.17,84.45,0
Canada,1996,4.97,6.45,41.91,60.91,1
Canada,1997,3.92,1.74,43.42,57.68,0
Canada,1998,1,6.91,48.02,38.82,0
Canada,1999,1.83,3.87,45.47,45.79,0
Canada,2000,2.28,9.37,57.58,82.67,1
Canada,2001,5.28,1.38,44.91,66.65,1
Canada,2002,3.18,3.41,59.76,75.12,0
Canada,2003,1.91,1.13,55.54,51.8,0
Canada,2004,3.66,9.25,36.26,64.12,1
Canada,2005,1,8.77,57.92,37.39,0
Canada,2006,6.93,2.58,33.49,69.38,1
Canada,2007,1,6.6,54.52,49.93,0
Canada,2008,5.53,8.17,41.42,50.98,0
Canada,2009,4.27,5.55,56.34,65.45,0
Canada,2010,1,5.3,56.04,85.54,0
Canada,2011,7.14,2.42,54.18,24.48,1
Canada,2012,3.62,0.93,53.7,77.73,0
Canada,2013,1.99,8.97,39.14,40.47,1
Canada,2014,1,9,32.43,51.07,0
Canada,2015,2.48,6.33,42.09,21.53,0
Canada,2016,2.28,3.39,35.21,41.07,0
Canada,2017,7.71,3.49,50.85,55.18,1
Chile,1990,2.86,7.26,40.38,23.93,0
Chile,1991,5.58,8.97,59.27,54.38,1
Chile,1992,2.29,8.87,49.23,84.9,1
Chile,1993,1.81,7.8,54.67,27.38,0
Chile,1994,5.74,6.42,33.98,73.51,1
Chile,1995,3.87,0.84,55.86,48.68,0
Chile,1996,6.03,1.62,57.68,65.86,1
Chile,1997,5.92,8.99,44.61,38.22,1
Chile,1998,2.31,6.06,48.19,31.16,0
Chile,1999,5.91,0.09,52.94,31.23,0
Chile,2000,6.26,1.01,35.25,24.93,1
Chile,2001,1,6.64,45.08,33,0
Chile,2002,4.12,0.05,41.96,66.5,0
Chile,2003,4.01,1.61,34.39,81.72,0
Chile,2004,3.66,5.49,41.03,76.99,1
Chile,2005,1.53,6.92,32.05,67.96,0
Chile,2006,1,6.52,30.77,27.73,0
Chile,2007,2.2,2.24,34.05,40.24,0
Chile,2008,5.45,7.12,58.89,41.69,1
Chile,2009,4.72,2.37,46.49,37.5,0
Chile,2010,2.79,3.25,58.97,56.05,0
Chile,2011,1,7.46,42.97,57.49,0
Chile,2012,3.21,6.5,39.35,44.98,1
Chile,2013,1,8.49,45.18,44.77,0
Chile,2014,2.68,6.58,43.19,78,0
Chile,2015,6.55,5.68,33.17,75.25,1
Chile,2016,6.79,0.94,49.22,41.55,1
Chile,2017,1.43,3.68,36.48,83.97,0
Costa Rica,1990,7.08,2.65,48.59,86.7,1
Costa Rica,1991,2.54,2.44,49.51,42.87,0
Costa Rica,1992,1,9.73,34.56,44.81,0
Costa Rica,1993,5.02,3.93,31.84,55.39,0
Costa Rica,1994,4.78,8.92,53.42,85.88,1
Costa Rica,1995,5.08,6.31,43.79,81.34,1
Costa Rica,1996,1,7.95,31.74,27.18,0
Costa Rica,1997,5.8,5.03,59.85,47.49,1
Costa Rica,1998,3.71,5.77,31.73,58.74,0
Costa Rica,1999,4.97,4.93,50.85,55.22,1
Costa Rica,2000,9.05,1.95,59.51,33.57,1
Costa Rica,2001,6.33,7.22,37.18,80.12,1
Costa Rica,2002,6.09,2.81,34.27,67.39,0
Costa Rica,2003,5.34,0.24,33.64,78.65,0
Costa Rica,2004,5.66,6.45,39.1,80.11,1
Costa Rica,2005,9.24,1.77,33.03,72.38,1
Costa Rica,2006,3.97,9.4,50.76,50.74,1
Costa Rica,2007,1,9.54,31.87,62.74,0
Costa Rica,2008,2.75,9.15,45.28,31.23,1
Costa Rica,2009,3.51,3.7,59.9,67.16,0
Costa Rica,2010,2.99,0.15,54.42,32.55,0
Costa Rica,2011,1,9.28,48.46,68.58,0
Costa Rica,2012,7.5,4.28,39.19,36.07,1
Costa Rica,2013,1,9.67,48.72,28.23,0
Costa Rica,2014,5.48,9.64,45.81,31.57,1
Costa Rica,2015,5.42,8.53,42.78,20.14,1
Costa Rica,2016,2.84,2.94,33.92,70.31,0
Costa Rica,2017,3.89,3.85,56.6,71.27,0
Croatia,1990,3.75,8.51,43.49,56.05,1
Croatia,1991,8.26,3.17,35.84,31.3,1
Croatia,1992,5.63,1.69,41.03,25.85,0
Croatia,1993,3.11,5.57,42.42,21.34,1
Croatia,1994,1.2,9.36,54.83,31.6,0
Croatia,1995,1.21,6.96,52.01,82.36,0
Croatia,1996,5.27,5.7,53.08,36.91,1
Croatia,1997,6.42,0.97,30.33,44.8,1
Croatia,1998,7.55,6.15,42.48,27.37,1
Croatia,1999,1.61,9.9,44.44,35.57,0
Croatia,2000,3.19,1.4,30.58,56.35,0
Croatia,2001,3.41,5.18,37.79,62.54,1
Croatia,2002,1,8.77,52.81,37.17,0
Croatia,2003,1.95,7.41,34.11,24.04,0
Croatia,2004,4.88,6.97,46.06,47.37,1
Croatia,2005,3.37,7.02,36.46,36.39,0
Croatia,2006,7.39,3.59,30.36,35.37,1
Croatia,2007,7.98,2.94,37.24,87.19,1
Croatia,2008,4.45,8.09,59.28,63.14,1
Croatia,2009,1.87,8.1,54.05,58.98,1
Croatia,2010,3.37,8.67,58.79,49.1,1
Croatia,2011,5.03,9.13,44.64,50.03,1
Croatia,2012,2.37,5.11,33.29,57.86,0
Croatia,2013,3.24,5.02,46.44,68.75,0
Croatia,2014,1,7.98,43.63,69.15,0
Croatia,2015,3.21,6.5,55.33,32.02,1
Croatia,2016,4.3,7.02,32.94,55.01,1
Croatia,2017,4.48,7.96,44.65,48.84,1
Cyprus,1990,1,8.9,34.5,80.94,0
Cyprus,1991,2.96,3.38,39.74,64.2,0
Cyprus,1992,4.71,3.76,52.12,57.28,1
Cyprus,1993,9.21,0.94,44.28,28.08,1
Cyprus,1994,1.67,5.78,41.28,62.39,0
Cyprus,1995,10,0.36,41.83,28.2,1
Cyprus,1996,7.96,4.66,43.78,43.6,1
Cyprus,1997,2.16,5.43,53.55,30,0
Cyprus,1998,2.05,2.87,56.76,68.45,0
Cyprus,1999,1.92,5.91,58.66,34.44,1
Cyprus,2000,5.64,0.31,53.61,47.43,1
Cyprus,2001,2.75,0.37,39.46,82.7,0
Cyprus,2002,5.95,8.23,50.64,34.3,1
Cyprus,2003,6.37,3.6,43.13,55.55,1
Cyprus,2004,7.95,1.27,37.64,49.35,1
Cyprus,2005,2.06,5.22,55.23,21.27,1
Cyprus,2006,2.35,7.7,31.15,75.49,1
Cyprus,2007,5.25,2.16,57.05,24.83,0
Cyprus,2008,5.32,6.23,43.84,53.2,1
Cyprus,2009,7.35,0.85,49.12,59.25,1
Cyprus,2010,5.59,0.52,49.78,63.99,0
Cyprus,2011,4.8,5.31,56.85,68.2,0
Cyprus,2012,1.96,5.41,49.1,37.73,0
Cyprus,2013,1.92,6.37,48.42,20.7,0
Cyprus,2014,4.66,7.26,32,70.64,1
Cyprus,2015,3.71,9.76,45.55,57.5,0
Cyprus,2016,2.27,5.16,34.51,78.53,1
Cyprus,2017,4.41,3.23,52.12,77.5,0
Czechia,1990,3.85,7.95,45.37,79.03,1
Czechia,1991,4.5,2.71,50.41,53.96,0
Czechia,1992,1.82,4.39,31.25,43.35,0
Czechia,1993,7.54,0.78,32.54,75.41,1
Czechia,1994,5.94,0.25,51.49,51.59,0
Czechia,1995,4.85,9.63,32.16,32.84,0
Czechia,1996,2.03,8.36,32.14,79.85,0
Czechia,1997,3.25,6.96,30.36,81.78,1
Czechia,1998,2.32,4.09,58.7,52.64,0
Czechia,1999,6.45,1.73,52.13,25.3,1
Czechia,2000,4.53,1.56,40.6,47.15,1
Czechia,2001,6.25,2.5,38.9,76.25,1
Czechia,2002,6.35,5.49,40.49,83.12,1
Czechia,2003,1,7.15,53.24,34.24,0
Czechia,2004,6.27,6.6,49.84,24.69,1
Czechia,2005,4.33,2.8,35.56,81.41,0
Czechia,2006,2.12,9.55,35.22,47.26,1
Czechia,2007,4.1,7.38,32.95,57.92,1
Czechia,2008,7.63,5.54,49.81,87.76,1
Czechia,2009,6.04,6.12,52.93,24.66,1
Czechia,2010,5.91,4.2,37.95,65.38,1
Czechia,2011,6.4,2.48,30.63,25.19,1
Czechia,2012,3.33,3.56,32.47,46.28,0
Czechia,2013,3.44,7.58,59.04,76.27,1
Czechia,2014,4.77,0.14,38.86,50.34,1
Czechia,2015,10.48,1.16,53.08,89.8,1
Czechia,2016,5,0.46,48.74,59.13,0
Czechia,2017,5.39,0.41,41.46,42.48,0
Czechoslovakia,1990,3.64,8.55,36.17,35.41,1
Czechoslovakia,1991,3.38,7.04,33.64,44.54,1
Czechoslovakia,1992,5.35,4.74,48.45,46.08,1
Czechoslovakia,1993,2.11,0.98,53.24,24.81,0
Czechoslovakia,1994,8.96,4.92,49.32,45.87,1
Czechoslovakia,1995,3.78,4.73,45.91,52.5,1
Czechoslovakia,1996,5.59,1.73,31.26,70.59,1
Czechoslovakia,1997,5.17,4.34,59.05,65.97,1
Czechoslovakia,1998,7.94,3.99,53.96,69.61,1
Czechoslovakia,1999,1.94,6.16,38.78,20.59,0
Czechoslovakia,2000,2.97,6.35,59.4,35.24,1
Czechoslovakia,2001,6.66,0.45,48.06,66.32,0
Czechoslovakia,2002,7.22,3.75,47.47,53.88,1
Czechoslovakia,2003,5.68,6.26,52.44,20.37,1
Czechoslovakia,2004,3.56,5.03,54.35,76.31,0
Czechoslovakia,2005,7.31,8.56,49.69,74.1,1
Czechoslovakia,2006,4.98,6.59,33.84,58.39,0
Czechoslovakia,2007,3.15,1.63,40.15,24.65,0
Czechoslovakia,2008,10.08,0.71,57.84,73.66,1
Czechoslovakia,2009,2.36,6.42,36.74,60.86,0
Czechoslovakia,2010,8.61,0.27,41.17,74.74,1
Czechoslovakia,2011,1,5.86,42.96,72.62,0
Czechoslovakia,2012,3.04,9.4,43.18,76.21,1
Czechoslovakia,2013,1,5.75,48.39,56.26,0
Czechoslovakia,2014,7.3,3.88,58.29,29.82,1
Czechoslovakia,2015,3.39,6.43,37.22,66.98,0
Czechoslovakia,2016,1,4.58,33.65,63.43,0
Czechoslovakia,2017,2.24,5.46,35.92,71.96,0
Denmark,1990,1.98,9.41,56.61,31.89,0
Denmark,1991,2.79,3.86,49.37,33.65,0
Denmark,1992,1.29,9.61,38.58,82.33,0
Denmark,1993,4,9.05,54.48,72.5,1
Denmark,1994,7.53,1.96,55.84,83.58,1
Denmark,1995,7.25,0.69,55.4,73.11,1
Denmark,1996,5.67,1.01,57.57,61.8,1
Denmark,1997,6.23,0.18,37.57,65.79,1
Denmark,1998,5.59,0.94,52.65,82.24,0
Denmark,1999,4.61,6.83,43.82,60.52,1
Denmark,2000,4.44,0.71,55.26,64.27,0
Denmark,2001,5.77,3.19,51.85,30.95,1
Denmark,2002,3.32,8.45,53.29,53.17,1
Denmark,2003,6.46,0.23,49.68,70.15,0
Denmark,2004,1,8.14,35.32,38.97,0
Denmark,2005,1.58,2.82,46.35,34.16,0
Denmark,2006,5.53,1.18,59.54,41.97,0
Denmark,2007,4.21,6.97,58.12,36.91,1
Denmark,2008,1.9,6.29,31.3,35.04,0
Denmark,2009,6.03,8.77,34.94,49.74,1
Denmark,2010,4.29,7.35,33.95,83.55,1
Denmark,2011,4.42,8.03,51.78,55.49,1
Denmark,2012,4.82,2.82,54.53,33.15,1
Denmark,2013,6.79,1.77,36.41,25.39,1
Denmark,2014,2.16,7.51,45.18,68.73,0
Denmark,2015,1,8.07,55.22,46.8,0
Denmark,2016,3.35,9.91,51.98,77.53,1
Denmark,2017,6.09,4.13,46.27,66.17,1
Estonia,1990,6.2,3.72,47.71,75.74,1
Estonia,1991,5.68,7.76,45.25,39.04,1
Estonia,1992,3.8,3.41,38.93,68.47,0
Estonia,1993,5.56,9.31,46.95,38.48,1
Estonia,1994,1,8.58,50.67,85.73,0
Estonia,1995,6.06,4.29,56.2,64.55,1
Estonia,1996,1.37,7.51,49.09,42.72,0
Estonia,1997,2.62,7.55,52.83,38.87,1
Estonia,1998,5.92,1.03,34.8,33.36,0
Estonia,1999,6.97,9.03,43.85,68.62,1
Estonia,2000,2.45,5.05,30.28,35.31,0
Estonia,2001,4.63,8.26,37.4,61.67,1
Estonia,2002,6.53,3.2,51.79,38.52,1
Estonia,2003,1,8.96,59.75,66.34,0
Estonia,2004,1,3.89,32.98,77.05,0
Estonia,2005,3.89,0.11,42.04,74.46,0
Estonia,2006,1,9.05,54,73.26,0
Estonia,2007,7.1,0.91,36.12,33.14,0
Estonia,2008,6.23,3.19,46.65,26.19,1
Estonia,2009,2.73,9.5,51.99,68.93,1
Estonia,2010,4.58,9.51,48.48,45.78,1
Estonia,2011,1,5.73,35.64,50.26,0
Estonia,2012,3.69,6.32,40.66,22.18,1
Estonia,2013,5.86,4.48,53.51,38.17,1
Estonia,2014,5.08,2.93,46.63,22.36,0
Estonia,2015,4.11,3.29,30.16,81.54,0
Estonia,2016,5.01,6.73,52.83,37.04,1
Estonia,2017,4.36,7.52,31.06,59.01,1
Finland,1990,4.64,7.92,52.37,22.73,1
Finland,1991,4.35,7.9,36.07,66.68,1
Finland,1992,6,0.91,58.74,42.61,1
Finland,1993,2.6,4.94,41.04,82.85,0
Finland,1994,3.1,0.58,39.81,82.17,0
Finland,1995,2.37,5.5,34.47,42.77,0
Finland,1996,5.07,4.42,39.17,83.07,1
Finland,1997,4.37,8.88,56.3,89.73,0
Finland,1998,6.19,3.51,59.89,77.78,1
Finland,1999,5.31,1.17,41.05,79.14,1
Finland,2000,4.08,1.43,43.46,37.43,0
Finland,2001,4.97,7.62,51.66,60.37,1
Finland,2002,7.42,6.18,56.59,24.71,1
Finland,2003,3.61,1.01,47.79,26.64,0
Finland,2004,5.21,0.84,41.75,89.92,1
Finland,2005,2.72,7.01,42.38,42.86,0
Finland,2006,5.56,0.73,50.87,72.37,1
Finland,2007,1,8.22,30.1,76.47,0
Finland,2008,4.08,7.06,48.59,80.06,1
Finland,2009,7.49,0.81,40.66,89.83,1
Finland,2010,5.61,0.85,53.83,36.9,0
Finland,2011,2.04,9.87,32.79,22.82,1
Finland,2012,5.72,3.74,47.65,48.78,1
Finland,2013,6.12,3.71,44.43,29.11,1
Finland,2014,4.16,8.13,49.27,21.57,1
Finland,2015,3.41,9.47,31.95,45.23,1
Finland,2016,3.72,9.86,47.4,74.86,1
Finland,2017,2.5,7.53,46.84,59.63,0
FR Yugoslavia,1990,6.71,3.76,46.82,41.89,1
FR Yugoslavia,1991,8.26,0.84,48.1,65.8,1
FR Yugoslavia,1992,1.74,7.77,50.29,36.24,1
FR Yugoslavia,1993,5.29,5.58,54.15,21.01,1
FR Yugoslavia,1994,3.6,4.24,38.09,73.5,0
FR Yugoslavia,1995,4.56,9.06,54.75,63.66,1
FR Yugoslavia,1996,3.41,1.11,44.95,73.36,0
FR Yugoslavia,1997,4.55,4.93,32.31,22.73,1
FR Yugoslavia,1998,4.08,0.11,31.76,78.6,0
FR Yugoslavia,1999,3.46,4.69,40.03,63.37,0
FR Yugoslavia,2000,6.27,0.56,53.55,59.44,0
FR Yugoslavia,2001,3.79,1.19,51.23,63.72,0
FR Yugoslavia,2002,5.77,1.18,53.66,80.51,0
FR Yugoslavia,2003,4.94,6.49,45.52,61.09,1
FR Yugoslavia,2004,4.08,7.46,43.21,60.67,1
FR Yugoslavia,2005,1.77,5.83,34.42,89.35,0
FR Yugoslavia,2006,4.31,9.62,39.85,72.97,1
FR Yugoslavia,2007,6.61,3.75,43.02,50.96,1
FR Yugoslavia,2008,6.98,2.86,32.66,69.52,0
FR Yugoslavia,2009,2.38,8.69,36.62,47.25,1
FR Yugoslavia,2010,4.66,2.24,47.95,36.02,0
FR Yugoslavia,2011,1,9.63,52.07,61.78,0
FR Yugoslavia,2012,3.64,0.12,59.95,84.97,0
FR Yugoslavia,2013,1,9.7,57.99,85.04,0
FR Yugoslavia,2014,7.99,0.43,49.28,43.93,1
FR Yugoslavia,2015,7.92,8.91,42.64,56.94,1
FR Yugoslavia,2016,5.08,5.28,49.09,34.81,1
FR Yugoslavia,2017,1.34,9.93,53.57,89.69,1
France,1990,5.04,0.74,33.55,88.68,0
France,1991,1,5.54,42.3,65.47,0
France,1992,3.02,9.69,55.19,76.31,1
France,1993,5.41,5.23,41.51,70.06,1
France,1994,3.05,6.29,47.16,61.52,0
France,1995,5.98,6.96,47.63,23.73,1
France,1996,4.97,4.55,35.53,51.83,1
France,1997,4.63,6.28,40.87,67.24,1
France,1998,1,5.84,40.04,67.43,0
France,1999,1,9.01,30.79,46.12,0
France,2000,5.24,0.45,30.73,85.92,0
France,2001,1.68,2.81,54.95,31.71,0
France,2002,2.63,9.5,38.19,55.03,1
France,2003,2.06,8.9,45.54,68.36,1
France,2004,3.54,4.56,38.96,68.8,0
France,2005,7.6,6.2,58.22,65.4,1
France,2006,1.66,2.77,37.78,39.27,0
France,2007,1.28,1.88,42.89,30.93,0
France,2008,2.49,4.64,56.18,64.52,0
France,2009,3.26,3.53,55.26,61.95,0
France,2010,2.41,5.84,35.58,32.55,0
France,2011,3.94,0.78,54.08,69.36,0
France,2012,2.83,9.74,43.75,51.86,1
France,2013,3.62,9.86,44.49,66.74,1
France,2014,6.07,6.98,34,78.62,1
France,2015,1,5.36,32.42,31.88,0
France,2016,5.9,3.1,51.84,21.34,1
France,2017,1.25,8.14,44.89,74.54,0
Germany,1990,3.2,6.85,43.11,62.68,1
Germany,1991,6.78,1.63,51.89,68.97,0
Germany,1992,2.49,9.11,52.97,78.67,1
Germany,1993,1,8.23,34.77,76.2,0
Germany,1994,1.08,9.5,48.31,87.26,0
Germany,1995,3.48,7.26,34.06,57.52,1
Germany,1996,2.17,6.13,52.54,54.19,1
Germany,1997,2.27,4.18,49.71,48.13,0
Germany,1998,4.88,9.33,58.7,30.76,1
Germany,1999,3.16,8.66,32.07,60.08,1
Germany,2000,3.51,0.45,31.71,39.39,0
Germany,2001,6.26,0.26,38.47,84.49,0
Germany,2002,2.62,3.76,37.85,60.82,0
Germany,2003,3.18,8.11,37.41,61.5,1
Germany,2004,3.29,9.87,57.19,44.84,1
Germany,2005,5.41,1.5,37.49,23.64,0
Germany,2006,5.6,5.94,38.16,22.22,0
Germany,2007,4.34,3.81,52.78,49.63,0
Germany,2008,4.89,9.7,43.49,25.92,1
Germany,2009,3.03,8.42,53.3,62.48,1
Germany,2010,2.27,8.38,31.96,81.67,1
Germany,2011,5.75,4.69,44.63,81.8,1
Germany,2012,6.09,4.15,31.01,66.13,1
Germany,2013,5.02,2.73,31.88,34.79,1
Germany,2014,4.46,0.56,57.19,80.41,0
Germany,2015,4.27,8.65,34.18,82.03,1
Germany,2016,1.48,8.13,45.97,33.77,0
Germany,2017,1,10,42.33,71.62,0
Greece,1990,1,9.97,40.42,40.06,0
Greece,1991,4.46,5.55,57,76.18,1
Greece,1992,1,7.69,30.65,89.81,0
Greece,1993,1,9.45,49.91,22.1,0
Greece,1994,3.43,8.5,58.9,82.82,0
Greece,1995,3.79,2.47,46.81,63.58,0
Greece,1996,2.41,4.51,58.1,88.14,0
Greece,1997,2.96,1.29,31.57,52.55,0
Greece,1998,7.63,9.54,42.56,79.32,1
Greece,1999,1,6.06,37.8,24.37,0
Greece,2000,6.21,2.29,51.92,43.47,1
Greece,2001,2.26,6.72,59.44,24.69,0
Greece,2002,5.81,6.18,37.7,88.27,1
Greece,2003,7.65,3.58,49.63,77.19,1
Greece,2004,7.14,1.14,35.94,79.68,0
Greece,2005,2.4,6.72,46.96,85.66,0
Greece,2006,3.82,5.2,43.92,25.96,1
Greece,2007,3.75,7.72,59.16,46.99,1
Greece,2008,2.86,5.2,48.26,24.97,0
Greece,2009,6.84,8.52,40.49,34.76,1
Greece,2010,1,5.52,33.42,36.06,0
Greece,2011,7,5.61,34.54,52.84,1
Greece,2012,1,8.77,36.76,38.8,0
Greece,2013,4.24,4.03,37.53,27.07,0
Greece,2014,7.18,1.34,55.52,31.72,1
Greece,2015,6.59,0.29,46.84,30.31,1
Greece,2016,5.35,7.55,45.7,88.12,1
Greece,2017,2.88,6.2,33.44,73.15,0
Hungary,1990,2.94,7.04,55.8,87.74,0
Hungary,1991,3.92,2.13,51.68,50.78,0
Hungary,1992,6.42,1.36,32.03,39.49,1
Hungary,1993,5.59,0.15,51.24,75.88,1
Hungary,1994,7.47,3.51,46.31,42.84,1
Hungary,1995,5.69,5.9,32.45,40.96,1
Hungary,1996,1.59,3.92,43.75,36.28,0
Hungary,1997,2.01,4.37,44.54,29.08,0
Hungary,1998,1,9.04,34.97,37.95,0
Hungary,1999,4.04,3.48,58.37,44.87,1
Hungary,2000,1.2,5.14,55.5,67.18,0
Hungary,2001,1,7.84,50.07,24.38,0
Hungary,2002,2.4,3.97,43.87,34.74,0
Hungary,2003,1,6.22,42.35,76.63,0
Hungary,2004,1.25,8.62,49.53,30.28,1
Hungary,2005,6.28,9.5,46.36,43.99,1
Hungary,2006,6.14,1.47,31.87,80.53,0
Hungary,2007,2.2,9.27,45.38,30.84,1
Hungary,2008,5.95,4.92,54.19,25.79,1
Hungary,2009,4.34,2.58,43.78,53.92,0
Hungary,2010,4.49,4.59,31.56,41.17,0
Hungary,2011,1,9.8,53.59,59.44,0
Hungary,2012,7.17,4.93,36.04,76.27,1
Hungary,2013,5.53,3.29,37.76,29.6,1
Hungary,2014,1,6.33,34.94,60.65,0
Hungary,2015,4.89,2.4,39.91,55.39,0
Hungary,2016,6.56,0.76,52.7,30.09,0
Hungary,2017,8.24,1.29,45.58,63.68,0
Iceland,1990,2.56,1.28,36.15,39.15,0
Iceland,1991,5.29,1.52,56.33,54.15,0
Iceland,1992,6.69,1.39,56.39,25.76,1
Iceland,1993,2.97,6.41,56.12,52.17,0
Iceland,1994,1.88,1.82,37.16,41.45,0
Iceland,1995,1.38,3.46,43.54,77.57,0
Iceland,1996,2.35,8.97,59.55,23.99,1
Iceland,1997,2.75,4.74,53.16,49.3,0
Iceland,1998,3.7,6.68,30.82,52.09,1
Iceland,1999,5.13,1.72,31.96,70.75,0
Iceland,2000,8.58,1.92,43.92,60.2,1
Iceland,2001,5.69,0.41,57.28,66.7,0
Iceland,2002,9.58,1.69,46.16,74.39,1
Iceland,2003,7.23,2.79,44.93,80.35,1
Iceland,2004,5.29,1.77,33.16,41.97,1
Iceland,2005,6.6,0.89,49.7,57.66,0
Iceland,2006,6.49,1.21,54.66,78.81,1
Iceland,2007,7.06,4.61,41.41,89.26,1
Iceland,2008,6.33,2.06,53.27,82.27,0
Iceland,2009,6.87,3.64,58.93,46,1
Iceland,2010,1,5.03,36.11,33.66,0
Iceland,2011,1,6.9,45.7,54.26,0
Iceland,2012,6.79,0.39,38.61,71.91,0
Iceland,2013,3.75,7.99,53.79,54.48,1
Iceland,2014,1.98,6.28,47.33,53.82,0
Iceland,2015,8.73,0.82,49.04,78.68,1
Iceland,2016,4.67,8.74,53.94,45.3,1
Iceland,2017,3.81,9.21,41.88,80.19,1
Ireland,1990,4.38,0.61,57.45,48.48,0
Ireland,1991,6.15,2.77,45.99,42.98,1
Ireland,1992,2.26,8.06,34.74,51.78,0
Ireland,1993,2.09,7.48,50.88,73.37,0
Ireland,1994,6.69,1.85,53.8,28.82,1
Ireland,1995,8.58,2.09,39.5,33.75,1
Ireland,1996,2.96,3.7,55.72,86.6,0
Ireland,1997,1.3,4.85,57.18,32.28,0
Ireland,1998,1,6.18,38.31,59.74,0
Ireland,1999,4.69,3.69,59.51,60.55,1
Ireland,2000,5.28,4.63,34.22,54.27,1
Ireland,2001,6.12,7.47,36.06,65.13,1
Ireland,2002,6.61,0.37,35.53,36.09,1
Ireland,2003,7.02,2.52,56.82,58.69,1
Ireland,2004,1,7.13,49.63,46.05,0
Ireland,2005,3.13,8.95,34.56,66.32,1
Ireland,2006,3.17,5.12,43.21,29.89,1
Ireland,2007,2.01,5.32,48.46,59.96,0
Ireland,2008,4.17,1.07,32.5,32.97,0
Ireland,2009,6.58,4.47,56.47,39.51,1
Ireland,2010,2.67,5.33,54.11,35.31,0
Ireland,2011,4.99,2.42,45.16,32.8,1
Ireland,2012,8.28,2.69,59.01,77.8,1
Ireland,2013,6.43,3.77,42.53,40,1
Ireland,2014,5.2,0.2,59.52,84.9,0
Ireland,2015,6.38,3.22,50.04,87.89,1
Ireland,2016,6.17,2.11,49.04,59.99,1
Ireland,2017,6.69,3.27,34.98,30.01,1
Italy,1990,5.11,1.2,56.46,46.22,0
Italy,1991,1,8.91,42.82,75.84,1
Italy,1992,4.22,5.94,34.87,45.72,1
Italy,1993,4.22,6.79,30.38,26.09,1
Italy,1994,4.44,7.89,46.79,58.97,1
Italy,1995,4.3,4.98,45.82,79.16,0
Italy,1996,3.41,0.87,51.58,75.71,0
Italy,1997,4.57,5.37,56.71,32.26,1
Italy,1998,4.3,5.87,32.38,67.09,1
Italy,1999,3.07,7.45,51.94,35.44,1
Italy,2000,5.32,4.32,35.62,35.27,1
Italy,2001,8.52,1.28,55.75,81.19,1
Italy,2002,2,2.84,54.57,37.48,0
Italy,2003,3.83,3.63,46.22,38.43,0
Italy,2004,1,6.46,51.31,20.05,0
Italy,2005,1.3,5.71,39.43,80.95,0
Italy,2006,2.73,3.56,44.14,75.48,0
Italy,2007,2.58,9.87,54.65,63.91,0
Italy,2008,4.56,6.06,43.78,72.52,1
Italy,2009,1,2.37,40.73,30.64,0
Italy,2010,4.49,1.02,44.83,52.08,1
Italy,2011,7.29,1.53,54.85,44.59,1
Italy,2012,4.69,2.46,40.06,26.56,0
Italy,2013,7.76,1.61,35.21,54.03,1
Italy,2014,7.32,1.87,51.36,84.45,1
Italy,2015,5.32,2.85,54.78,22.8,0
Italy,2016,6.33,1.73,33.02,40.4,1
Italy,2017,4.86,8.97,37.2,34.53,1
Japan,1990,2.15,0.8,34.26,36.67,0
Japan,1991,1.02,5.25,40.44,83.59,0
Japan,1992,1,4.1,43.51,52.76,0
Japan,1993,2.68,9.82,52.46,52.64,1
Japan,1994,7.37,1.12,49.53,73.24,1
Japan,1995,3.18,3.98,48.63,30.81,0
Japan,1996,1,9.69,40.57,54.11,0
Japan,1997,1,8.66,55.24,50.1,0
Japan,1998,3.63,8.17,44.14,61.78,1
Japan,1999,4.46,2.58,59.37,89.97,1
Japan,2000,6.19,1.71,49.02,73.86,0
Japan,2001,4.2,6.69,33.79,47.85,1
Japan,2002,1,9.29,50.29,77.93,0
Japan,2003,7.6,5.57,39.75,31.95,1
Japan,2004,1,5.72,50.59,22.13,0
Japan,2005,1.91,2.8,32.09,34.31,0
Japan,2006,1,7.69,35.25,43.83,0
Japan,2007,6.96,1.87,55.67,55.74,1
Japan,2008,4.03,3.24,36.82,63.06,0
Japan,2009,3.98,4.25,55.11,83.74,0
Japan,2010,9.32,5.08,38.38,55.69,1
Japan,2011,1,2.42,49.29,55.09,0
Japan,2012,5.34,1.15,50.82,23.52,0
Japan,2013,1.11,6.11,45.38,22.44,0
Japan,2014,2.68,2.89,39.16,58.58,0
Japan,2015,4.17,5.81,36.38,50.67,1
Japan,2016,5.87,1.54,31,78.74,1
Japan,2017,8.12,4.81,39.12,31.25,1
Kosovo,1990,3.6,5.33,49.59,21.75,0
Kosovo,1991,4.77,0.52,58.15,51.43,0
Kosovo,1992,5.34,3.37,56.14,36.62,0
Kosovo,1993,5.06,1.34,52.98,23.47,1
Kosovo,1994,5.69,0.63,53.65,70.72,1
Kosovo,1995,1,9.9,49.95,27.81,0
Kosovo,1996,5.34,3.22,37.81,62.58,1
Kosovo,1997,4.19,8.1,57.22,39.67,1
Kosovo,1998,3.88,2.55,50.12,32.14,0
Kosovo,1999,4.81,6.82,46.81,46.58,1
Kosovo,2000,2.08,7.6,33.33,76.1,1
Kosovo,2001,6.22,5.96,43.41,47.45,1
Kosovo,2002,6,4.72,43.81,72.55,1
Kosovo,2003,4.04,4.12,55.94,28.78,0
Kosovo,2004,3.42,3.49,46.4,74.09,1
Kosovo,2005,3.82,9.3,41.41,36.59,1
Kosovo,2006,2.06,8.31,59.3,67.42,1
Kosovo,2007,1,9.65,33.32,59.6,0
Kosovo,2008,8.18,1.24,42.68,85.04,1
Kosovo,2009,1.48,7.31,31.26,47.11,0
Kosovo,2010,2.03,9.38,52.2,24.63,1
Kosovo,2011,7.1,1.81,57.54,21.34,1
Kosovo,2012,5.37,0.66,38.4,77.88,1
Kosovo,2013,3.02,7.41,55.75,56.73,0
Kosovo,2014,1.82,5.74,38.77,74.27,0
Kosovo,2015,5.47,8.42,57.32,36.41,1
Kosovo,2016,3.51,1.4,52.62,44.16,0
Kosovo,2017,1,7.95,54.15,22.11,0
Latvia,1990,5.84,2.02,30.54,87.3,1
Latvia,1991,5.49,1.64,58.88,66.75,0
Latvia,1992,6.12,1.64,51.8,85.32,1
Latvia,1993,1.89,8.15,39.14,38.58,0
Latvia,1994,1.1,6.65,54.88,62.8,0
Latvia,1995,1,5.23,38.45,67.49,0
Latvia,1996,2.35,3.59,56.18,42.23,0
Latvia,1997,1.85,8.77,33.38,79.37,1
Latvia,1998,3.09,3.92,51.11,86.3,0
Latvia,1999,2.13,8.17,46.22,81.94,1
Latvia,2000,7.19,4.39,32.9,71.73,1
Latvia,2001,2.98,3.77,37.26,39.42,0
Latvia,2002,2.42,4.63,30.37,39.71,0
Latvia,2003,4.48,3.01,44.06,87.44,0
Latvia,2004,5.71,7.48,39.04,20.72,1
Latvia,2005,2.45,5.03,47.95,70.12,0
Latvia,2006,2.68,2.32,38.92,69.44,0
Latvia,2007,1,9,39,63.59,1
Latvia,2008,5.05,3.84,52.3,89.31,1
Latvia,2009,4.35,5.44,31.44,41.83,1
Latvia,2010,3.63,9.06,57.09,43.8,1
Latvia,2011,1.36,6.24,55.57,25.53,0
Latvia,2012,5.45,1.17,50.03,51,0
Latvia,2013,1,9.4,47.8,38.27,0
Latvia,2014,1.77,6.28,56.77,44.04,0
Latvia,2015,8.1,3.35,35.56,78.42,1
Latvia,2016,4.82,1.39,32.37,85.48,0
Latvia,2017,3.94,7.94,37.19,33,1
Lithuania,1990,1,6.2,53.84,46.08,0
Lithuania,1991,4.39,5.33,31.04,85,1
Lithuania,1992,1,8.94,47.48,24.33,0
Lithuania,1993,3.24,7.89,59.86,26.47,1
Lithuania,1994,8.37,1.52,55.67,31.4,1
Lithuania,1995,3.11,3.12,45.64,61.66,0
Lithuania,1996,4.74,2.48,31.91,30.53,1
Lithuania,1997,3.93,7.44,54.94,87.77,0
Lithuania,1998,8.31,0.34,47.97,51.27,1
Lithuania,1999,1,5.7,33.45,55.11,0
Lithuania,2000,3.53,7.62,32.82,37.27,1
Lithuania,2001,3.78,8.77,57.29,52.97,1
Lithuania,2002,8.85,3.42,50.08,66.33,1
Lithuania,2003,2.23,8.21,54.88,72.58,1
Lithuania,2004,8.91,1.11,56.37,72.77,1
Lithuania,2005,5.87,8.46,47.15,60.45,1
Lithuania,2006,6.42,1.27,45.52,83.31,1
Lithuania,2007,5.6,3.97,42.91,77.22,1
Lithuania,2008,1,7.97,39.51,72.99,0
Lithuania,2009,3.94,1.5,43.04,23.89,0
Lithuania,2010,6.8,2.29,53.22,20.48,1
Lithuania,2011,2.38,7.22,48.06,34.87,0
Lithuania,2012,3.04,7.2,56.78,66.45,0
Lithuania,2013,3.67,6.41,43.3,48.78,1
Lithuania,2014,1,6.94,48.21,48.17,0
Lithuania,2015,5.25,5.43,48.94,81.92,1
Lithuania,2016,4.18,2.52,47.75,82.69,0
Lithuania,2017,6.64,3.46,51.08,83.64,1
Luxembourg,1990,3.6,1.82,37.12,41.97,0
Luxembourg,1991,1,9.08,45.37,68.37,0
Luxembourg,1992,7.36,5.83,33.13,39.01,1
Luxembourg,1993,6.57,4.01,41.54,33.34,1
Luxembourg,1994,2.13,4.62,44.63,32.92,0
Luxembourg,1995,2.51,9.47,49.57,43.95,1
Luxembourg,1996,3.98,1.53,58.52,50.1,0
Luxembourg,1997,4.53,5.86,48.02,78.17,0
Luxembourg,1998,2.2,5.06,52.31,28.39,0
Luxembourg,1999,1.92,6.11,45.19,71.44,0
Luxembourg,2000,4.19,0.18,49.02,57.2,0
Luxembourg,2001,2.29,8.72,32.13,40.16,0
Luxembourg,2002,6.28,9.32,37.63,54.5,1
Luxembourg,2003,5.85,5.65,40.86,41,1
Luxembourg,2004,4.64,6.97,44.17,61.73,1
Luxembourg,2005,1,9.22,31.37,50.37,0
Luxembourg,2006,1,7.07,34.2,31.51,0
Luxembourg,2007,8.35,1.53,38.3,28.16,1
Luxembourg,2008,2.32,5.76,59.15,58.27,0
Luxembourg,2009,5.61,6.07,39.94,83.17,1
Luxembourg,2010,4.81,4.24,44.46,44.08,1
Luxembourg,2011,1,7.36,35.88,71.31,0
Luxembourg,2012,2.71,9.34,48.32,66.11,1
Luxembourg,2013,1.9,9.26,38.42,85.21,0
Luxembourg,2014,5.18,4.51,36.21,77.47,1
Luxembourg,2015,7.56,1.13,45.5,59.66,0
Luxembourg,2016,1,9.85,30.17,65.99,0
Luxembourg,2017,1.89,8.39,30.23,82.89,1
Malta,1990,4.18,1.25,36.57,47.97,0
Malta,1991,1,9.21,31.1,42.88,0
Malta,1992,1,8.7,33.24,20.76,1
Malta,1993,7.8,5.19,40.17,77.86,1
Malta,1994,3.1,5.91,54.08,76.07,0
Malta,1995,6.8,3.99,47.16,27.31,1
Malta,1996,7.97,0.55,45.38,60.38,1
Malta,1997,4.25,3.35,38.8,52.48,1
Malta,1998,3.26,8.03,57.95,28.31,1
Malta,1999,6.24,0.05,41.91,88.64,0
Malta,2000,4.76,3.33,32.61,35.03,1
Malta,2001,2.21,3.98,48.51,24.71,1
Malta,2002,4.97,5.37,33.42,61.64,1
Malta,2003,3.19,9.2,40.36,71.72,1
Malta,2004,3.47,3.46,45.22,22.27,0
Malta,2005,7.36,3.47,56.23,66.11,1
Malta,2006,2.27,7.38,44.81,57.26,0
Malta,2007,6.13,4.52,51.07,27.23,1
Malta,2008,8.67,2.25,59.78,32.08,1
Malta,2009,1,4.52,33.94,59.76,0
Malta,2010,8.05,1.41,38.24,40.75,1
Malta,2011,5.06,1.76,41.84,85.68,0
Malta,2012,1,4.98,42.65,77.31,0
Malta,2013,3.65,4.19,42.33,88.85,1
Malta,2014,2.31,9.15,57.23,38.18,1
Malta,2015,2.2,3.62,51.42,87.88,0
Malta,2016,6.23,5.81,48.24,50.19,1
Malta,2017,3.92,6.32,39.28,44.33,1
Moldova,1990,6.65,0.13,54.71,23.52,1
Moldova,1991,3.76,6.64,58.65,23.69,1
Moldova,1992,5.79,1.78,54.64,68.44,0
Moldova,1993,3.21,9.61,30.05,52.06,1
Moldova,1994,6.99,1.49,49.09,35.86,1
Moldova,1995,2.76,4.15,31.53,62.98,0
Moldova,1996,9.51,0.85,37.73,37.7,1
Moldova,1997,1.89,9.97,31.79,60.43,1
Moldova,1998,4.46,5.02,48.11,45.14,0
Moldova,1999,5.34,5.95,50.6,77.65,1
Moldova,2000,4.42,0.67,33.43,77.45,0
Moldova,2001,5,7.5,41.52,53.41,0
Moldova,2002,5.37,2.1,43.69,44.56,1
Moldova,2003,1,8.98,41.07,45.38,0
Moldova,2004,5.13,2.05,33.63,76.4,1
Moldova,2005,8.47,1.91,42.57,42.97,1
Moldova,2006,7.35,0.37,52.54,34.63,0
Moldova,2007,5.14,4.72,32.13,25.93,0
Moldova,2008,7.01,5.65,32.41,52.67,1
Moldova,2009,4.37,0.66,40.64,53.75,0
Moldova,2010,1,7.76,58.25,78.86,0
Moldova,2011,1,4.53,50.06,35.49,0
Moldova,2012,5.43,5.24,50.36,46.67,0
Moldova,2013,6.5,4.41,40.86,76.59,1
Moldova,2014,5.26,4.01,47.81,77.65,1
Moldova,2015,4.19,5.6,30.3,46.92,0
Moldova,2016,5.77,1.55,49.08,52.14,1
Moldova,2017,4.7,1.82,57.4,41.23,0
Montenegro,1990,3.43,8.62,48.38,85.28,1
Montenegro,1991,4.23,9.46,56.21,28.31,1
Montenegro,1992,6.04,3.73,51.72,85.36,1
Montenegro,1993,1.47,2.71,33.62,67.87,0
Montenegro,1994,4.89,6.44,57.07,57.21,1
Montenegro,1995,4.53,4.09,31.99,22.29,0
Montenegro,1996,7.83,0.25,46.02,53.29,1
Montenegro,1997,8.38,1.56,34.26,48.54,1
Montenegro,1998,2.85,7.16,30.35,31.29,1
Montenegro,1999,1.67,6.59,42.66,65.95,0
Montenegro,2000,6.93,0.27,38.85,87.98,1
Montenegro,2001,8.01,2.22,44.58,59.35,1
Montenegro,2002,6.89,2.31,47.32,70.03,1
Montenegro,2003,5.68,6.72,31.31,24.79,1
Montenegro,2004,6.53,0.2,33.69,49.24,0
Montenegro,2005,5.52,1.04,46.76,28.15,0
Montenegro,2006,4.41,8,40.3,62.9,1
Montenegro,2007,2.61,1.79,51.88,85.69,0
Montenegro,2008,1.73,6.53,49.57,66.32,0
Montenegro,2009,6.01,2.38,55.37,25.38,1
Montenegro,2010,3.99,0.99,50.77,44.83,0
Montenegro,2011,3.22,2.43,42.9,58.55,0
Montenegro,2012,2.92,7.22,50.19,48.22,1
Montenegro,2013,1,8.56,38.26,78.36,1
Montenegro,2014,1,8.3,39.19,77.03,0
Montenegro,2015,3.31,3.97,53.67,62.83,0
Montenegro,2016,2.64,6.68,43.39,46.14,1
Montenegro,2017,7,2.05,53.95,37.87,1
Netherlands,1990,9.39,2.93,54.67,27.41,1
Netherlands,1991,2.05,8.96,55.73,44.84,0
Netherlands,1992,7.4,0.13,57.5,48.92,0
Netherlands,1993,5.16,0.86,42.93,67.31,0
Netherlands,1994,8.71,2.08,39.57,66.07,1
Netherlands,1995,3.78,0.27,47.47,24.91,0
Netherlands,1996,3.13,1.81,41.14,47.67,0
Netherlands,1997,1,5.83,48.03,32.72,1
Netherlands,1998,7.67,4.21,51.17,30.98,1
Netherlands,1999,2.85,8.93,50.65,77.91,0
Netherlands,2000,1,8.17,41.24,22.93,0
Netherlands,2001,5.91,3.42,35.01,49.34,1
Netherlands,2002,2.57,2.59,42.92,31.77,0
Netherlands,2003,6.67,3.8,34.28,81.55,1
Netherlands,2004,3.74,5.9,56.7,58.99,0
Netherlands,2005,1.05,2.68,40.38,36.2,0
Netherlands,2006,2.49,6.24,34.63,55.17,0
Netherlands,2007,2.54,4.09,30.76,71.2,0
Netherlands,2008,2.41,5.52,49.37,87.07,0
Netherlands,2009,6.51,4.36,49.11,35.43,1
Netherlands,2010,3.25,2.94,40.22,82.03,0
Netherlands,2011,3.1,9.48,32.15,85.4,1
Netherlands,2012,3.86,7.64,42.29,84.15,1
Netherlands,2013,8.76,1.4,39.34,64.48,1
Netherlands,2014,4.29,8.68,50.31,64.09,1
Netherlands,2015,2.9,4.87,48.17,48.22,0
Netherlands,2016,1.62,8.95,40.94,72.67,1
Netherlands,2017,1,8,36.54,57.19,0
New Zealand,1990,4.22,4.25,59.64,67.42,0
New Zealand,1991,7.95,0.22,43.62,49.99,1
New Zealand,1992,4.64,2.69,50.65,71.2,0
New Zealand,1993,7.94,5.42,34.22,77.71,1
New Zealand,1994,6.39,6.33,44.57,30.25,1
New Zealand,1995,3.85,2.58,30.83,78.31,0
New Zealand,1996,6.54,1.39,45.16,57.82,1
New Zealand,1997,1,8.35,58.92,79.13,1
New Zealand,1998,1,9.84,41.53,50.19,0
New Zealand,1999,1.88,5.26,31.17,46.53,0
New Zealand,2000,7.73,1.72,30.93,84.05,1
New Zealand,2001,3.41,2.72,41.64,37.58,0
New Zealand,2002,4.43,0.18,34.8,79.09,0
New Zealand,2003,1,9.14,30.7,53.88,0
New Zealand,2004,6,1.18,52.69,55.99,1
New Zealand,2005,2.83,5.77,43.76,41.59,0
New Zealand,2006,6.2,2.74,38.68,60.11,0
New Zealand,2007,2.08,5.54,57,42.76,0
New Zealand,2008,2.24,6.51,33.48,22.75,0
New Zealand,2009,5.28,8.3,58.68,39.04,1
New Zealand,2010,5.75,2.06,39.42,20.45,1
New Zealand,2011,8.5,0.11,56.65,88.48,1
New Zealand,2012,6.2,1.37,48.09,87.6,1
New Zealand,2013,1.8,9,54.8,47.66,0
New Zealand,2014,3.86,8.74,59.52,70.99,1
New Zealand,2015,2.46,5.97,38.65,44.21,0
New Zealand,2016,1,6.01,58.83,66.98,0
New Zealand,2017,5.74,6.65,41.68,76.38,1
North Macedonia,1990,10.25,1.75,41.57,86.27,1
North Macedonia,1991,1,9.14,40.21,48.01,0
North Macedonia,1992,2.4,4.19,46.24,74.83,0
North Macedonia,1993,6.43,3.83,34.62,38.61,1
North Macedonia,1994,6.58,5.19,46.61,89.32,1
North Macedonia,1995,3.93,0.47,46.25,21.8,0
North Macedonia,1996,1,1.66,52.86,62.25,0
North Macedonia,1997,6.35,7.38,55.01,66.17,1
North Macedonia,1998,5.73,0.83,43.21,68.16,0
North Macedonia,1999,2.37,6.03,39.07,28.43,1
North Macedonia,2000,5.86,2.45,37.78,85.7,1
North Macedonia,2001,8.41,3.89,35.84,32.68,1
North Macedonia,2002,8.73,2.89,31.73,63.59,1
North Macedonia,2003,7.63,3.56,40.27,35.59,1
North Macedonia,2004,4.14,7.19,38.11,41.51,1
North Macedonia,2005,6.64,2.97,58.99,58.25,1
North Macedonia,2006,4.97,5.66,46.73,49.2,1
North Macedonia,2007,7.31,4.76,40.42,31.22,1
North Macedonia,2008,1,6.64,47.41,31.97,0
North Macedonia,2009,2.11,9.37,34.18,49.27,1
North Macedonia,2010,5.85,7.33,43.32,73.01,1
North Macedonia,2011,3.86,2.15,48.79,82.86,0
North Macedonia,2012,6.91,0.31,44.67,25.89,0
North Macedonia,2013,5.68,2.62,42.05,47.52,1
North Macedonia,2014,1.94,5.95,59.82,27.02,0
North Macedonia,2015,3.36,0.51,56.41,21.16,0
North Macedonia,2016,2.53,4.96,48.7,66.32,0
North Macedonia,2017,2.8,5.97,47.08,62.17,1
Norway,1990,2.6,3.34,48.62,31.41,0
Norway,1991,1.99,7.71,36.04,36.37,1
Norway,1992,5.51,1.07,41.85,21.66,0
Norway,1993,5.7,0.75,31.18,78.45,0
Norway,1994,1.76,7.28,44.27,88.23,1
Norway,1995,4.53,4.95,46.29,29.48,0
Norway,1996,8.31,6.88,36.83,36.2,1
Norway,1997,2.89,4.35,58.92,80.79,0
Norway,1998,5.81,2.46,57.28,84.85,1
Norway,1999,8.14,8.19,51.66,49.37,1
Norway,2000,2.03,7.99,46,23.54,1
Norway,2001,1.56,6.95,56.1,22.76,0
Norway,2002,6.91,2.72,33.92,60.18,1
Norway,2003,7.07,5.9,53.72,47.5,1
Norway,2004,6.73,3.61,33.74,22.01,1
Norway,2005,3.79,0.92,53.83,60.83,0
Norway,2006,1,9.17,38.27,20.79,0
Norway,2007,6.8,1.37,56.31,75.12,1
Norway,2008,1.74,9.5,58.32,41.45,1
Norway,2009,5.84,4.46,34.46,22.82,1
Norway,2010,6.23,1.85,43.88,61.18,1
Norway,2011,3.05,5.42,59.43,47.84,1
Norway,2012,2.52,8.73,44.5,88.17,0
Norway,2013,3.59,7.32,55.91,58.09,1
Norway,2014,2.06,8.07,47.66,39.27,1
Norway,2015,4.45,6.59,41.26,69.66,1
Norway,2016,1.64,6.92,38.57,39,0
Norway,2017,1,8.49,36.1,83.3,0
Panama,1990,4.25,2.5,52.85,46.23,0
Panama,1991,3.98,4.89,41.6,58.49,1
Panama,1992,9.46,2.21,45.34,23.54,1
Panama,1993,3.85,9.88,44.77,49.83,1
Panama,1994,2.68,9.44,47.32,78.27,1
Panama,1995,3.69,0.39,55.97,76.4,0
Panama,1996,1.31,7.06,59.42,35.7,0
Panama,1997,1.29,9.25,42.23,35.83,0
Panama,1998,4.06,1.81,54.83,77.21,0
Panama,1999,4.83,5.68,52.94,85.13,1
Panama,2000,1,9.15,47.21,26.68,0
Panama,2001,6.92,0.34,58.68,51.5,1
Panama,2002,4,6.97,36.01,43.62,1
Panama,2003,1,2.97,33.28,80.95,0
Panama,2004,4.84,9.24,55.62,25.85,1
Panama,2005,3.59,9.71,43.17,34.78,1
Panama,2006,2.12,9.44,55.41,72.67,1
Panama,2007,5.48,4.74,56.79,23.59,0
Panama,2008,1,8.62,31.87,54.48,0
Panama,2009,2.22,8.45,56.5,50.95,1
Panama,2010,4.69,3.19,43.45,43.41,0
Panama,2011,4.45,8.29,45.31,47.62,1
Panama,2012,8.41,0.37,48.8,57.1,1
Panama,2013,1.38,5.96,57.79,31.3,0
Panama,2014,4.53,2.3,30.57,60.04,0
Panama,2015,4,1.21,44.31,76.38,0
Panama,2016,8.45,0.77,50.63,73.21,1
Panama,2017,1,6.96,51.68,30.77,0
Poland,1990,2.65,3.4,50.78,30.45,0
Poland,1991,3.96,7.25,34.03,38.77,0
Poland,1992,6.52,0.65,38.98,45.28,1
Poland,1993,2.52,3.15,40.76,48.59,0
Poland,1994,1.63,5.39,54.13,67.58,0
Poland,1995,2.22,7.91,38.36,23.97,1
Poland,1996,3.09,3.19,36.32,22.43,1
Poland,1997,4.52,6.26,58.72,47.43,1
Poland,1998,1,8.86,30.27,68.8,0
Poland,1999,1.84,6.16,59.93,33.54,0
Poland,2000,3.62,2.33,50.3,64.91,0
Poland,2001,4.94,0.24,54.85,38.19,0
Poland,2002,2.18,8.7,38.84,82.03,0
Poland,2003,7.61,0.21,30.43,82.7,1
Poland,2004,2.76,8.75,52.14,40.81,1
Poland,2005,4.93,5.29,55.02,36.1,1
Poland,2006,4.17,9.39,52.21,48.79,1
Poland,2007,6.12,7.99,34.29,36.84,1
Poland,2008,1,9.98,52.6,67.07,0
Poland,2009,6.39,3.51,53.07,77.82,1
Poland,2010,4.67,7.67,49.76,67.12,1
Poland,2011,4.5,4.02,52.98,77.7,1
Poland,2012,5.63,4.8,55.38,47.79,1
Poland,2013,1,6.28,48.41,30.94,0
Poland,2014,1,8.74,32.66,71.66,0
Poland,2015,1,9.84,44.63,45.23,0
Poland,2016,3.58,7.68,32.33,66.99,1
Poland,2017,3.21,4.18,42.23,38.95,0
Portugal,1990,2.87,4.21,42.21,25.69,0
Portugal,1991,1,7.38,31.98,89.48,0
Portugal,1992,6.74,2.39,40.46,30.93,1
Portugal,1993,2.6,1.1,33.33,89.19,0
Portugal,1994,5.31,3.55,54.25,88.41,0
Portugal,1995,1.53,2.87,58.43,75.57,0
Portugal,1996,3.23,2.96,32.17,66.16,0
Portugal,1997,5.27,2.34,58.65,60.45,1
Portugal,1998,5.65,0.42,45.68,80.63,0
Portugal,1999,7.41,0.18,38.99,40.26,1
Portugal,2000,1,9.88,32.31,52.74,0
Portugal,2001,7.14,4.28,45.02,63.36,1
Portugal,2002,6.12,3.84,53.84,48.78,1
Portugal,2003,5.37,6.8,51.21,49.92,1
Portugal,2004,2.44,2.18,31.51,43.12,0
Portugal,2005,1.14,9.5,32.19,59.5,1
Portugal,2006,1.23,7.86,42.09,79.54,0
Portugal,2007,4.08,0.89,38.86,34.11,0
Portugal,2008,6.85,4.18,36.97,85.41,1
Portugal,2009,3.49,8.79,38.43,68.24,1
Portugal,2010,3.58,9.45,54.1,77.63,1
Portugal,2011,1,4.67,57.88,58.93,0
Portugal,2012,4.77,6.13,42.15,74.57,0
Portugal,2013,6.92,1.67,57.18,21.13,1
Portugal,2014,4.09,9.91,39.64,77.29,1
Portugal,2015,2.59,2.32,44.29,22.81,0
Portugal,2016,1,9.43,36.78,82.29,0
Portugal,2017,1,6.5,49.21,89.44,0
Romania,1990,2.64,6.08,59.37,40.58,0
Romania,1991,4.9,5.13,48.1,34.72,1
Romania,1992,6.89,2.31,40.73,73.58,1
Romania,1993,8.16,1.77,49.43,37.71,1
Romania,1994,5.05,2.2,33.69,80.59,1
Romania,1995,6.04,1.86,56.66,27.2,1
Romania,1996,4.79,7.8,45.09,28.82,1
Romania,1997,9.4,3.5,43.48,88.54,1
Romania,1998,4.5,0.58,47.58,67.17,0
Romania,1999,1.04,9.69,48.74,79.28,0
Romania,2000,1,8.84,32.15,42.7,0
Romania,2001,3.27,9.28,50.48,67.35,0
Romania,2002,1,9.95,37.26,61.6,1
Romania,2003,4.27,1.74,51.42,62.22,0
Romania,2004,3.58,3.96,54.68,67.78,1
Romania,2005,1,7.58,54.12,60.28,0
Romania,2006,4.97,6.96,46.58,50.03,1
Romania,2007,4.44,1.54,45.61,39.31,0
Romania,2008,3.49,8.16,34.29,73.8,1
Romania,2009,6.72,2.24,53.26,35.84,1
Romania,2010,8.53,2.24,38.14,68.46,0
Romania,2011,4.93,5.37,44.9,36.33,1
Romania,2012,2.8,5.93,38.53,63.77,0
Romania,2013,1.13,5.8,34.01,72.3,0
Romania,2014,4.99,0.91,48.89,35.31,0
Romania,2015,1,8.77,31.63,24.2,0
Romania,2016,3.05,2.66,52.46,29.17,0
Romania,2017,10.08,1.3,39.53,62.42,1
Serbia,1990,2.32,8.89,30,79.46,0
Serbia,1991,1,9.56,45.33,23.15,0
Serbia,1992,1,8.62,31.41,71.39,0
Serbia,1993,3.41,8.1,38.29,43.89,1
Serbia,1994,5.78,6.55,51.21,53.5,0
Serbia,1995,1.9,5.51,31.88,85.02,0
Serbia,1996,6.22,0.87,55.18,43.24,0
Serbia,1997,8.12,4.08,30.11,52.57,1
Serbia,1998,6.46,3.73,37.4,20.96,1
Serbia,1999,5.44,2.6,52.23,25.71,1
Serbia,2000,1,7.23,39.49,38.1,0
Serbia,2001,3.55,4.96,33.06,21.95,0
Serbia,2002,6.37,0.81,40.81,64.2,1
Serbia,2003,7.16,2.2,38.11,49.85,1
Serbia,2004,2.71,6.83,55.28,58.37,1
Serbia,2005,7.22,0.76,39.4,32.23,1
Serbia,2006,1,8.51,53.67,40.72,0
Serbia,2007,2.93,4.95,56.76,66.47,0
Serbia,2008,3.92,4.81,43.01,87.57,1
Serbia,2009,3.84,5.92,57.3,23.53,0
Serbia,2010,2.98,8.25,41.32,82.33,1
Serbia,2011,1,3.48,58.92,60.38,0
Serbia,2012,4.45,6.78,32.68,59.47,1
Serbia,2013,5.22,5.66,50.61,55.02,1
Serbia,2014,6.91,2.67,44.81,24.86,1
Serbia,2015,2.65,8.79,41.63,26.29,0
Serbia,2016,1,7.97,48.98,62.06,0
Serbia,2017,1.53,6.58,51.12,43.87,0
Slovakia,1990,2.09,8.51,30.13,84.21,1
Slovakia,1991,4.9,8.67,35.01,48.46,1
Slovakia,1992,4.74,7.08,51.39,30.03,1
Slovakia,1993,1,8.37,49.99,70.03,0
Slovakia,1994,1.66,6.97,58.98,40.53,1
Slovakia,1995,3.77,6.8,52.83,56.78,0
Slovakia,1996,1,6.19,58.52,68.85,0
Slovakia,1997,1,7.53,51.08,83.02,0
Slovakia,1998,7.74,1.59,38.94,75.45,1
Slovakia,1999,1.8,8.81,33.16,67.35,1
Slovakia,2000,1.4,8.72,53.45,67.57,1
Slovakia,2001,1.67,0.29,49.32,86.21,0
Slovakia,2002,1.95,8.26,31.45,40.71,0
Slovakia,2003,6.54,1.29,40.8,20.08,1
Slovakia,2004,10.72,3.35,58.7,39.04,1
Slovakia,2005,1,7.44,45.01,35.25,0
Slovakia,2006,2.81,1.61,42.98,66.33,0
Slovakia,2007,3.06,8.18,43.73,64.36,1
Slovakia,2008,1.2,8.32,36.27,61.54,0
Slovakia,2009,4.76,5.07,41.06,21.14,1
Slovakia,2010,8.89,0.06,41.09,71.01,1
Slovakia,2011,2.1,2.87,31.57,42.65,0
Slovakia,2012,1,6.17,53.03,66.55,0
Slovakia,2013,1,9.81,42.5,58.96,0
Slovakia,2014,1.5,6.32,54.67,43.99,1
Slovakia,2015,2.92,2.6,55.51,29.42,0
Slovakia,2016,4.38,6.34,36.36,26.61,1
Slovakia,2017,4.35,5.4,49.72,78.21,1
Slovenia,1990,2.97,7.8,44.17,84.29,0
Slovenia,1991,9.31,1.07,56.4,65.49,1
Slovenia,1992,1,7.61,36.47,27.24,0
Slovenia,1993,1,5.41,50.33,48.14,0
Slovenia,1994,2.33,9.63,48.23,71.03,1
Slovenia,1995,5.39,3.42,38.86,74.59,1
Slovenia,1996,3.85,6.33,34.1,28.28,1
Slovenia,1997,2.29,9.32,49.55,20,1
Slovenia,1998,3.5,1.03,52.16,69.85,0
Slovenia,1999,1,9.37,39.47,44.96,0
Slovenia,2000,3.61,6.88,49.34,37.81,1
Slovenia,2001,7.97,0.68,41.85,20.9,1
Slovenia,2002,4.04,3.01,51.4,57.82,0
Slovenia,2003,1,7.08,35.98,79.58,0
Slovenia,2004,9.57,0.67,56.71,87.03,1
Slovenia,2005,3.62,5.82,38.62,59.6,1
Slovenia,2006,1,3.46,41.03,56.01,0
Slovenia,2007,5.47,6.21,31.74,25.95,1
Slovenia,2008,6.54,0.46,33.35,58.42,1
Slovenia,2009,1.12,8.72,45.48,46.6,0
Slovenia,2010,1,9.73,38.03,62.5,0
Slovenia,2011,2.24,9.69,55.06,47.21,0
Slovenia,2012,2.26,7.5,30.44,36.82,0
Slovenia,2013,2.1,1.3,41.37,26.65,0
Slovenia,2014,1.99,7.58,40.12,42.04,1
Slovenia,2015,10.38,0.25,30.58,26.77,1
Slovenia,2016,6.78,0.22,33.73,32.38,1
Slovenia,2017,5.13,3.24,42.41,89.11,1
South Africa,1990,1,4.89,44.79,51.09,0
South Africa,1991,1,7.7,42.13,57.23,0
South Africa,1992,1.24,6.83,45.93,81.15,0
South Africa,1993,3.84,4.46,47.85,89.69,0
South Africa,1994,4.53,2.74,30.3,60.79,1
South Africa,1995,1,9.97,43.92,76.87,1
South Africa,1996,3.55,4.26,58.9,42.89,0
South Africa,1997,4.26,4.51,45.57,41.4,0
South Africa,1998,1.82,1.64,50.33,48.19,0
South Africa,1999,2.65,7.95,39.36,67.08,0
South Africa,2000,1.59,6.94,53.22,67.75,0
South Africa,2001,5.53,2.21,53.19,42.07,0
South Africa,2002,7.48,0.82,45.64,29.32,1
South Africa,2003,1,6.8,59.28,64.27,0
South Africa,2004,1.5,6.55,33.77,28.98,0
South Africa,2005,8.23,2.73,30.51,60.49,1
South Africa,2006,1,9.51,53.1,68.54,0
South Africa,2007,6.66,1.51,54.21,69.04,1
South Africa,2008,2.58,4.32,33.61,72.74,0
South Africa,2009,1,9.44,37.97,81.1,1
South Africa,2010,5.41,4.2,30.53,55,0
South Africa,2011,3.45,6.39,38.8,71.12,1
South Africa,2012,3.77,3.98,53.19,63.34,0
South Africa,2013,6.5,2.74,45.54,33.06,1
South Africa,2014,4.97,9.84,40.44,21.8,1
South Africa,2015,6.56,4.09,41.15,39.92,1
South Africa,2016,1,8.94,30.04,51.01,0
South Africa,2017,5.51,2.3,38.99,63.2,1
Spain,1990,8.13,2.13,49.39,79.5,1
Spain,1991,2.03,0.31,59.23,33.74,0
Spain,1992,2.71,6.52,55.41,28.79,0
Spain,1993,1.51,3.69,30.71,87.44,0
Spain,1994,5.56,8.64,56.96,27.56,1
Spain,1995,2.88,4.73,53.5,53.49,0
Spain,1996,4.13,9.68,53.41,60.99,1
Spain,1997,7.19,1.86,43.74,57.9,1
Spain,1998,1,8.69,41.94,26.02,0
Spain,1999,1,7.77,39.09,23.99,0
Spain,2000,2.15,7.71,31.97,27.38,0
Spain,2001,4.02,8.45,36.85,60.99,1
Spain,2002,5.97,7.61,37.4,58.1,1
Spain,2003,5.47,6.26,44.52,36.36,1
Spain,2004,2.89,1.31,52.42,64.64,0
Spain,2005,6.64,0.33,44.21,77.4,1
Spain,2006,3.55,9.21,31.74,22.91,1
Spain,2007,1.44,6.17,58.73,54.87,1
Spain,2008,3.53,7.97,58.28,68.25,0
Spain,2009,6.25,4.82,53.56,37.66,1
Spain,2010,6.26,1.17,59.74,41.54,0
Spain,2011,5,1.25,46.33,62.95,1
Spain,2012,3.44,6.86,58.88,82.86,0
Spain,2013,9.2,4.3,32.27,76.69,1
Spain,2014,2.01,2.01,40.97,60.82,0
Spain,2015,3.7,4.92,36.76,71.12,0
Spain,2016,7.68,0.64,35.87,45.54,1
Spain,2017,1,5.82,34.22,64.87,0
Sweden,1990,7.39,2.69,48.67,52.63,1
Sweden,1991,2.26,7.98,53.44,33.3,0
Sweden,1992,2.55,3.1,47.35,69.12,0
Sweden,1993,7.47,4.55,34.41,58.95,1
Sweden,1994,5.44,0.12,54.33,45.1,1
Sweden,1995,5.4,0.72,49.08,83.79,1
Sweden,1996,6.24,3.92,41.64,21.47,1
Sweden,1997,5.64,4.8,50.22,42.1,1
Sweden,1998,3.93,6,37.8,23.98,1
Sweden,1999,7.75,2.92,40.36,73.66,1
Sweden,2000,2.32,6.95,57.52,69.15,0
Sweden,2001,4.99,8.6,38.72,43.19,1
Sweden,2002,3.92,7.8,44.1,67.3,1
Sweden,2003,5.7,0.4,56.7,47.72,0
Sweden,2004,4.93,4.81,51.23,72.94,1
Sweden,2005,10.56,1.05,31.87,51.79,1
Sweden,2006,5.57,2.42,34.42,48.86,1
Sweden,2007,3.22,9.87,30.24,85.43,0
Sweden,2008,4.34,1.42,48.93,37.56,0
Sweden,2009,3.44,4.99,43.43,28.43,1
Sweden,2010,3.96,6.18,34.03,60.92,0
Sweden,2011,1.68,7.02,58.74,87.85,0
Sweden,2012,3.48,5.6,45.89,46.45,0
Sweden,2013,6.79,0.1,37.26,24.34,0
Sweden,2014,3.88,3.26,45.02,43.75,0
Sweden,2015,4.52,5.18,50.39,55.42,1
Sweden,2016,9.02,0.88,32.29,31.33,1
Sweden,2017,6.25,3.51,38.24,66.07,1
Switzerland,1990,5.86,0.33,54.21,89.84,0
Switzerland,1991,1.37,0.79,43.79,51.62,0
Switzerland,1992,3.69,3.97,46.4,44.83,0
Switzerland,1993,3.38,1.33,42.98,48.05,0
Switzerland,1994,7.64,5.68,31.32,28.06,1
Switzerland,1995,2.49,6.89,34.97,81.83,0
Switzerland,1996,1.35,8.01,43.37,49.04,0
Switzerland,1997,4.73,2,36.28,47.11,0
Switzerland,1998,2.67,1.67,31.5,66.18,0
Switzerland,1999,6.91,1.05,55.31,50.94,0
Switzerland,2000,7.81,6.36,59.44,65.38,1
Switzerland,2001,2.06,7.06,53.79,24.3,0
Switzerland,2002,10.23,0.32,55.61,76.96,1
Switzerland,2003,1,9.36,37.26,85.84,0
Switzerland,2004,3.54,0.52,58.82,65.41,0
Switzerland,2005,5.36,5.41,35.91,86.82,1
Switzerland,2006,2.11,7.09,58.54,30.6,0
Switzerland,2007,3.05,8.71,59.84,53.42,1
Switzerland,2008,5.24,7.14,51.35,62.13,1
Switzerland,2009,4.45,8.02,59.43,60.72,1
Switzerland,2010,1.81,3.39,47.09,48.1,0
Switzerland,2011,1.7,8.15,37.79,43.67,0
Switzerland,2012,5.9,0.8,43.11,28.88,0
Switzerland,2013,3.78,8.95,47.81,47.42,1
Switzerland,2014,3.99,5.48,32.19,31.39,0
Switzerland,2015,1,8.17,48.67,71.41,0
Switzerland,2016,6.44,4.52,59.44,34.62,1
Switzerland,2017,3.02,6.44,35.7,24.1,1
Taiwan,1990,3.7,5.26,53.78,58.67,1
Taiwan,1991,1,7.32,57.24,61.67,0
Taiwan,1992,3.18,0.82,58.31,81.03,0
Taiwan,1993,3.88,0.6,58.8,60.39,0
Taiwan,1994,6.44,2.47,45.64,44.18,1
Taiwan,1995,5.46,1.6,59.32,76.21,0
Taiwan,1996,3.16,8.72,52.72,57.82,1
Taiwan,1997,4.53,2.19,34.85,25.55,1
Taiwan,1998,1.83,9.76,44.31,59.61,0
Taiwan,1999,5.06,3.37,51.55,83.56,1
Taiwan,2000,4,1.82,37.42,47.74,0
Taiwan,2001,4.72,7.9,49.22,40.74,1
Taiwan,2002,2,6.59,50,30.04,0
Taiwan,2003,7.15,4.98,34.88,30.6,1
Taiwan,2004,2.94,5.55,46.95,50.29,0
Taiwan,2005,3.11,7.19,53.15,61.7,1
Taiwan,2006,10.13,2.28,44.97,25.64,1
Taiwan,2007,1,9.96,30.36,85.77,0
Taiwan,2008,2.9,9.75,30.27,72.86,1
Taiwan,2009,3.2,6.5,40.71,61.06,0
Taiwan,2010,4.37,2,57.79,77.99,0
Taiwan,2011,5.2,6.8,36.86,25.61,1
Taiwan,2012,11.38,0.72,49.03,53.38,1
Taiwan,2013,4.43,0.31,36.66,64.11,0
Taiwan,2014,3.23,2.58,39.65,78.01,0
Taiwan,2015,2.86,4.63,55.44,74.84,0
Taiwan,2016,2.27,8.68,51.87,39.39,0
Taiwan,2017,1,7.27,32.86,85.86,0
Turkey,1990,1.34,7.43,42.86,28.7,1
Turkey,1991,1.99,4.25,30.88,81.26,0
Turkey,1992,1,3.46,44.43,87.97,0
Turkey,1993,5.51,3.71,49.87,32.4,1
Turkey,1994,3.81,9.88,33.56,70.54,1
Turkey,1995,6.46,0.4,38.67,22.82,1
Turkey,1996,1.52,8.67,41.94,48.38,1
Turkey,1997,2.21,5.79,57.59,56.14,0
Turkey,1998,7.1,4.39,59.8,60.65,1
Turkey,1999,1.83,7.25,31.35,85.52,1
Turkey,2000,6.8,4.87,52.83,67.06,1
Turkey,2001,1.86,8.73,41.15,53.69,0
Turkey,2002,1.93,9.01,41.77,76.68,0
Turkey,2003,7.72,4.22,52.63,86.54,1
Turkey,2004,9.92,2.77,57.55,21.54,1
Turkey,2005,1.51,5.92,58.53,88.78,0
Turkey,2006,1,9.12,47.31,26.03,0
Turkey,2007,6.32,2.11,40.71,77.01,1
Turkey,2008,4.89,6.23,53.63,39.62,1
Turkey,2009,7.14,6.32,37.53,29.25,1
Turkey,2010,2.32,7.33,46.92,50.79,1
Turkey,2011,3.05,1.32,40.76,65.08,0
Turkey,2012,3.49,7.16,49.7,46.67,0
Turkey,2013,4.99,9.09,37.21,23.82,1
Turkey,2014,3.56,1.8,35.75,61.96,0
Turkey,2015,8.09,2.38,57.55,83.17,1
Turkey,2016,1,9.71,33.05,46.83,0
Turkey,2017,6.35,1.81,45.18,35.14,0
Ukraine,1990,3.84,8.54,36.63,50.98,1
Ukraine,1991,7.08,4.92,31.17,23.39,1
Ukraine,1992,7.73,2.47,31.08,77.43,0
Ukraine,1993,4.54,8.71,35.26,77.84,1
Ukraine,1994,5.85,4.45,56,61.16,1
Ukraine,1995,3.51,5.15,38.47,44.72,0
Ukraine,1996,2.66,3.59,58.51,75.98,0
Ukraine,1997,8.62,5.93,47.45,58.83,1
Ukraine,1998,4.45,1.64,43.1,77.82,0
Ukraine,1999,5.64,3.91,47.4,64.2,1
Ukraine,2000,1,9.69,45.5,74.91,0
Ukraine,2001,5.36,2.58,52.76,61.9,0
Ukraine,2002,3.02,6.57,38.47,48.99,0
Ukraine,2003,5.63,3.25,40.59,87.06,1
Ukraine,2004,2,7.73,56.82,57.88,0
Ukraine,2005,2.08,1.31,58.39,62.36,0
Ukraine,2006,3.43,9.7,56.78,35.43,1
Ukraine,2007,6.41,4.54,42.58,63.8,1
Ukraine,2008,9.38,2.36,53.41,60.01,1
Ukraine,2009,6.48,0.73,44.29,32.94,1
Ukraine,2010,2.23,1.7,44.93,24.17,0
Ukraine,2011,4.06,5.2,36.14,62.31,1
Ukraine,2012,4.31,3.37,47.73,73.46,1
Ukraine,2013,2.86,8.29,35.58,56.64,0
Ukraine,2014,8.17,4.31,39.95,35.87,1
Ukraine,2015,4.24,2.49,55.65,66.66,0
Ukraine,2016,6.75,6.17,36.21,25.61,1
Ukraine,2017,1.67,7.07,32.13,50.93,0
United Kingdom,1990,4.02,1.67,32.07,31.44,0
United Kingdom,1991,3.66,1.68,58.22,32.91,0
United Kingdom,1992,7.35,0.37,45.21,34.16,1
United Kingdom,1993,1,7.36,42.28,47.07,0
United Kingdom,1994,5.08,6.64,54.33,23.58,1
United Kingdom,1995,5.56,4.75,55.07,47.85,1
United Kingdom,1996,4.9,8.44,39.97,55.82,1
United Kingdom,1997,1.11,8.06,50.81,53.83,0
United Kingdom,1998,4.83,5.85,53.13,46.79,1
United Kingdom,1999,1,8.68,49.64,78.74,0
United Kingdom,2000,7.08,2.06,34.55,30.17,1
United Kingdom,2001,8.55,1.12,56.28,55.4,1
United Kingdom,2002,1.93,2.7,46.17,24.34,0
United Kingdom,2003,7.85,0.57,38.47,24.98,1
United Kingdom,2004,2.69,5.31,42.76,60.17,0
United Kingdom,2005,2.24,9.37,31.13,59.62,1
United Kingdom,2006,3.92,0.39,33.84,81.46,0
United Kingdom,2007,4.74,1.22,52.97,59.05,0
United Kingdom,2008,4.04,4.52,30,87.19,1
United Kingdom,2009,3.85,9.34,42.5,23.41,1
United Kingdom,2010,2.08,3.16,45.68,26.86,0
United Kingdom,2011,4.06,5.07,31.64,23.08,0
United Kingdom,2012,11.3,0.42,59.19,32.97,1
United Kingdom,2013,5.97,1.48,36.78,57.89,1
United Kingdom,2014,1,9.87,39.13,65.19,0
United Kingdom,2015,1,9.65,39.12,23.19,0
United Kingdom,2016,9.54,0.05,36.91,86.22,1
United Kingdom,2017,1.34,9.52,30.04,78.95,1
United States,1990,5.53,6.39,51.88,40.76,1
United States,1991,1,8.68,59.01,25.4,0
United States,1992,5.41,4.55,36.73,31.89,1
United States,1993,1,5.16,49.89,28.89,0
United States,1994,6.79,4.89,52.26,28.63,1
United States,1995,3.41,6.67,55.45,56.3,1
United States,1996,5.13,1.4,42.68,37.21,0
United States,1997,4.33,0.3,39.09,45.07,0
United States,1998,3.29,3.08,39.76,89.27,0
United States,1999,4.7,7.05,51.38,67.9,1
United States,2000,2.85,2.02,54.5,86.43,0
United States,2001,1.95,6.73,35.45,29.98,0
United States,2002,5.45,9.7,41.13,46.75,1
United States,2003,6.36,0.94,57.06,58.83,1
United States,2004,6.39,6.73,54.2,25.37,1
United States,2005,8.03,4.44,59.55,20.29,1
United States,2006,1,8.68,52.63,66.93,0
United States,2007,4.93,1.77,41.8,64.93,1
United States,2008,1.99,6.93,47.72,48.76,0
United States,2009,1,8.38,49.83,54.28,0
United States,2010,3.08,9.45,32.35,49.08,0
United States,2011,1.64,6.83,46.33,21.68,0
United States,2012,4.31,4.97,51.28,43.48,1
United States,2013,3.19,6.18,35.02,32.4,1
United States,2014,5.29,8.69,53.42,26.89,1
United States,2015,1.29,5.71,47.51,86.97,0
United States,2016,7.92,0.3,58.57,61.96,1
United States,2017,1.78,9.31,31.27,71.01,0
Uruguay,1990,3.82,6.9,37.96,42.08,1
Uruguay,1991,4.55,6.77,48.05,47.52,1
Uruguay,1992,6.9,2.16,38.9,36.58,1
Uruguay,1993,2.73,6.59,51.43,26.79,0
Uruguay,1994,3.92,3.94,52.77,32.53,0
Uruguay,1995,4.41,6.51,33.08,75.83,1
Uruguay,1996,4.56,1.07,45.42,67.43,0
Uruguay,1997,4.15,6.58,45.27,58.29,1
Uruguay,1998,1,9.99,41.08,53.26,0
Uruguay,1999,5.15,0.48,57.99,84.57,0
Uruguay,2000,5.95,9.77,54.83,25.09,1
Uruguay,2001,1.64,4.07,50.92,39.64,0
Uruguay,2002,2.49,8.71,51.43,44.5,1
Uruguay,2003,1,7.82,43.85,74.77,0
Uruguay,2004,6.25,5.67,57.63,89.48,1
Uruguay,2005,1.98,7.38,50.84,36.85,0
Uruguay,2006,3.37,8.79,51.87,81.2,1
Uruguay,2007,1.6,4.04,55.85,78.14,0
Uruguay,2008,3.5,3.27,38.22,35.73,0
Uruguay,2009,1,6.68,54.21,47.95,0
Uruguay,2010,1.18,8.08,35.86,48.68,0
Uruguay,2011,2.5,7.62,40.36,88.48,0
Uruguay,2012,2.13,7.98,40.07,32.66,1
Uruguay,2013,3.52,4.36,59.36,75.94,1
Uruguay,2014,6.28,8.18,55.7,43.39,1
Uruguay,2015,3.48,1.2,51.04,71.16,0
Uruguay,2016,6.98,5.44,51.81,49.4,1
Uruguay,2017,4.74,0.06,46.86,60.49,0