id,elección,elección_tipo,región,region2,distrito2,distrito,número_papeleta,electo,coord1D_all,coord2D_all,coord1D_normal_all,coord2D_normal_all,nombre_completo,sexo,edad,profesión,lista,lista_box,partido,militante,directivo,agua,cebra,n_votos,p_votos,magnitud_distrital,votos_servel,porcentaje_servel,votos_servel_ld,p_votos_ld,kast_1v2021,boric_1v2021,borickast_1v2021,jadue_pr2021,electo_noparidad,electo_paridad,paridad_servel,min_patrocinios_indlistas,min_patrocinios_ifp,n_aportes,dinero_aportes,tope_distrito,miembro_voceriadelpueblo,coord1D_mil,coord2D_mil,coord1D_normal_mil,coord2D_normal_mil,coord1D_tresmil,coord2D_tresmil,coord1D_normal_tresmil,coord2D_normal_tresmil
1288,Escaños Reservados,0,Tarapacá,1,,,110,1,-0.889734209,0.456478894,0.551328957,7.282394469,Wilfredo Manuel Bacian Delgado,0,45,Gestor Cultural,,Indigenous Community,,0,0,0,0,632,30.44,1,632,30.44,2072,30.5019305,30.48,18.3,48.78,23.32244812,1,1,0,,,0,0,23350064,0,-0.89204216,0.282697916,0.5397892,6.41348958,-0.932615936,0.36087054,0.336920321,6.804352701
1323,Escaños Reservados,0,Coquimbo,4,,,112,1,-0.810565412,0.149890155,0.94717294,5.749450773,Fernando Del Carmen Tirado Soto,0,67,Buzo,,Indigenous Community,PPD-IND,0,0,0,0,395,43.41,1,395,43.41,900,43.88888889,21.63,25.88,47.51,24.79042156,1,1,0,,,0,0,20096202,0,-0.898611844,0.256849259,0.506940782,6.284246296,-0.738303781,0.160678849,1.308481097,5.803394243
1325,Escaños Reservados,0,Valparaíso,5,,,110,1,-0.705333531,-0.077158436,1.473332345,4.614207819,Tiare Maeva Carolina Aguilera Hey,1,39,Abogada,,Indigenous Community,,0,1,0,0,749,40.03,1,749,40.03,1870,40.05347594,26.69,28.14,54.83,24.80737763,1,1,0,,,0,0,21743372,0,-0.71100235,0.20176129,1.444988251,6.008806452,-0.669296384,-0.18732214,1.653518081,4.063389301
1358,Escaños Reservados,0,Los Ríos,9.5,,,139,1,-0.889423311,0.457084566,0.552883446,7.285422832,Victorino Ernesto Antilef Ñanco (Carmen Tomasa Caifil Caifil),1,29,Profesor,,Indigenous Community,,0,0,0,0,7494,3.44,2,7494,3.44,21844,34.3069035,33.15,23.17,56.32,19.62508237,1,1,1,,,0,0,476036105,0,-0.888392627,0.329558522,0.558036864,6.647792608,-0.92566222,0.378350943,0.371688902,6.891754717
698,Convencionales Constituyentes,1,Metropolitana,5.5,#D13 - San Miguel,13,ZN41,1,-0.864265323,0.503036082,0.678673387,7.515180409,Rodrigo Ernesto Rojas Vade,0,37,Operador de vuelo,La Lista Del Pueblo (D13),Lista del Pueblo,IND,0,1,0,0,19379,8.41,4,19379,8.41,58737,32.99283246,20.77,34.14,54.91,31.67049125,1,1,0,1385,554,0,0,275804726,1,-0.849330664,0.527861178,0.753346682,7.63930589,,,,
153,Convencionales Constituyentes,1,Coquimbo,4,#D5 - La Serena,5,WB1,1,-0.414688647,-0.777165532,2.926556766,1.114172339,Maria Trinidad Castillo Boilet,1,64,Profesora,Independientes Por La Region De Coquimbo (D5),Independent,IND,0,0,0,0,6080,2.7,6,6080,2.7,23800,25.54621849,21.63,25.88,47.51,24.79042156,1,1,0,1285,504,0,0,279095192,0,-0.239814445,-0.970818758,3.800927773,0.14590621,-0.413903207,-0.366271943,2.930483967,3.168640286
1061,Convencionales Constituyentes,1,Araucanía,9,#D23 - Temuco,23,J2,1,-0.325599849,-0.016586009,3.372000754,4.917069953,Helmuth Jacobo Martinez Llancapan,0,34,Abogado,Elige La Lista Del Pueblo (D23),Independent,IND,0,0,0,0,7229,4.46,6,7229,4.46,25617,28.21954171,39.28,18.04,57.32,15.30792815,1,1,0,1262,505,0,0,272684360,0,-0.446971923,-0.026931334,2.765140384,4.865343329,-0.275080413,0.202541009,3.624597937,6.012705043
697,Convencionales Constituyentes,1,Metropolitana,5.5,#D13 - San Miguel,13,ZN40,1,-0.823078632,0.213116467,0.884606838,6.065582335,Ingrid Fernanda Villena Narbona,1,30,Abogada,La Lista Del Pueblo (D13),Lista del Pueblo,IND,0,0,0,0,19847,8.61,4,19847,8.61,58737,33.78960451,20.77,34.14,54.91,31.67049125,1,1,0,1385,554,1,50000,275804726,0,-0.880088627,0.368839771,0.599556863,6.844198853,-0.763358355,0.013957442,1.183208227,5.069787209
734,Convencionales Constituyentes,1,Metropolitana,5.5,#D14 - San Bernardo,14,ZT27,1,-0.513842344,-0.289992571,2.430788279,3.550037146,Paulina Valeria Valenzuela Rio,1,36,Profesora,Independientes Por La Nueva Constitucion (D14),Independent,IND,0,0,0,0,15734,5.19,5,15734,5.19,36865,42.68004883,26.12,27.98,54.1,23.68403608,1,1,0,1680,672,1,364602,341205375,0,-0.406361133,-0.474254847,2.968194336,2.628725767,-0.530166984,0.229836434,2.349165082,6.149182171
711,Convencionales Constituyentes,1,Metropolitana,5.5,#D14 - San Bernardo,14,XP4,1,0.756260157,0.531204641,8.781300783,7.656023204,Claudia Mabel Castro Gutierrez,1,52,Diseñadora,Vamos Por Chile,Vamos por Chile,UDI-IND,0,0,0,0,3758,1.24,5,3758,1.24,51787,7.256647421,26.12,27.98,54.1,23.68403608,0,1,1,1680,672,1,5000000,341205375,0,0.643816471,0.480196685,8.219082355,7.400983423,0.813627601,-0.266792148,9.068138003,3.666039258
457,Convencionales Constituyentes,1,Metropolitana,5.5,#D9 - Recoleta,9,56,1,-0.092994653,0.376510173,4.535026737,6.882550865,Rodrigo Logan Soto,0,41,Abogado,Independientes,Independent,IFP,0,0,0,0,34781,10.97,6,34781,10.97,34781,100,20.74,32.87,53.61,33.33283468,1,1,0,2036,815,1,2996056,381772286,0,0.060580943,0.27974838,5.302904714,6.398741901,-0.138319939,0.897138357,4.308400303,9.485691786
73,Convencionales Constituyentes,1,Tarapacá,1,#D2 - Iquique,2,YQ35,1,-0.852442026,0.312769085,0.737789869,6.563845426,Hugo Humberto Gutierrez Galvez,0,59,Abogado,Apruebo Dignidad,Apruebo Dignidad - PC,PC,1,0,0,0,6773,8.61,3,6773,8.61,18640,36.33583691,30.48,18.3,48.78,23.32244812,1,1,0,500,300,2,23000000,129511839,0,-0.876543581,0.281131774,0.617282093,6.405658871,-0.818189442,0.203369722,0.909052789,6.016848609
99,Convencionales Constituyentes,1,Antofagasta,2,#D3 - Antofagasta,3,YQ18,1,-0.853515208,0.28647539,0.732423961,6.432376951,Hernan Jesus Velasquez Nuñez,0,55,Sociólogo,Apruebo Dignidad,Apruebo Dignidad - PC,FRVS,1,0,0,1,3946,2.54,4,3946,2.54,22924,17.2134008,20.99,20.59,41.58,25.16230036,0,1,1,900,360,2,4000000,222673238,0,-0.850551128,0.184953973,0.747244358,5.924769863,-0.835293174,0.177275375,0.823534131,5.886376873
885,Convencionales Constituyentes,1,Maule,7,#D18 - Linares,18,ZD18,1,-0.809883237,0.195703745,0.950583816,5.978518724,Francisca Marycarmen Arauna Urrutia,1,30,Abogada,La Lista Del Pueblo Maule Sur (D18),Lista del Pueblo,IND,0,0,0,1,11776,10.57,4,11776,10.57,35869,32.83057794,37.54,17.37,54.91,14.38210144,1,1,0,680,300,2,594177,149696465,1,-0.838926077,0.414478958,0.805369616,7.072394788,-0.766872525,0.051325656,1.165637374,5.256628282
802,Convencionales Constituyentes,1,O'Higgins,6,#D16 - San Fernando,16,YQ23,1,-0.781089604,0.25681448,1.09455198,6.284072399,Nicolas Fernando Nuñez Gangas,0,33,Abogado,Apruebo Dignidad,Apruebo Dignidad - PC,FRVS,1,0,0,0,10771,7.59,4,10771,7.59,27334,39.40513646,26.15,22.23,48.38,17.66580919,1,1,0,749,300,2,3500000,159350393,0,-0.822329938,0.265188664,0.888350308,6.325943321,-0.738436282,0.077641927,1.307818592,5.388209634
793,Convencionales Constituyentes,1,O'Higgins,6,#D16 - San Fernando,16,YB14,1,-0.535627246,-0.459204555,2.32186377,2.703977227,Adriana Cancino Meneses,1,58,Profesora,Lista Del Apruebo,Lista del Apruebo,PS-IND,0,0,0,0,3731,2.63,4,3731,2.63,21084,17.69588313,26.15,22.23,48.38,17.66580919,0,1,1,749,300,2,5000000,159350393,0,-0.408978224,-0.637450755,2.955108881,1.812746227,-0.546034515,-0.060501713,2.269827425,4.697491433
138,Convencionales Constituyentes,1,Atacama,3,#D4 - Copiapó,4,YB15,1,-0.275121778,-0.96140939,3.624391109,0.19295305,Maximiliano Hurtado Roco,0,36,Asesor legislativo,Lista Del Apruebo,Lista del Apruebo,PS ,1,0,0,0,3084,3.75,4,3084,3.75,12002,25.69571738,17.93,19.25,37.18,29.96488368,1,1,0,504,300,2,5000000,122959329,0,-0.250632107,-0.968082428,3.746839464,0.15958786,-0.302974761,-0.552248657,3.485126197,2.238756716
89,Convencionales Constituyentes,1,Antofagasta,2,#D3 - Antofagasta,3,XP8,1,0.758690238,0.542648315,8.79345119,7.713241577,Pablo Antonio Toloza Fernandez,0,49,Abogado,Vamos Por Chile,Vamos por Chile,UDI,1,0,0,0,5443,3.5,4,5443,3.5,21247,25.61773427,20.99,20.59,41.58,25.16230036,1,1,0,900,360,2,6000000,222673238,0,0.68982625,0.549736917,8.44913125,7.748684585,0.78916961,-0.129726097,8.945848048,4.351369515
762,Convencionales Constituyentes,1,O'Higgins,6,#D15 - Rancagua,15,YP24,1,-0.806947112,0.171119675,0.96526444,5.855598375,Loreto Cristina Vallejos Davila,1,41,,La Lista Del Pueblo 100% Independientes (D15),Lista del Pueblo,IND,0,0,0,1,17061,9.42,5,17061,9.42,35120,48.57915718,24.87,25.51,50.38,19.38858237,1,1,0,1019,408,2,285000,207308257,1,-0.879651427,0.342630506,0.601742864,6.713152528,-0.73570174,0.16300638,1.321491301,5.815031901
402,Convencionales Constituyentes,1,Metropolitana,5.5,#D9 - Recoleta,9,N1,1,-0.906716943,0.421739668,0.466415286,7.108698338,Alejandra Pia Perez Espina,1,43,Dueña de Casa,La Lista Del Pueblo Distrito 9 (D9),Lista del Pueblo,IND,0,0,0,0,18002,5.68,6,18002,5.68,74163,24.27355959,20.74,32.87,53.61,33.33283468,1,1,0,1889,756,2,346535,381772286,1,-0.867201269,0.392004192,0.663993657,6.960020959,-0.95431459,0.298803657,0.228427052,6.494018286
852,Convencionales Constituyentes,1,Maule,7,#D17 - Talca,17,YQ38,1,-0.859824359,0.265508294,0.700878203,6.327541471,Paola Alejandra Grandon Gonzalez,1,47,Activista,Apruebo Dignidad,Apruebo Dignidad - PC,FRVS,1,0,0,1,1188,0.52,7,1188,0.52,46974,2.529058628,28.63,20.6,49.23,17.61074547,1,1,0,1369,548,2,1000000,265633177,0,-0.863247633,0.240007803,0.683761835,6.200039014,-0.835640788,0.199402109,0.82179606,5.997010544
388,Convencionales Constituyentes,1,Metropolitana,5.5,#D8 - Maipú,8,ZN46,1,-0.783673406,0.621173084,1.081632972,8.105865419,Maria Magdalena Rivera Iribarren,1,63,Abogada,La Lista Del Pueblo (D8),Lista del Pueblo,IND,0,0,0,0,18691,4.13,7,18691,4.13,88420,21.13888261,22.49,32.64,55.13,27.06927032,1,1,0,2414,966,2,340000,468847550,1,-0.86180532,0.30970192,0.690973401,6.548509598,-0.785464287,0.43869856,1.072678566,7.1934928
972,Convencionales Constituyentes,1,Bío-Bío,8,#D20 - Concepción,20,ZN43,1,-0.734865129,-0.182717502,1.325674355,4.086412489,Rossana Loreto Vidal Hernandez,1,51,Enfermera y Abogada,La Lista Del Pueblo(D20),Lista del Pueblo,IND,0,0,0,0,11496,3.77,7,11496,3.77,35099,32.75306989,29.1,21.93,51.03,18.08837527,1,1,0,1888,755,2,331630,358593039,0,-0.604180932,-0.311792314,1.97909534,3.44103843,-0.780118108,-0.067348175,1.099409461,4.663259126
195,Convencionales Constituyentes,1,Valparaíso,5,#D6 - Quilpué,6,S1,1,-0.885701776,0.464254707,0.571491122,7.321273535,Lisette Lorena Vergara Riquelme,1,28,Profesora,Independientes Distrito 6 + Lista Del Pueblo (D6),Independent,IND,0,0,0,0,11354,3.46,8,11354,3.46,54240,20.93289086,25.59,26.35,51.94,22.49604784,1,1,0,1822,729,2,405568,355036873,1,-0.885343432,0.460575908,0.573282838,7.302879542,-0.932897508,0.360142022,0.335512459,6.800710112
258,Convencionales Constituyentes,1,Valparaíso,5,#D6 - Quilpué,6,ZT64,1,-0.132566184,0.029612381,4.337169081,5.148061905,Miguel Angel Botto Salinas,0,52,Ingeniero Comercial,Independientes Por La Nueva Constitucion (D6),Independent,IND,0,0,0,0,3779,1.15,8,3779,1.15,30538,12.37474622,25.59,26.35,51.94,22.49604784,0,1,1,1822,729,2,420505,355036873,0,-0.06084026,-0.263442963,4.695798699,3.682785183,-0.127640694,0.523673773,4.361796528,7.618368864
1299,Escaños Reservados,0,Antofagasta,2,,,110,1,-0.834895432,0.018472804,0.82552284,5.092364019,Felix Galleguillos Ayamani (Ximena Anza Colamar),1,48,Ingeniero Civil,,Indigenous Community,,0,0,0,0,1402,20.7,1,1402,20.7,6780,20.67846608,20.99,20.59,41.58,25.16230036,1,1,1,,,3,524342,29779844,0,-0.90660125,0.066042475,0.466993749,5.330212377,-0.767729402,0.069460861,1.161352992,5.347304307
1168,Convencionales Constituyentes,1,Los Lagos,10,#D25 - Osorno,25,YB13,1,-0.537857771,-0.520279706,2.310711145,2.398601472,Mario Vargas Vidal,0,58,Profesor,Lista Del Apruebo,Lista del Apruebo,PS ,1,0,0,1,5828,5.8,3,5828,5.8,20941,27.83057161,34.83,18.62,53.45,16.1636563,1,1,0,718,300,3,6010000,155354981,0,-0.471845537,-0.720881343,2.640772313,1.395593286,-0.525136828,-0.139201015,2.374315858,4.303994924
1197,Convencionales Constituyentes,1,Los Lagos,10,#D26 - Puerto Montt,26,YB14,1,-0.463540941,-0.572763383,2.682295293,2.136183083,Julio Alvarez Pinto,0,56,Abogado,Lista Del Apruebo,Lista del Apruebo,PS ,1,0,0,0,13822,10.53,4,13822,10.53,30693,45.03306943,30.41,21.99,52.4,21.16092252,1,1,0,802,321,3,9000000,197563465,0,-0.381217629,-0.673081517,3.093911856,1.634592414,-0.457991093,-0.235208318,2.710044533,3.823958412
757,Convencionales Constituyentes,1,O'Higgins,6,#D15 - Rancagua,15,YB19,1,-0.441403508,-0.832213163,2.792982459,0.838934183,Matias Orellana Cuellar,0,32,Abogado,Lista Del Apruebo,Lista del Apruebo,PS ,1,0,0,0,7229,3.99,5,7229,3.99,25384,28.47856918,24.87,25.51,50.38,19.38858237,1,1,0,1019,408,3,6010000,207308257,0,-0.335867763,-0.941909134,3.320661187,0.290454328,-0.431387633,-0.44617483,2.843061835,2.769125849
856,Convencionales Constituyentes,1,Maule,7,#D17 - Talca,17,ZN42,1,-0.884944558,0.465696365,0.575277209,7.328481823,Elsa Carolina Labraña Pino,1,46,Trabajadora Social,La Lista Del Pueblo (D17),Lista del Pueblo,IND,0,0,0,0,7366,3.23,7,7366,3.23,28840,25.5409154,28.63,20.6,49.23,17.61074547,1,1,0,1369,548,3,500000,265633177,1,-0.882186234,0.410633296,0.58906883,7.053166479,-0.890976548,0.454049468,0.545117259,7.27024734
196,Convencionales Constituyentes,1,Valparaíso,5,#D6 - Quilpué,6,S2,1,-0.898313642,0.223693907,0.508431792,6.118469536,Cristobal Patricio Andrade Leon,0,32,Mecánico,Independientes Distrito 6 + Lista Del Pueblo (D6),Independent,IND,0,0,0,0,6767,2.06,8,6767,2.06,54240,12.47603245,25.59,26.35,51.94,22.49604784,0,1,1,1822,729,3,415568,355036873,1,-0.87186563,0.28995055,0.640671849,6.449752748,-0.888041854,0.184596673,0.55979073,5.922983363
1311,Escaños Reservados,0,Atacama,3,,,110,1,-0.908205211,0.41852513,0.458973944,7.092625648,Isabel Selena Godoy Monardez,1,53,Dirigente,,Indigenous Community,PC-IND,0,1,0,0,631,29.51,1,631,29.51,2136,29.5411985,17.93,19.25,37.18,29.96488368,1,1,0,,,4,664342,24025727,1,-0.923288524,0.384107083,0.383557379,6.920535415,-0.943117857,0.332458615,0.284410715,6.662293077
1369,Escaños Reservados,0,Magallanes,12,,,110,1,-0.785738707,-0.046504367,1.071306467,4.767478164,Lidia Gonzalez Calderon,1,53,Dueña de Casa,,Indigenous Community,,0,1,0,0,61,100,1,55,100,55,100,27.93,30.6,58.53,15.40932125,1,1,0,,,4,345342,20172854,0,-0.857593834,0.215977445,0.712030828,6.079887226,-0.722883403,-0.164185792,1.385582983,4.179071039
1364,Escaños Reservados,0,Los Lagos,10,,,145,1,-0.934800446,0.355173469,0.32599777,6.775867343,Alexis Reinaldo Caiman Gualaman (Carmen Veronica Jaramillo Gualaman),1,41,Músico,,Indigenous Community,,0,0,0,0,6294,2.89,2,6294,2.89,21844,28.81340414,32.47,20.42,52.89,21.16092252,1,1,1,,,4,404342,476036105,0,-0.860161543,0.065191641,0.699192286,5.325958207,-0.95336014,0.301835209,0.233199298,6.509176046
1296,Escaños Reservados,0,Tarapacá,1,,,125,1,-0.72644484,0.251169562,1.367775798,6.255847812,Isabella Brunilda Mamani Mamani,1,33,Abogada, ,Indigenous Community,,0,0,0,0,2414,15.55,2,2414,12.55,19255,12.53700338,30.48,18.3,48.78,23.32244812,1,1,0,,,4,1844342,52740328,0,-0.823341548,0.567546189,0.883292258,7.837730944,-0.633968174,0.174659118,1.830159128,5.87329559
22,Convencionales Constituyentes,1,Arica,0.5,#D1 - Arica,1,YQ22,1,-0.793300152,0.3563371,1.033499241,6.781685501,Carolina Eliana Videla Osorio,1,52,Trabajadora Social,Apruebo Dignidad,Apruebo Dignidad - PC,PC,1,0,0,1,3629,6.34,3,3629,6.34,9389,38.65161359,29.62,17.78,47.4,23.19405226,1,1,0,500,300,4,2150000,101829465,0,-0.87977767,0.270993382,0.60111165,6.354966909,-0.731134534,0.081832416,1.344327331,5.409162082
59,Convencionales Constituyentes,1,Tarapacá,1,#D2 - Iquique,2,XP21,1,0.490938127,0.017023733,7.454690635,5.085118664,Alvaro Jofre Caceres,0,49,Ingeniero,Vamos Por Chile,Vamos por Chile,RN,1,0,0,0,6131,7.79,3,6131,7.79,15313,40.03787631,30.48,18.3,48.78,23.32244812,1,1,0,500,300,4,13500000,129511839,0,0.47597602,0.079694398,7.3798801,5.398471989,0.501818478,0.491504252,7.509092391,7.45752126
104,Convencionales Constituyentes,1,Antofagasta,2,#D3 - Antofagasta,3,ZN23,1,-0.882722676,0.269699186,0.586386621,6.34849593,Dayyana Gonzalez Araya,1,33,Profesora,La Lista Del Pueblo (D3),Lista del Pueblo,IND,0,0,0,0,10245,6.59,4,10245,6.59,25993,39.41445774,20.99,20.59,41.58,25.16230036,1,1,0,900,360,4,290000,222673238,1,-0.893709421,0.369314462,0.531452894,6.84657231,-0.83161521,0.06957043,0.841923952,5.347852148
360,Convencionales Constituyentes,1,Metropolitana,5.5,#D8 - Maipú,8,YB18,1,-0.640223503,0.183119342,1.798882484,5.915596709,Bessy Mireya Del Rosario Gallardo Prado,1,36,Egresada Derecho,Lista Del Apruebo,Lista del Apruebo,PRO-IND,0,0,0,1,9601,2.12,7,9601,2.12,45427,21.13500781,22.49,32.64,55.13,27.06927032,1,1,0,2414,966,4,9000000,468847550,0,-0.383030295,-0.269698024,3.084848523,3.651509881,-0.682041943,0.087446325,1.589790285,5.437231623
1239,Convencionales Constituyentes,1,Aysén,11,#D27 - Coyhaique,27,YQ22,1,-0.601713836,-0.637857974,1.991430819,1.810710132,Yarela Nicohl Gomez Sanchez,1,30,Profesora,Apruebo Dignidad,Apruebo Dignidad - FA,RD-IND,0,0,0,1,2255,6.89,3,2255,6.89,5645,39.94685562,29.47,24.99,54.46,21.42754042,1,1,0,500,300,5,893312,61684574,0,-0.524344444,-0.664606154,2.378277779,1.67696923,-0.600369513,-0.541722357,1.998152435,2.291388214
10,Convencionales Constituyentes,1,Arica,0.5,#D1 - Arica,1,XP10,1,0.726177573,0.506949425,8.630887866,7.534747124,Pollyana Rivera Bigas,1,46,Periodista,Vamos Por Chile,Vamos por Chile,UDI-IND,0,0,0,0,3469,6.06,3,3469,6.06,8188,42.36687836,29.62,17.78,47.4,23.19405226,1,1,0,500,300,5,9050000,101829465,0,0.664968312,0.391892582,8.324841559,6.959462911,0.757726312,0.064215027,8.788631558,5.321075134
1019,Convencionales Constituyentes,1,Bío-Bío,8,#D21 - Los Ángeles,21,YV30,1,-0.4115026,-0.268719912,2.942487001,3.656400442,Javier Fuchslocher Baeza,0,32,Profesor,Independientes Por Una Nueva Constitucion (D21),Independent,IND,0,0,0,0,5946,3.53,4,5946,3.53,27995,21.23950705,38.51,14.51,53.02,14.09792701,0,1,1,1068,427,5,730000,230661048,0,-0.386081696,-0.387110889,3.069591522,3.064445555,-0.393090397,0.175127149,3.034548014,5.875635743
1108,Convencionales Constituyentes,1,Araucanía,9,#D23 - Temuco,23,ZT49,1,-0.405509472,-0.374711007,2.972452641,3.126444966,Lorena Del Pilar Cespedes Fernandez,1,47,Profesora,Independientes Por La Nueva Constitucion (D23),Independent,IND,0,1,0,0,5548,3.42,6,5548,3.42,18008,30.80852954,39.28,18.04,57.32,15.30792815,1,1,0,1262,505,5,881480,272684360,0,-0.33210218,-0.459591091,3.339489102,2.702044547,-0.395594954,0.053959444,3.022025228,5.269797221
389,Convencionales Constituyentes,1,Metropolitana,5.5,#D8 - Maipú,8,ZN47,1,-0.909562886,0.415566355,0.452185571,7.077831775,Marco Antonio Arellano Ortega,0,31,Administrado Público,La Lista Del Pueblo (D8),Lista del Pueblo,IND,0,0,0,0,20367,4.5,7,20367,4.5,88420,23.03438136,22.49,32.64,55.13,27.06927032,1,1,0,2414,966,5,580000,468847550,1,-0.848425508,0.403691351,0.757872462,7.018456757,-0.951108873,0.308855772,0.244455636,6.54427886
512,Convencionales Constituyentes,1,Metropolitana,5.5,#D10 - Santiago,10,ZN55,1,-0.903727114,0.428108901,0.481364429,7.140544504,Manuel Mauricio Woldarsky Gonzalez,0,37,Abogado,La Lista Del Pueblo (D10),Lista del Pueblo,IND,0,0,0,0,10533,2.48,7,10533,2.48,44328,23.76150514,24.65,36.64,61.29,23.66695307,1,1,0,2345,938,5,1165000,443603850,1,-0.851437867,0.427204788,0.742810667,7.136023939,-0.944339871,0.328971416,0.278300643,6.644857079
220,Convencionales Constituyentes,1,Valparaíso,5,#D6 - Quilpué,6,YB26,1,-0.50967598,-0.637613237,2.451620102,1.811933815,Claudio Gomez Castro,0,41,Abogado,Lista Del Apruebo,Lista del Apruebo,PS-IND,0,0,0,0,8209,2.5,8,8209,2.5,48127,17.05695348,25.59,26.35,51.94,22.49604784,1,1,0,1822,729,5,10010000,355036873,0,-0.396676511,-0.840377927,3.016617447,0.798110366,-0.516780496,-0.232603267,2.416097522,3.836983666
868,Convencionales Constituyentes,1,Maule,7,#D18 - Linares,18,XP1,1,0.423476249,-0.014497673,7.117381245,4.927511634,Patricia Labra Besserer,1,34,Abogada,Vamos Por Chile,Vamos por Chile,RN,1,0,0,0,11888,10.67,4,11888,10.67,34208,34.75210477,37.54,17.37,54.91,14.38210144,1,1,0,680,300,6,11500000,149696465,0,0.481005996,0.062533714,7.405029982,5.312668569,0.411856532,0.83265084,7.05928266,9.163254201
640,Convencionales Constituyentes,1,Metropolitana,5.5,#D12 - Puente Alto,12,YV46,1,-0.587423563,-0.097616062,2.062882185,4.511919692,Juan Jose Martin Bravo,0,25,Estudiante,Independientes Por Una Nueva Constitucion (D12),Independent,IND,0,0,0,1,2702,0.73,6,2702,0.73,73819,3.660304258,19.2,35.17,54.37,28.98881753,0,1,1,1938,775,6,714533,398324523,0,-0.539592326,-0.236922309,2.302038372,3.815388456,-0.570988715,0.261332452,2.145056427,6.306662261
949,Convencionales Constituyentes,1,Bío-Bío,8,#D20 - Concepción,20,XP20,1,0.266914338,0.096540824,6.334571689,5.482704118,Luciano Ernesto Silva Mora,0,50,Teólogo,Vamos Por Chile,Vamos por Chile,RN,1,0,0,0,9281,3.04,7,9281,3.04,57773,16.06459765,29.1,21.93,51.03,18.08837527,1,1,0,1888,755,6,10700050,358593039,0,0.250968695,-0.051329538,6.254843473,4.743352309,0.280893058,0.959739089,6.404465288,9.798695445
1373,Escaños Reservados,0,Magallanes,12,,,114,1,-0.835219741,0.392645538,0.823901296,6.963227689,Margarita Vargas Lopez,1,51,Ingeniera en Administración Pública,,Indigenous Community,,0,0,0,0,95,38.15,1,95,38.15,248,38.30645161,27.93,30.6,58.53,15.40932125,1,1,0,,,7,1151000,20315394,0,-0.793111145,0.528255284,1.034444273,7.641276419,-0.835503876,0.296600401,0.822480619,6.483002007
39,Convencionales Constituyentes,1,Tarapacá,1,#D2 - Iquique,2,A1,1,-0.839969516,-0.069995418,0.800152421,4.650022909,Alejandra Alicia Flores Carlos,1,60,Profesora,Independientes De Tarapaca (D2),Independent,IND,0,0,0,1,3758,4.78,3,3758,4.78,11099,33.85890621,30.48,18.3,48.78,23.32244812,1,1,0,500,300,7,5825000,129511839,0,-0.82011652,0.090201795,0.8994174,5.451008976,-0.819377363,-0.226597995,0.903113186,3.867010027
185,Convencionales Constituyentes,1,Coquimbo,4,#D5 - La Serena,5,YB33,1,-0.485280216,-0.611347616,2.573598921,1.943261921,Carlos Calvo Muñoz,0,75,Profesor,Lista Del Apruebo,Lista del Apruebo,PS-IND,0,0,0,0,12514,5.55,6,12514,5.55,36743,34.05818795,21.63,25.88,47.51,24.79042156,1,1,0,1285,504,7,6077000,279095192,0,-0.285830498,-0.958280206,3.570847511,0.208598971,-0.494870245,-0.281384259,2.525648773,3.593078703
981,Convencionales Constituyentes,1,Bío-Bío,8,#D20 - Concepción,20,ZW52,1,-0.82731384,-0.003637106,0.863430798,4.981814469,Bastian Esteban Labbe Salazar,0,30,Profesor,Asamblea Popular Constituyente (D20),Independent,IND,0,0,0,0,9597,3.14,7,9597,3.14,35763,26.83499706,29.1,21.93,51.03,18.08837527,1,1,0,1888,755,7,500000,358593039,1,-0.800768316,0.028290212,0.996158421,5.141451061,-0.810349703,-0.162336931,0.948251486,4.188315347
853,Convencionales Constituyentes,1,Maule,7,#D17 - Talca,17,YQ39,1,-0.689981878,0.224462032,1.550090611,6.122310162,Roberto Antonio Celedon Fernandez,0,74,Abogado,Apruebo Dignidad,Apruebo Dignidad - PC,FRVS-IND,0,0,0,1,23468,10.3,7,23468,10.3,46974,49.95955209,28.63,20.6,49.23,17.61074547,1,1,0,1369,548,7,970000,265633177,0,-0.661923885,0.109199122,1.690380573,5.545995608,-0.668300807,0.644544482,1.658495963,8.222722411
230,Convencionales Constituyentes,1,Valparaíso,5,#D6 - Quilpué,6,YK36,1,-0.815349996,-0.132318422,0.92325002,4.338407889,Janis Jan Del Carmen Meneses Palma,1,31,Trabajadora Social,Movimientos Sociales Independientes (D6),Independent,IND,0,0,0,0,8689,2.65,8,8689,2.65,41896,20.73945007,25.59,26.35,51.94,22.49604784,1,1,0,1822,729,7,1338000,355036873,1,-0.809204519,0.007786212,0.953977406,5.03893106,-0.785334945,-0.302987546,1.073325276,3.485062271
17,Convencionales Constituyentes,1,Arica,0.5,#D1 - Arica,1,YB17,1,-0.484509051,-0.131430268,2.577454746,4.342848659,Jorge Bruno Abarca Riveros,0,54,Biólogo,Lista Del Apruebo,Lista del Apruebo,PL-IND,0,0,0,0,3251,5.68,3,3251,5.68,10058,32.32252933,29.62,17.78,47.4,23.19405226,1,1,0,500,300,8,2134850,101829465,0,-0.400503337,-0.468964577,2.997483313,2.655177116,-0.480775684,0.362522632,2.596121579,6.812613159
143,Convencionales Constituyentes,1,Atacama,3,#D4 - Copiapó,4,YQ20,1,-0.892162204,0.302289605,0.539188981,6.511448026,Ericka Portilla Barrios,1,36,Abogada,Apruebo Dignidad,Apruebo Dignidad - PC,PC,1,0,0,0,10141,12.32,4,10141,12.32,16409,61.80145042,17.93,19.25,37.18,29.96488368,1,1,0,504,300,8,8350000,122959329,0,-0.892746687,0.233592793,0.536266565,6.167963967,-0.867996454,0.115612052,0.660017729,5.578060262
1137,Convencionales Constituyentes,1,Los Ríos,9.5,#D24 - Valdivia,24,YB22,1,-0.561859548,-0.384011507,2.19070226,3.079942465,Ramona Reyes Painequeo,1,54,Matrona,Lista Del Apruebo,Lista del Apruebo,PS ,1,0,0,0,12087,10.58,4,12087,10.58,31064,38.90999227,33.15,23.17,56.32,19.62508237,1,1,0,777,311,8,9900000,168609000,0,-0.328903228,-0.944363713,3.35548386,0.278181434,-0.602019131,-0.033507627,1.989904344,4.832461867
1190,Convencionales Constituyentes,1,Los Lagos,10,#D26 - Puerto Montt,26,XP7,1,0.776898265,0.627774358,8.884491324,8.138871789,Katerine Montealegre Navarro,1,29,Abogado ,Vamos Por Chile,Vamos por Chile,UDI,1,0,0,0,5045,3.84,4,5045,3.84,28438,17.74034742,30.41,21.99,52.4,21.16092252,0,1,1,802,321,8,6385000,197563465,0,0.825730681,0.564064622,9.128653407,7.82032311,0.774722159,-0.414298266,8.873610795,2.928508669
406,Convencionales Constituyentes,1,Metropolitana,5.5,#D9 - Recoleta,9,N5,1,-0.803136647,0.114837356,0.984316766,5.57418678,Natalia Esther Henriquez Carreño,1,35,Médico,La Lista Del Pueblo Distrito 9 (D9),Lista del Pueblo,IND,0,0,0,0,17903,5.65,6,17903,5.65,74163,24.14006985,20.74,32.87,53.61,33.33283468,1,1,0,1889,756,8,3840000,381772286,0,-0.879169047,0.329843372,0.604154766,6.649216861,-0.743482947,-0.035389174,1.282585263,4.823054131
630,Convencionales Constituyentes,1,Metropolitana,5.5,#D12 - Puente Alto,12,YQ36,1,-0.505533159,-0.862807274,2.472334206,0.685963631,Beatriz De Jesus Sanchez Muñoz,1,50,periodista,Apruebo Dignidad,Apruebo Dignidad - FA,RD-IND,0,0,0,0,28254,7.59,6,28254,7.59,63348,44.60125024,19.2,35.17,54.37,28.98881753,1,1,0,1938,775,8,30694177,398324523,0,-0.461906284,-0.86327821,2.69046858,0.683608949,-0.489739925,-0.871868491,2.551300377,0.640657544
374,Convencionales Constituyentes,1,Metropolitana,5.5,#D8 - Maipú,8,YQ32,1,-0.541283369,-0.84084034,2.293583155,0.795798302,Daniel Rodrigo Stingo Camus,0,55,Abogado,Apruebo Dignidad,Apruebo Dignidad - FA,RD-IND,0,0,0,0,111578,24.65,7,111578,24.65,154570,72.18606457,22.49,32.64,55.13,27.06927032,1,1,0,2414,966,8,10321000,468847550,0,-0.424922585,-0.701930881,2.875387073,1.490345597,-0.546822429,-0.837248623,2.265887856,0.813756883
1284,Escaños Reservados,0,Arica,0.5,,,115,1,-0.770780504,0.016315505,1.146097481,5.081577525,Luis Alberto Jimenez Caceres,0,37,Abogado,,Indigenous Community,,0,0,0,0,2318,12.05,2,2318,12.05,19255,12.03843158,29.62,17.78,47.4,23.19405226,1,1,0,,,9,2219684,52740328,1,-0.824904859,0.223671928,0.875475705,6.11835964,-0.712452054,-0.065729477,1.43773973,4.671352617
730,Convencionales Constituyentes,1,Metropolitana,5.5,#D14 - San Bernardo,14,ZN23,1,-0.879854441,0.209654465,0.600727797,6.048272327,Francisco Javier Caamaño Rojas,0,31,Activista,La Lista Del Pueblo Distrito 14 (D14),Lista del Pueblo,IND,0,0,0,0,26825,8.85,5,26825,8.85,62815,42.70476797,26.12,27.98,54.1,23.68403608,1,1,0,1680,672,9,710000,341205375,1,-0.860421181,0.340940952,0.697894096,6.704704762,-0.864328086,0.202596962,0.678359568,6.012984812
160,Convencionales Constituyentes,1,Coquimbo,4,#D5 - La Serena,5,WD8,1,-0.895319402,0.445424765,0.523402989,7.227123827,Ivanna Daniela Olivares Miranda,1,30,Profesora,Lista Del Pueblo - Movimiento Territorial Constituyente (D5),Lista del Pueblo,IND,0,0,0,1,22480,9.98,6,22480,9.98,58516,38.41684326,21.63,25.88,47.51,24.79042156,1,1,0,1285,504,9,860000,279095192,1,-0.8646999,0.396733105,0.676500499,6.983665526,-0.930547118,0.366172105,0.347264409,6.830860525
1029,Convencionales Constituyentes,1,Araucanía,9,#D22 - Angol,22,XP1,1,0.839762926,0.464348257,9.198814631,7.321741283,Ruth Hurtado Olave,1,39,Estudiante de Derecho,Vamos Por Chile,Vamos por Chile,RN-IND,0,0,0,0,2013,2.53,3,2013,2.53,23925,8.413793103,48.59,13.33,61.92,12.2304366,0,1,1,606,300,10,13950000,141887798,0,0.865442812,0.495308489,9.327214062,7.476542443,0.826413214,-0.266223609,9.132066071,3.668881953
1346,Escaños Reservados,0,Araucanía,9,,,127,1,-0.886706173,0.462333411,0.566469133,7.311667055,Francisca Linconao Huircapan,1,64,Ambientalista,,Indigenous Community,,0,0,0,0,15621,7.17,4,15621,7.17,21844,71.51162791,42.15,16.58,58.73,15.30792815,1,1,0,,,10,120000,476036105,0,-0.813774526,0.395317793,0.931127369,6.976588964,-0.932319939,0.361634761,0.338400304,6.808173805
1184,Convencionales Constituyentes,1,Los Lagos,10,#D26 - Puerto Montt,26,G1,1,-0.829699278,0.198471427,0.851503611,5.992357135,Adriana Camila Ampuero Barrientos,1,34,Egresada Derecho,Insulares E Independientes (D26),Independent,IND,0,0,0,0,10734,8.17,4,10734,8.17,26909,39.88999963,30.41,21.99,52.4,21.16092252,1,1,0,802,321,10,2890000,197563465,1,-0.855467916,0.404191881,0.722660422,7.020959407,-0.775039375,0.209675938,1.124803126,6.048379689
1001,Convencionales Constituyentes,1,Bío-Bío,8,#D21 - Los Ángeles,21,XP12,1,0.347571284,-0.017520603,6.737856418,4.912396986,Paulina Veloso Muñoz,1,33,Licenciada en Derecho,Vamos Por Chile,Vamos por Chile,RN,1,0,0,0,8547,5.07,4,8547,5.07,33573,25.45795729,38.51,14.51,53.02,14.09792701,1,1,0,1068,427,10,13680000,230661048,0,0.330323339,0.014008614,6.651616693,5.070043071,0.364482433,0.814672172,6.822412163,9.07336086
895,Convencionales Constituyentes,1,Ñuble,7.5,#D19 - Chillán,19,XJ6,1,-0.868392766,0.192010105,0.658036172,5.960050523,Cesar Uribe Araya,0,37,Arquitecto ,"Fuerza Social De Ñuble, La Lista Del Pueblo (D19)",Independent,IND,0,0,0,0,16105,10.28,5,16105,10.28,32364,49.76208132,36.62,16.6,53.22,13.63307494,1,1,0,1082,433,10,1065000,220829699,1,-0.87081635,0.340699643,0.64591825,6.703498214,-0.838402629,0.146896362,0.807986856,5.734481812
1081,Convencionales Constituyentes,1,Araucanía,9,#D23 - Temuco,23,YB22,1,-0.151731342,-0.177957252,4.24134329,4.110213742,Eduardo Guillermo Castillo Vigouroux,0,70,Abogado,Lista Del Apruebo,Lista del Apruebo,PPD ,1,0,0,0,5714,3.52,6,5714,3.52,20715,27.58387642,39.28,18.04,57.32,15.30792815,1,1,0,1262,505,10,22582502,272684360,0,-0.154690072,-0.169576705,4.22654964,4.152116477,-0.129525095,0.222557083,4.352374524,6.112785414
232,Convencionales Constituyentes,1,Valparaíso,5,#D6 - Quilpué,6,YQ38,1,-0.852713466,-0.102472872,0.736432672,4.487635642,Carolina Cyntia Vilches Fuenzalida,1,36,Geógrafa,Apruebo Dignidad,Apruebo Dignidad - FA,COM-IND,0,0,0,0,19116,5.82,8,19116,5.82,60731,31.47651117,25.59,26.35,51.94,22.49604784,1,1,0,1822,729,10,2850000,355036873,1,-0.782417357,-0.094036862,1.087913215,4.529815689,-0.861629009,-0.173197716,0.691854954,4.134011418
677,Convencionales Constituyentes,1,Metropolitana,5.5,#D13 - San Miguel,13,YB20,1,-0.687116504,-0.269265056,1.564417481,3.653674722,Malucha Pinto Solari,1,65,Actriz,Lista Del Apruebo,Lista del Apruebo,PS ,1,0,1,0,29160,12.65,4,29160,12.65,48927,59.59899442,20.77,34.14,54.91,31.67049125,1,1,0,1385,554,11,8209177,275804726,0,-0.60125041,-0.48305583,1.99374795,2.58472085,-0.694227338,-0.029836327,1.528863311,4.850818366
1140,Convencionales Constituyentes,1,Los Ríos,9.5,#D24 - Valdivia,24,YB25,1,-0.337099016,-0.842478037,3.314504921,0.787609816,Pedro Muñoz Leiva,0,33,Abogado ,Lista Del Apruebo,Lista del Apruebo,PS ,1,1,0,0,11204,9.81,4,11204,9.81,31064,36.0674736,33.15,23.17,56.32,19.62508237,1,1,0,777,311,11,7488000,168609000,0,-0.350414932,-0.936594605,3.247925341,0.317026973,-0.304329902,-0.128701895,3.47835049,4.356490523
900,Convencionales Constituyentes,1,Ñuble,7.5,#D19 - Chillán,19,XP11,1,0.702399015,0.530736089,8.511995077,7.653680444,Margarita Letelier Cortes,1,67,Veterinaria,Vamos Por Chile,Vamos por Chile,UDI,1,0,0,0,6109,3.9,5,6109,3.9,39056,15.64164277,36.62,16.6,53.22,13.63307494,1,1,0,1082,433,11,11684063,220829699,0,0.768974364,0.46228382,8.844871819,7.3114191,0.675188959,-0.364461482,8.375944793,3.177692592
805,Convencionales Constituyentes,1,O'Higgins,6,#D16 - San Fernando,16,YZ26,1,-0.842378497,-0.071755521,0.788107514,4.641222395,Gloria Del Transito Alvarado Jorquera,1,58,Administradora de Empresas,Corrientes Independientes (D16),Independent,IND,0,0,0,0,6352,4.48,4,6352,4.48,20884,30.41562919,26.15,22.23,48.38,17.66580919,1,1,0,749,300,12,1920000,159350393,0,-0.798340559,0.032343727,1.008297205,5.161718633,-0.83867681,-0.170876577,0.806615949,4.145617113
147,Convencionales Constituyentes,1,Atacama,3,#D4 - Copiapó,4,ZT24,1,-0.432950884,-0.360087335,2.835245579,3.199563324,Guillermo Nicolas Namor Kong,0,24,Licenciado en Derecho,Independientes Por La Nueva Constitucion (D4),Independent,IND,0,0,0,0,4047,4.92,4,4047,4.92,15122,26.76233302,17.93,19.25,37.18,29.96488368,1,1,0,504,300,12,2669720,122959329,0,-0.389113694,-0.411402583,3.054431528,2.942987084,-0.422315598,0.027598644,2.888422012,5.137993218
180,Convencionales Constituyentes,1,Coquimbo,4,#D5 - La Serena,5,XP28,1,0.38536641,0.086312249,6.92683205,5.431561247,Roberto Vega Campusano,0,43,Abogado,Vamos Por Chile,Vamos por Chile,RN,1,0,0,0,7990,3.55,6,7990,3.55,35030,22.80902084,21.63,25.88,47.51,24.79042156,1,1,0,1285,504,12,11600001,279095192,0,0.419143617,0.121870153,7.095718086,5.609350763,0.381981462,0.38150239,6.909907311,6.90751195
611,Convencionales Constituyentes,1,Metropolitana,5.5,#D12 - Puente Alto,12,XP17,1,0.425606996,-0.123371907,7.128034979,4.383140467,Manuel Jose Ossandon Lira,0,33,Abogado,Vamos Por Chile,Vamos por Chile,RN-IND,0,0,1,0,13831,3.72,6,13831,3.72,64109,21.57419395,19.2,35.17,54.37,28.98881753,1,1,0,1938,775,12,20900000,398324523,0,0.309821904,-0.108225577,6.549109519,4.458872117,0.479456216,0.54572165,7.39728108,7.728608251
234,Convencionales Constituyentes,1,Valparaíso,5,#D6 - Quilpué,6,YQ40,1,-0.635671258,-0.594867408,1.82164371,2.025662959,Mariela Andrea Serey Jimenez,1,40,Profesora,Apruebo Dignidad,Apruebo Dignidad - FA,CS-IND,0,0,0,0,11842,3.61,8,11842,3.61,60731,19.4991026,25.59,26.35,51.94,22.49604784,1,1,0,1822,729,12,1177312,355036873,0,-0.514255404,-0.78294903,2.428722978,1.085254848,-0.67020309,-0.490895867,1.648984551,2.545520663
1038,Convencionales Constituyentes,1,Araucanía,9,#D22 - Angol,22,YB10,1,-0.10978812,0.067938104,4.451059401,5.339690521,Fuad Chahin Valenzuela,0,44,Abogado,Lista Del Apruebo,Lista del Apruebo,DC ,1,0,1,0,11413,14.34,3,11413,14.34,17774,64.21177,48.59,13.33,61.92,12.2304366,1,1,0,606,300,13,12800089,141887798,0,-0.080145597,-0.083198652,4.599272013,4.584006742,-0.09625338,0.5504933,4.518733099,7.7524665
1073,Convencionales Constituyentes,1,Araucanía,9,#D23 - Temuco,23,XP14,1,0.400549948,-0.037095081,7.002749741,4.814524595,Angelica Tepper Kolossa,1,60,Empresaria,Vamos Por Chile,Vamos por Chile,RN-IND,0,0,1,0,4899,3.02,6,4899,3.02,36233,13.52082356,39.28,18.04,57.32,15.30792815,1,1,0,1262,505,13,13666337,272684360,0,0.38792029,0.049809538,6.939601451,5.249047689,0.414134592,0.573720932,7.070672959,7.86860466
328,Convencionales Constituyentes,1,Valparaíso,5,#D7 - Valparaíso,7,ZN63,1,-0.893691063,0.233153611,0.531544685,6.165768057,Camila Ignacia Zarate Zarate,1,29,Licenciada en Derecho,La Lista Del Pueblo (D7),Lista del Pueblo,IND,0,0,0,0,18935,5.72,7,18935,5.72,67319,28.12727462,27.8,29.94,57.74,24.80737763,1,1,0,1801,720,13,601609,363640918,1,-0.891093612,0.443010122,0.544531941,7.215050608,-0.84427774,0.02121209,0.778611302,5.106060449
373,Convencionales Constituyentes,1,Metropolitana,5.5,#D8 - Maipú,8,YQ31,1,-0.560664237,-0.828043222,2.196678817,0.859783888,Tatiana Karina Urrutia Herrera,1,38,Comunicadora,Apruebo Dignidad,Apruebo Dignidad - FA,RD,1,0,0,0,4435,0.98,7,4435,0.98,154570,2.869250178,22.49,32.64,55.13,27.06927032,1,1,0,2414,966,13,1860000,468847550,0,-0.484122723,-0.844886422,2.579386383,0.775567889,-0.542692006,-0.839931905,2.286539972,0.800340474
1158,Convencionales Constituyentes,1,Los Lagos,10,#D25 - Osorno,25,XP3,1,0.726884425,0.506109953,8.634422123,7.530549765,Maria Cecilia Ubilla Perez,1,65,Abogada,Vamos Por Chile,Vamos por Chile,UDI-IND,0,0,0,1,4264,4.24,3,4264,4.24,31814,13.40290438,34.83,18.62,53.45,16.1636563,1,1,0,718,300,14,14249001,155354981,0,0.669064999,0.497896641,8.345324993,7.489483207,0.754144549,-0.169218838,8.770722747,4.153905809
1324,Escaños Reservados,0,Coquimbo,4,,,114,1,-0.889329612,0.457266927,0.553351939,7.286334634,Eric Chinga Ferreira (Maria Gabriela Calderon Alvarez),1,41,Abogada,,Indigenous Community,,0,0,0,0,3663,32.59,1,3663,32.59,11231,32.61508325,21.63,25.88,47.51,24.79042156,1,1,1,,,15,100000,42930080,1,-0.885131121,0.465341657,0.574344397,7.326708287,-0.939147294,0.343514562,0.304263532,6.717572808
1246,Convencionales Constituyentes,1,Magallanes,12,#D28 - Punta Arenas,28,XM3,1,-0.442572355,-0.216303259,2.787138224,3.918483704,Mauricio Daza Carrasco,0,49,Abogado ,Regionalismo Ciudadano Independiente (D28),Independent,IND,0,0,0,0,6194,11.38,3,6194,11.38,10173,60.88666077,27.93,30.6,58.53,15.40932125,1,1,0,500,300,15,28650000,88406637,0,-0.31017226,-0.220277235,3.449138701,3.898613825,-0.454271048,0.034585774,2.728644758,5.17292887
888,Convencionales Constituyentes,1,Maule,7,#D18 - Linares,18,ZD21,1,-0.859707236,0.133804575,0.701463819,5.669022873,Fernando Salinas Manfredini,0,65,Ingeniero,La Lista Del Pueblo Maule Sur (D18),Lista del Pueblo,IND,0,0,0,1,7416,6.66,4,7416,6.66,35869,20.67523488,37.54,17.37,54.91,14.38210144,0,1,1,680,300,15,23000000,149696465,1,-0.830772519,0.260290891,0.846137404,6.301454455,-0.844650567,0.047605485,0.776747167,5.238027424
1340,Escaños Reservados,0,Araucanía,9,,,121,1,-0.7731058,0.02386643,1.134470999,5.11933215,Rosa Elizabeth Catrileo Arias,1,39,Abogada,,Indigenous Community,PS-IND,0,0,0,0,10448,4.8,4,10448,4.8,21844,47.83006775,42.15,16.58,58.73,15.30792815,1,1,0,,,15,550000,476036105,1,-0.791725695,0.241158128,1.041371524,6.205790639,-0.734229565,-0.115903325,1.328852177,4.420483373
369,Convencionales Constituyentes,1,Metropolitana,5.5,#D8 - Maipú,8,YQ27,1,-0.809657037,0.382752895,0.951714814,6.913764477,Valentina Andrea Miranda Arce,1,21,Estudiante,Apruebo Dignidad,Apruebo Dignidad - PC,PC,1,0,0,0,10931,2.42,7,10931,2.42,154570,7.07187682,22.49,32.64,55.13,27.06927032,1,1,0,2414,966,15,19656500,468847550,0,-0.871492624,0.219663426,0.642536879,6.098317131,-0.759035647,0.122670427,1.204821765,5.613352135
1333,Escaños Reservados,0,Metropolitana,5.5,,,114,1,-0.745893538,-0.148374498,1.27053231,4.258127511,Elisa Loncon Antileo,1,58,Profesora,,Indigenous Community,,0,1,0,0,11714,5.38,1,11714,5.38,21844,53.62570958,25.07,27.98,56.09,24.02697669,1,1,0,,,16,1603342,476036105,1,-0.67783314,-0.164945558,1.610834301,4.175272211,-0.749979079,-0.096884936,1.250104606,4.51557532
124,Convencionales Constituyentes,1,Atacama,3,#D4 - Copiapó,4,WJ1,1,-0.900167525,0.2672185,0.499162376,6.336092502,Constanza Andrea San Juan Standen,1,35,Historiadora,Asamblea Constituyente Atacama,Independent,IND,0,0,0,0,7913,9.61,4,7913,9.61,18424,42.94941381,17.93,19.25,37.18,29.96488368,1,1,0,504,300,16,1074841,122959329,1,-0.884075224,0.382142574,0.579623878,6.910712868,-0.873485923,0.197057351,0.632570386,5.985286757
907,Convencionales Constituyentes,1,Ñuble,7.5,#D19 - Chillán,19,YB18,1,0.001239073,-0.098499991,5.006195367,4.507500045,Felipe Harboe Bascuñan,0,48,Abogado,Lista Del Apruebo,Lista del Apruebo,PPD ,1,0,1,1,11046,7.05,5,11046,7.05,21957,50.30741905,36.62,16.6,53.22,13.63307494,1,1,0,1082,433,16,27008341,220829699,0,-0.033584926,-0.11769589,4.832075369,4.411520548,0.028899087,0.23006615,5.144495433,6.150330752
330,Convencionales Constituyentes,1,Valparaíso,5,#D7 - Valparaíso,7,ZN65,1,-0.913658738,0.406481981,0.431706309,7.032409906,Tania Isabel Madriaga Flores,1,49,Socióloga,La Lista Del Pueblo (D7),Lista del Pueblo,IND,0,0,0,0,15020,4.53,7,15020,4.53,67319,22.31168021,27.8,29.94,57.74,24.80737763,1,1,0,1801,720,16,21638609,363640918,0,-0.861394703,0.428166658,0.693026483,7.140833288,-0.961517215,0.2747446,0.192413926,6.373723
1013,Convencionales Constituyentes,1,Bío-Bío,8,#D21 - Los Ángeles,21,XQ24,1,-0.811442137,-0.004458406,0.942789316,4.97770797,Vanessa Camila Hoppe Espoz,1,41,Abogada,Apruebo Dignidad,Apruebo Dignidad - PC,PC-IND,0,0,0,1,11131,6.6,4,11131,6.6,28177,39.50385066,38.51,14.51,53.02,14.09792701,1,1,0,1068,427,17,4113099,230661048,1,-0.810141146,0.042044576,0.949294269,5.210222881,-0.780074835,-0.099464528,1.099625826,4.502677359
1008,Convencionales Constituyentes,1,Bío-Bío,8,#D21 - Los Ángeles,21,YB19,1,-0.164039314,0.108268641,4.179803431,5.541343205,Luis Ramon Barcelo Amado,0,67,Abogado,Lista Del Apruebo,Lista del Apruebo,PPD-IND,0,0,0,1,7581,4.5,4,7581,4.5,27928,27.14480092,38.51,14.51,53.02,14.09792701,1,1,0,1068,427,17,7888500,230661048,0,-0.125163823,0.062431175,4.374180883,5.312155876,-0.150907144,0.494874358,4.24546428,7.474371791
815,Convencionales Constituyentes,1,Maule,7,#D17 - Talca,17,XI1,1,-0.822213411,-0.102630511,0.888932943,4.486847445,Maria Elisa Quinteros Caceres,1,39,Odontóloga,Asamblea Popular Por La Dignidad (D17),Independent,IND,0,1,0,0,12507,5.49,7,12507,5.49,33569,37.25758885,28.63,20.6,49.23,17.61074547,1,1,0,1369,548,17,756000,265633177,1,-0.813084066,0.012143104,0.93457967,5.060715522,-0.796250343,-0.229679689,1.018748283,3.851601556
115,Convencionales Constituyentes,1,Antofagasta,2,#D3 - Antofagasta,3,ZZ34,1,-0.832168639,-0.163242519,0.839156806,4.183787405,Cristina Ines Dorador Ortiz,1,41,Científica,Movimiento Independientes Del Norte (D3),Independent,IND,0,0,0,0,19751,12.71,4,19751,12.71,31466,62.76933833,20.99,20.59,41.58,25.16230036,1,1,0,900,360,18,2236177,222673238,1,-0.777663529,-0.084299147,1.111682355,4.578504264,-0.835470855,-0.254040152,0.822645724,3.729799241
624,Convencionales Constituyentes,1,Metropolitana,5.5,#D12 - Puente Alto,12,YL30,1,-0.900374234,0.43511641,0.498128831,7.175582051,Giovanna Jazmin Grandon Caro,1,45,Asistente de Párvulos y Transportista Escolar,La Lista Del Pueblo Distrito 12 (D12),Lista del Pueblo,IND,0,0,0,0,20990,5.64,6,20990,5.64,68242,30.75818411,19.2,35.17,54.37,28.98881753,1,1,0,1938,775,18,1798190,398324523,0,-0.845944524,0.398069203,0.770277381,6.990346014,-0.932246089,0.361825138,0.338769555,6.809125692
930,Convencionales Constituyentes,1,Bío-Bío,8,#D20 - Concepción,20,I1,1,-0.335687757,-0.456162572,3.321561217,2.71918714,Tammy Solange Pustilnick Arditi,1,34,Abogada,Independientes Del Biobio Por Una Nueva Constitucion (D20),Independent,IND,0,0,0,1,10350,3.39,7,10350,3.39,36291,28.51946764,29.1,21.93,51.03,18.08837527,1,1,0,1888,755,19,6982000,358593039,0,-0.307831407,-0.285767436,3.460842967,3.57116282,-0.317241073,-0.222161874,3.413794637,3.889190629
720,Convencionales Constituyentes,1,Metropolitana,5.5,#D14 - San Bernardo,14,YB13,1,-0.42946735,0.420983404,2.852663249,7.10491702,Renato Fabrizio Garin Gonzalez,0,34,Abogado,Lista Del Apruebo,Lista del Apruebo,PR-IND,0,0,0,0,22060,7.28,5,22060,7.28,60490,36.46883782,26.12,27.98,54.1,23.68403608,1,1,0,1680,672,20,9955028,341205375,0,-0.629752755,0.317214191,1.851236224,6.586070955,-0.35098961,0.53835994,3.24505195,7.6917997
911,Convencionales Constituyentes,1,Ñuble,7.5,#D19 - Chillán,19,YF22,1,-0.425036848,-0.117641822,2.874815762,4.411790892,Carolina Andrea Sepulveda Sepulveda,1,40,Ingeniera Civil,Independientes De Ñuble Por La Nueva Constitucion (D19),Independent,IND,0,0,0,0,6986,4.46,5,6986,4.46,20193,34.59614718,36.62,16.6,53.22,13.63307494,1,1,0,1082,433,20,1370000,220829699,0,-0.326809138,-0.415955275,3.36595431,2.920223624,-0.427571326,0.4089984,2.862143368,7.044992
280,Convencionales Constituyentes,1,Valparaíso,5,#D7 - Valparaíso,7,XP15,1,0.702532828,0.410694331,8.512664139,7.053471655,Jorge Arancibia Reyes,0,81,Marino,Vamos Por Chile,Vamos por Chile,UDI-IND,0,0,0,0,21497,6.49,7,21497,6.49,71164,30.20768928,27.8,29.94,57.74,24.80737763,1,1,0,1801,720,20,36094177,363640918,0,0.678877771,0.415001124,8.394388855,7.075005621,0.71184063,-0.039556868,8.559203148,4.802215658
595,Convencionales Constituyentes,1,Metropolitana,5.5,#D12 - Puente Alto,12,T1,1,-0.811305881,-0.103911936,0.943470597,4.480440319,Alondra Carrillo Vidal,1,29,Psicólogo,Voces Constituyentes (D12),Independent,IND,0,0,0,0,22986,6.18,6,22986,6.18,38584,59.57391665,19.2,35.17,54.37,28.98881753,1,1,0,1938,775,21,7385500,398324523,1,-0.790403068,-0.005309558,1.04798466,4.97345221,-0.788957238,-0.247780621,1.055213809,3.761096895
1229,Convencionales Constituyentes,1,Aysén,11,#D27 - Coyhaique,27,YB12,1,-0.358753771,-0.899300277,3.206231147,0.503498614,Tomas Laibe Saez,0,30,Cientista Político,Lista Del Apruebo,Lista del Apruebo,PS ,1,1,0,0,4291,13.12,3,4291,13.12,10045,42.71777003,29.47,24.99,54.46,21.42754042,1,1,0,500,300,22,9070000,61684574,0,-0.256314248,-0.966593504,3.718428761,0.16703248,-0.342881262,-0.339762002,3.285593688,3.301189989
682,Convencionales Constituyentes,1,Metropolitana,5.5,#D13 - San Miguel,13,YQ25,1,-0.829903722,0.404995322,0.850481391,7.024976611,Marcos Patricio Barraza Gomez,0,48,Psicólogo,Apruebo Dignidad,Apruebo Dignidad - PC,PC,1,0,0,0,11217,4.87,4,11217,4.87,36423,30.79647475,20.77,34.14,54.91,31.67049125,0,1,1,1385,554,22,31315000,275804726,0,-0.880386591,0.269902587,0.598067045,6.349512935,-0.775993288,0.167860061,1.120033562,5.839300305
1143,Convencionales Constituyentes,1,Los Ríos,9.5,#D24 - Valdivia,24,YQ28,1,-0.600206077,-0.692790806,1.998969615,1.536045969,Aurora Genoveva Delgado Vergara,1,56,Matrona,Apruebo Dignidad,Apruebo Dignidad - FA,RD-IND,0,0,0,0,4837,4.24,4,4837,4.24,15623,30.96076298,33.15,23.17,56.32,19.62508237,1,1,0,777,311,22,5144999,168609000,0,-0.506381452,-0.769781291,2.46809274,1.151093543,-0.607027709,-0.647325397,1.964861453,1.763373017
276,Convencionales Constituyentes,1,Valparaíso,5,#D7 - Valparaíso,7,XP11,1,0.398409128,-0.115173228,6.992045641,4.42413386,Raul Celis Montt,0,58,Abogado,Vamos Por Chile,Vamos por Chile,RN,1,0,1,0,13779,4.16,7,13779,4.16,71164,19.36231803,27.8,29.94,57.74,24.80737763,1,1,0,1801,720,23,52410000,363640918,0,0.387842208,0.03360647,6.939211041,5.168032348,0.411870837,0.4948394,7.059354186,7.474197
1223,Convencionales Constituyentes,1,Aysén,11,#D27 - Coyhaique,27,XP6,1,0.339318424,-0.008307453,6.696592122,4.958462734,Geoconda Navarrete Arratia,1,51,Asistente Social,Vamos Por Chile,Vamos por Chile,EVO,1,0,0,1,3404,10.41,3,3404,10.41,8687,39.18498906,29.47,24.99,54.46,21.42754042,1,1,0,500,300,24,36394177,61684574,0,0.357946604,0.074460208,6.789733022,5.372301042,0.346268296,0.774693131,6.731341481,8.873465657
302,Convencionales Constituyentes,1,Valparaíso,5,#D7 - Valparaíso,7,YQ37,1,-0.498622239,-0.866819382,2.506888807,0.665903091,Maria Jose Oyarzun Solis,1,38,Profesora,Apruebo Dignidad,Apruebo Dignidad - FA,RD,1,0,0,0,2613,0.79,7,2613,0.79,79305,3.29487422,27.8,29.94,57.74,24.80737763,0,1,1,1801,720,27,4220000,363640918,0,-0.46983698,-0.788956285,2.650815099,1.055218577,-0.455356985,-0.890308917,2.723215073,0.548455417
1161,Convencionales Constituyentes,1,Los Lagos,10,#D25 - Osorno,25,XP6,1,0.794759929,0.369105756,8.973799646,6.845528781,Harry Jurgensen Caesar,0,78,Contador,Vamos Por Chile,Vamos por Chile,RN,1,0,1,1,19464,19.35,3,19464,19.35,31814,61.18061231,34.83,18.62,53.45,16.1636563,1,1,0,718,300,28,46748354,155354981,0,0.665412843,0.236852929,8.327064216,6.184264645,0.851310372,-0.015111336,9.256551862,4.924443318
1337,Escaños Reservados,0,Bío-Bío,8,,,118,1,-0.800270498,-0.002038375,0.998647511,4.989808126,Adolfo Millabur Ñancuil,0,54,Agricultor,,Indigenous Community,,0,0,0,0,12288,5.64,4,12288,5.64,21844,56.25343344,32.6,19.17,51.77,16.80635468,1,1,0,,,29,660000,476036105,0,-0.785485446,0.096089073,1.072572768,5.480445363,-0.774352074,-0.082718931,1.128239632,4.586405344
1274,Convencionales Constituyentes,1,Magallanes,12,#D28 - Punta Arenas,28,ZI31,1,-0.820431411,-0.091454566,0.897842944,4.542727172,Elisa Amanda Giustinianovich Campos,1,36,Bioingeniera,Coordinadora Social De Magallanes (D28),Independent,IND,0,1,0,1,4256,7.82,3,4256,7.82,9510,44.75289169,27.93,30.6,58.53,15.40932125,1,1,0,500,300,30,3032840,88406637,1,-0.793051362,-0.01265671,1.03474319,4.936716449,-0.801921964,-0.200803444,0.990390182,3.995982781
740,Convencionales Constituyentes,1,O'Higgins,6,#D15 - Rancagua,15,P2,1,-0.829597175,-0.049934935,0.852014124,4.750325326,Alvin Antonio Saldaña Muñoz,0,44,Abogado,Movimientos Sociales Autonomos (D15),Independent,IND,0,0,0,0,8870,4.9,5,8870,4.9,22911,38.71502772,24.87,25.51,50.38,19.38858237,1,1,0,1019,408,30,7915667,207308257,0,-0.816509962,0.043870937,0.91745019,5.219354685,-0.806314528,-0.122303694,0.96842736,4.388481528
472,Convencionales Constituyentes,1,Metropolitana,5.5,#D10 - Santiago,10,XP15,1,0.333833218,-0.054782096,6.669166088,4.726089519,Cristian Monckeberg Bruner,0,52,Abogado,Vamos Por Chile,Vamos por Chile,RN,1,0,0,0,18553,4.36,7,18553,4.36,91960,20.17507612,24.65,36.64,61.29,23.66695307,1,1,0,2345,938,30,94537000,443603850,0,0.330324471,0.037186962,6.651622355,5.185934808,0.347444445,0.704034925,6.737222224,8.520174623
724,Convencionales Constituyentes,1,Metropolitana,5.5,#D14 - San Bernardo,14,YQ17,1,-0.553863108,-0.832607746,2.230684459,0.836961269,Ignacio Jaime Achurra Diaz,0,41,Actor ,Apruebo Dignidad,Apruebo Dignidad - FA,CS,1,0,0,0,29524,9.75,5,29524,9.75,73276,40.29150063,26.12,27.98,54.1,23.68403608,1,1,0,1680,672,31,10060312,341205375,0,-0.485797584,-0.836572707,2.57101208,0.817136467,-0.489421636,-0.850245595,2.552891821,0.748772025
1212,Convencionales Constituyentes,1,Los Lagos,10,#D26 - Puerto Montt,26,ZA29,1,-0.448045582,-0.180400223,2.759772092,4.097998887,Gaspar Roberto Dominguez Donoso,0,32,Médico,Independientes Nueva Constitucion (D26),Independent,IND,0,1,0,0,6398,4.87,4,6398,4.87,18335,34.89500954,30.41,21.99,52.4,21.16092252,1,1,0,802,321,33,4408000,197563465,0,-0.415868551,-0.234527633,2.920657247,3.827361837,-0.428806484,0.118430972,2.855967581,5.59215486
769,Convencionales Constituyentes,1,O'Higgins,6,#D15 - Rancagua,15,YQ31,1,-0.616723716,-0.650076807,1.916381419,1.749615967,Damaris Abarca Gonzalez,1,31,Ajedrecista,Apruebo Dignidad,Apruebo Dignidad - FA,CS-IND,0,0,0,1,6011,3.32,5,6011,3.32,21541,27.90492549,24.87,25.51,50.38,19.38858237,1,1,0,1019,408,33,4001312,207308257,0,-0.514239192,-0.775493264,2.42880404,1.122533679,-0.631942987,-0.578852832,1.840285063,2.105735838
823,Convencionales Constituyentes,1,Maule,7,#D17 - Talca,17,XP9,1,0.458770722,-0.096845783,7.293853611,4.515771084,Barbara Rebolledo Aguirre,1,48,Periodista,Vamos Por Chile,Vamos por Chile,EVO-IND,0,0,0,0,18096,7.94,7,18096,7.94,57486,31.47896879,28.63,20.6,49.23,17.61074547,1,1,0,1369,548,36,58534113,265633177,0,0.390009284,0.046957549,6.95004642,5.234787744,0.492935628,0.656200767,7.464678138,8.281003833
1336,Escaños Reservados,0,Bío-Bío,8,,,117,1,-0.897232294,0.441558897,0.51383853,7.207794487,Natividad Llanquileo Pilquiman,1,36,Abogada,,Indigenous Community,,0,1,0,0,13124,6.02,4,13124,6.02,21844,60.08057132,32.6,19.17,51.77,16.80635468,1,1,0,,,37,265000,476036105,1,-0.898769498,0.438421398,0.506152511,7.192106992,-0.953910589,0.300091177,0.230447054,6.500455886
189,Convencionales Constituyentes,1,Coquimbo,4,#D5 - La Serena,5,YQ37,1,-0.602031946,-0.710745811,1.989840269,1.446270943,Jeniffer Valeria Mella Escobar,1,40,Abogada,Apruebo Dignidad,Apruebo Dignidad - FA,CS-IND,0,0,1,0,13368,5.93,6,13368,5.93,37401,35.74235983,21.63,25.88,47.51,24.79042156,1,1,0,1285,504,37,3809612,279095192,0,-0.459282219,-0.8599841,2.703588903,0.700079501,-0.632220805,-0.611691952,1.838895977,1.941540241
968,Convencionales Constituyentes,1,Bío-Bío,8,#D20 - Concepción,20,YQ39,1,-0.577832341,-0.776773155,2.110838294,1.116134226,Amaya Paulina Alvez Marin,1,50,Abogada ,Apruebo Dignidad,Apruebo Dignidad - FA,RD,1,1,0,0,18459,6.05,7,18459,6.05,45023,40.99904493,29.1,21.93,51.03,18.08837527,1,1,0,1888,755,37,12812060,358593039,0,-0.497969329,-0.781247437,2.510153353,1.093762815,-0.577083826,-0.708536088,2.11458087,1.457319558
826,Convencionales Constituyentes,1,Maule,7,#D17 - Talca,17,XP12,1,0.707192421,0.356342316,8.535962105,6.781711578,Alfredo Moreno Echeverria,0,39,Ingeniero Comercial,Vamos Por Chile,Vamos por Chile,UDI-IND,0,0,0,0,11343,4.98,7,11343,4.98,57486,19.73176078,28.63,20.6,49.23,17.61074547,1,1,0,1369,548,38,96943000,265633177,0,0.564176202,0.361358374,7.820881009,6.806791872,0.78361547,-0.079232424,8.91807735,4.603837878
161,Convencionales Constituyentes,1,Coquimbo,4,#D5 - La Serena,5,WD9,1,-0.791178048,0.15984638,1.044109762,5.799231902,Daniel Alejandro Bravo Silva,0,38,Abogado,Lista Del Pueblo - Movimiento Territorial Constituyente (D5),Lista del Pueblo,IND,0,0,0,1,11061,4.91,6,11061,4.91,58516,18.90252239,21.63,25.88,47.51,24.79042156,1,1,0,1285,504,39,4018500,279095192,1,-0.837045729,0.337939531,0.814771354,6.689697653,-0.73741293,0.027187413,1.312935352,5.135937063
435,Convencionales Constituyentes,1,Metropolitana,5.5,#D9 - Recoleta,9,YQ34,1,-0.632941008,0.350881815,1.835294962,6.754409075,Barbara Sepulveda Hales,1,35,Abogada,Apruebo Dignidad,Apruebo Dignidad - PC,PC,1,1,0,0,24900,7.85,6,24900,7.85,63529,39.19469848,20.74,32.87,53.61,33.33283468,1,1,0,1889,756,39,16521188,381772286,0,-0.856038451,0.232090279,0.719807744,6.160451397,-0.529132247,-0.005515959,2.354338765,4.972420207
955,Convencionales Constituyentes,1,Bío-Bío,8,#D20 - Concepción,20,YB26,1,-0.250596017,-0.736112654,3.747019917,1.319436729,Andres Cruz Carrasco,0,47,Abogado,Lista Del Apruebo,Lista del Apruebo,PS-IND,0,0,0,0,10937,3.58,7,10937,3.58,43223,25.30365777,29.1,21.93,51.03,18.08837527,1,1,0,1888,755,40,12140000,358593039,0,-0.132717013,-0.991153955,4.336414933,0.044230223,-0.244052902,-0.125068113,3.779735491,4.374659434
1252,Convencionales Constituyentes,1,Magallanes,12,#D28 - Punta Arenas,28,XP9,1,0.732863665,0.523830175,8.664318323,7.619150877,Rodrigo Alvarez Zenteno,0,54,Abogado,Vamos Por Chile,Vamos por Chile,UDI,1,1,0,0,4197,7.71,3,4197,7.71,9948,42.1893848,27.93,30.6,58.53,15.40932125,1,1,0,500,300,41,65998354,88406637,0,0.685614347,0.503950715,8.428071737,7.519753575,0.756406307,-0.163381651,8.782031536,4.183091745
1074,Convencionales Constituyentes,1,Araucanía,9,#D23 - Temuco,23,XP15,1,0.487699538,-0.028530253,7.438497692,4.857348735,Luis Mayol Bouchon,0,68,Abogado,Vamos Por Chile,Vamos por Chile,RN,1,0,1,0,15442,9.52,6,15442,9.52,36233,42.61860735,39.28,18.04,57.32,15.30792815,1,1,0,1262,505,42,77950000,272684360,0,0.530378401,0.093958475,7.651892006,5.469792373,0.481422007,0.574625611,7.407110035,7.873128057
480,Convencionales Constituyentes,1,Metropolitana,5.5,#D10 - Santiago,10,YB23,1,-0.501598001,-0.865100801,2.492009997,0.674495995,Jorge Baradit Morales,0,51,Escritor,Lista Del Apruebo,Lista del Apruebo,PS-IND,0,0,0,0,21881,5.15,7,21881,5.15,56974,38.40523748,24.65,36.64,61.29,23.66695307,1,1,0,2345,938,44,12839021,443603850,0,-0.453763843,-0.796931088,2.731180787,1.01534456,-0.438155532,-0.834598064,2.809222341,0.827009678
549,Convencionales Constituyentes,1,Metropolitana,5.5,#D11 - Las Condes,11,XP14,1,0.829626203,0.558319271,9.148131013,7.791596353,Marcela Cubillos Sigall,1,54,Abogada,Vamos Por Chile,Vamos por Chile,UDI-IND,0,0,0,0,84040,21.85,6,84040,21.85,168135,49.9836441,39.79,17.74,57.53,8.305259818,1,1,0,2036,815,46,133887596,328387587,0,0.71562326,0.66266638,8.578116298,8.313331902,0.910707831,-0.232398033,9.553539157,3.838009834
359,Convencionales Constituyentes,1,Metropolitana,5.5,#D8 - Maipú,8,XP17,1,0.111594863,0.191819295,5.557974316,5.959096476,Bernardo De La Maza Bañados,0,75,Periodista,Vamos Por Chile,Vamos por Chile,EVO-IND,0,0,0,,28327,6.29,7,28327,6.26,70273,40.30993411,22.49,32.64,55.13,27.06927032,1,1,0,2414,966,48,77220000,468847550,0,0.151030526,0.182249978,5.755152628,5.911249891,0.115533262,0.55969125,5.577666312,7.798456252
901,Convencionales Constituyentes,1,Ñuble,7.5,#D19 - Chillán,19,XP12,1,0.841464162,0.540312946,9.207320809,7.701564729,Martin Arrau Garcia-Huidobro,0,42,Ingeniero Civil,Vamos Por Chile,Vamos por Chile,UDI,1,0,1,0,22137,14.12,5,22137,14.12,39056,56.68015158,36.62,16.6,53.22,13.63307494,1,1,0,1082,433,50,60169000,220829699,0,0.894914746,0.446237296,9.474573731,7.231186479,0.836321354,-0.548239648,9.18160677,2.258801758
473,Convencionales Constituyentes,1,Metropolitana,5.5,#D10 - Santiago,10,XP16,1,0.896128714,0.44379431,9.48064357,7.21897155,Teresa Marinovic Vial,1,48,Licenciada en Filosofía,Vamos Por Chile,Vamos por Chile,RN-IND,0,0,0,0,39753,9.53,7,39753,9.35,91960,43.22857764,24.65,36.64,61.29,23.66695307,1,1,0,2345,938,53,56498577,443603850,0,0.906505942,0.422192991,9.532529712,7.110964954,0.91861093,-0.395163089,9.593054652,3.024184555
946,Convencionales Constituyentes,1,Bío-Bío,8,#D20 - Concepción,20,XP17,1,0.912003994,0.410181373,9.56001997,7.050906867,Rocio Cantuarias Rubio,1,42,Abogada,Vamos Por Chile,Vamos por Chile,EVO-IND,0,0,0,0,16957,5.56,7,16957,5.56,57773,29.35108095,29.1,21.93,51.03,18.08837527,1,1,0,1888,755,53,68164413,358593039,0,0.888350725,0.459165454,9.441753626,7.29582727,0.930651009,-0.365907997,9.653255045,3.170460016
1087,Convencionales Constituyentes,1,Araucanía,9,#D23 - Temuco,23,YQ28,1,-0.832908094,-0.000555525,0.83545953,4.997222376,Manuela Royo Letelier,1,38,Abogada,Apruebo Dignidad,Apruebo Dignidad - PC,PI-IND,0,0,0,0,8613,5.31,6,8613,5.31,17383,49.54840937,39.28,18.04,57.32,15.30792815,1,1,0,1262,505,56,7192000,272684360,1,-0.79377234,0.070261545,1.031138301,5.351307727,-0.82931906,-0.150035843,0.853404701,4.249820784
427,Convencionales Constituyentes,1,Metropolitana,5.5,#D9 - Recoleta,9,YB26,1,-0.345922559,-0.888981938,3.270387203,0.555090308,Cesar Valenzuela Maass,0,32,Abogado,Lista Del Apruebo,Lista del Apruebo,PS ,1,0,0,0,9592,3.03,6,9592,3.03,33803,28.37617963,20.74,32.87,53.61,33.33283468,1,1,0,1889,756,56,18520000,381772286,0,-0.289465785,-0.957188427,3.552671075,0.214057863,-0.324387968,-0.312369287,3.378060162,3.438153565
1132,Convencionales Constituyentes,1,Los Ríos,9.5,#D24 - Valdivia,24,XP17,1,0.705076754,0.372071147,8.52538377,6.860355735,Felipe Ignacio Mena Villar,0,38,Ingeniero,Vamos Por Chile,Vamos por Chile,UDI,1,0,0,0,6209,5.44,4,6209,5.44,24658,25.18046881,33.15,23.17,56.32,19.62508237,1,1,0,777,311,59,47240000,168609000,0,0.582157075,0.351780653,7.910785377,6.758903265,0.775861979,0.074800156,8.879309893,5.37400078
1034,Convencionales Constituyentes,1,Araucanía,9,#D22 - Angol,22,XP6,1,0.704740286,0.566650987,8.523701429,7.833254933,Eduardo Andres Cretton Rebolledo,0,25,Licenciado en Derecho,Vamos Por Chile,Vamos por Chile,UDI,1,0,0,0,7925,9.96,3,7925,9.96,23925,33.12434692,48.59,13.33,61.92,12.2304366,1,1,0,606,300,62,45198015,141887798,0,0.661535561,0.454953223,8.307677805,7.274766117,0.724794745,-0.218722686,8.623973727,3.906386569
638,Convencionales Constituyentes,1,Metropolitana,5.5,#D12 - Puente Alto,12,YV44,1,-0.612583697,-0.095936418,1.937081516,4.520317912,Benito Jose Baranda Ferran,0,62,Psicólogo,Independientes Por Una Nueva Constitucion (D12),Independent,IND,0,0,1,1,47081,12.65,6,47081,12.65,73819,63.77897289,19.2,35.17,54.37,28.98881753,1,1,0,1938,775,63,11129533,398324523,0,-0.472377568,-0.211074263,2.638112158,3.944628686,-0.657515287,0.461796045,1.712423563,7.308980227
527,Convencionales Constituyentes,1,Metropolitana,5.5,#D10 - Santiago,10,ZT70,1,-0.357291967,-0.308757871,3.213540167,3.456210643,Patricia Politzer Kerekes,1,69,Periodista,Independientes Por La Nueva Constitucion  (D10),Independent,IND,0,0,0,0,31739,7.47,7,31739,7.47,50015,63.45896231,24.65,36.64,61.29,23.66695307,1,1,0,2345,938,66,38482121,443603850,0,-0.339701623,-0.37440452,3.301491886,3.127977401,-0.336902589,0.099922523,3.315487057,5.499612615
570,Convencionales Constituyentes,1,Metropolitana,5.5,#D11 - Las Condes,11,YQ35,1,-0.512957752,-0.858413935,2.435211241,0.707930326,Constanza Gabriela Schonhaut Soto,1,32,Abogada,Apruebo Dignidad,Apruebo Dignidad - FA,CS,1,0,0,0,21536,5.6,6,21536,5.6,49449,43.55194241,39.79,17.74,57.53,8.305259818,1,1,0,2036,815,74,14576747,328387587,0,-0.50145942,-0.757830024,2.492702901,1.210849881,-0.484339595,-0.874880016,2.578302026,0.625599921
838,Convencionales Constituyentes,1,Maule,7,#D17 - Talca,17,YB24,1,-0.460116893,-0.887858272,2.699415535,0.560708642,Christian Viera Alvarez,0,48,Abogado,Lista Del Apruebo,Lista del Apruebo,DC-IND,0,0,0,0,9164,4.02,7,9164,4.02,31349,29.23219241,28.63,20.6,49.23,17.61074547,1,1,0,1369,548,76,13255222,265633177,0,-0.412859827,-0.809620321,2.935700864,0.951898396,-0.441544414,-0.897239387,2.792277932,0.513803065
566,Convencionales Constituyentes,1,Metropolitana,5.5,#D11 - Las Condes,11,YB31,1,-0.316320211,-0.622671902,3.418398947,1.886640489,Patricio Fernandez Chadwick,0,51,Periodista,Lista Del Apruebo,Lista del Apruebo,PL-IND,0,0,1,0,11882,3.09,6,11882,3.09,50792,23.39344779,39.79,17.74,57.53,8.305259818,1,1,0,2036,815,83,74186177,328387587,0,-0.310248762,-0.590758204,3.448756188,2.046208978,-0.293199152,-0.145496711,3.534004241,4.272516444
550,Convencionales Constituyentes,1,Metropolitana,5.5,#D11 - Las Condes,11,XP15,1,0.438358814,-0.164144844,7.191794068,4.179275781,Hernan Larrain Matte,0,46,Abogado,Vamos Por Chile,Vamos por Chile,EVO,1,0,0,0,29373,7.64,6,29373,7.64,168135,17.46989027,39.79,17.74,57.53,8.305259818,1,1,0,2036,815,85,124926660,328387587,0,0.371270031,0.037682444,6.856350154,5.188412219,0.474998713,0.721097648,7.374993563,8.605488241
489,Convencionales Constituyentes,1,Metropolitana,5.5,#D10 - Santiago,10,YQ32,1,-0.584589362,-0.811329305,2.077053189,0.943353474,Giovanna Angela Roa Cadin,1,34,Diseñadora,Apruebo Dignidad,Apruebo Dignidad - FA,RD,1,0,0,0,3875,0.91,7,3875,0.91,97591,3.970653032,24.65,36.64,61.29,23.66695307,1,1,0,2345,938,86,6337099,443603850,0,-0.496671021,-0.800512731,2.516644895,0.997436345,-0.521362185,-0.741770327,2.393189073,1.291148365
750,Convencionales Constituyentes,1,O'Higgins,6,#D15 - Rancagua,15,XP12,1,0.824259043,0.421135455,9.121295214,7.105677277,Carol Bown Sepulveda,1,42,Abogada,Vamos Por Chile,Vamos por Chile,UDI,1,0,0,0,7402,4.09,5,7402,4.09,29607,25.00084439,24.87,25.51,50.38,19.38858237,1,1,0,1019,408,91,65498369,207308257,0,0.731906891,0.550587773,8.659534454,7.752938867,0.875911057,-0.273539454,9.379555285,3.632302731
552,Convencionales Constituyentes,1,Metropolitana,5.5,#D11 - Las Condes,11,XP17,1,0.457405806,0.086569957,7.287029028,5.432849787,Bernardo Fontaine Talavera,0,56,Economista,Vamos Por Chile,Vamos por Chile,RN-IND,0,0,0,0,16728,4.35,6,16728,4.35,168135,9.949148006,39.79,17.74,57.53,8.305259818,1,1,0,2036,815,92,133617985,328387587,0,0.483501107,0.108467288,7.417505533,5.542336442,0.456456482,0.387447953,7.282282412,6.937239766
555,Convencionales Constituyentes,1,Metropolitana,5.5,#D11 - Las Condes,11,XP20,1,0.872527122,0.488565475,9.362635612,7.442827374,Constanza Hube Portus,1,35,Abogada,Vamos Por Chile,Vamos por Chile,UDI,1,0,0,0,18806,4.89,6,18806,4.89,168135,11.18505962,39.79,17.74,57.53,8.305259818,1,1,0,2036,815,95,96361531,328387587,0,0.79559356,0.605830789,8.977967799,8.029153943,0.924295127,-0.381678462,9.621475637,3.09160769
288,Convencionales Constituyentes,1,Valparaíso,5,#D7 - Valparaíso,7,YB23,1,-0.118603073,-0.169697821,4.406984635,4.151510894,Agustin Squella Narducci,0,76,Periodista,Lista Del Apruebo,Lista del Apruebo,PL-IND,0,0,0,1,17737,5.35,7,17737,5.35,45751,38.76855151,27.8,29.94,57.74,24.80737763,1,1,0,1801,720,97,47216825,363640918,0,-0.036144737,-0.147643298,4.819276314,4.26178351,-0.115852073,0.015698012,4.420739636,5.07849006
207,Convencionales Constituyentes,1,Valparaíso,5,#D6 - Quilpué,6,XP13,1,0.4504641,-0.140186638,7.252320498,4.299066812,Ruggero Cozzi Elzo,0,34,Abogado,Vamos Por Chile,Vamos por Chile,RN-IND,0,0,0,0,10814,3.29,8,10814,3.29,53945,20.0463435,25.59,26.35,51.94,22.49604784,1,1,0,1822,729,98,76385283,355036873,0,0.390817463,-0.077932671,6.954087317,4.610336646,0.480084687,0.582804739,7.400423437,7.914023697
787,Convencionales Constituyentes,1,O'Higgins,6,#D16 - San Fernando,16,XP8,1,0.708160758,0.453271031,8.54080379,7.266355157,Ricardo Neumann Bertin,0,33,Abogado,Vamos Por Chile,Vamos por Chile,UDI-IND,0,0,0,0,11772,8.29,4,11772,8.29,33126,35.53704039,26.15,22.23,48.38,17.66580919,1,1,0,749,300,108,85613350,159350393,0,0.595667481,0.424946427,7.978337407,7.124732137,0.764472485,0.027696727,8.822362423,5.138483634
488,Convencionales Constituyentes,1,Metropolitana,5.5,#D10 - Santiago,10,YQ31,1,-0.329047203,-0.944313467,3.354763985,0.278432667,Fernando Atria Lemaitre,0,52,Abogado,Apruebo Dignidad,Apruebo Dignidad - FA,RD-IND,0,0,0,0,52556,12.36,7,52556,12.36,97591,53.85332664,24.65,36.64,61.29,23.66695307,1,1,0,2345,938,109,53315364,443603850,0,-0.435240805,-0.853598118,2.823795974,0.732009411,-0.288601011,-0.957449436,3.556994945,0.212752819
416,Convencionales Constituyentes,1,Metropolitana,5.5,#D9 - Recoleta,9,XP15,1,0.744374812,0.66776216,8.721874058,8.338810802,Arturo Zuñiga Jory,0,38,Ingeniero Comercial,Vamos Por Chile,Vamos por Chile,UDI,1,0,0,1,11571,3.65,6,11571,3.65,36834,31.41391106,20.74,32.87,53.61,33.33283468,1,1,0,1889,756,123,113970151,381772286,0,0.687297463,0.578183591,8.436487317,7.890917957,0.782210052,-0.095391154,8.91105026,4.523044229
879,Convencionales Constituyentes,1,Maule,7,#D18 - Linares,18,YB12,1,-0.323815107,-0.946120501,3.380924463,0.269397497,Ricardo Montero Allende,0,37,Abogado,Lista Del Apruebo,Lista del Apruebo,PS ,1,0,0,0,6113,5.49,4,6113,5.49,23734,25.75629898,37.54,17.37,54.91,14.38210144,1,1,0,680,300,125,29427000,149696465,0,-0.296872258,-0.954917192,3.515638709,0.225414038,-0.316968232,-0.519757211,3.415158838,2.401213944
299,Convencionales Constituyentes,1,Valparaíso,5,#D7 - Valparaíso,7,YQ34,1,-0.503096044,-0.864230573,2.48451978,0.678847134,Jaime Andres Bassa Mercado,0,44,Abogado,Apruebo Dignidad,Apruebo Dignidad - FA,CS-IND,0,1,0,0,43450,13.12,7,43450,13.12,79305,54.78847488,27.8,29.94,57.74,24.80737763,1,1,0,1801,720,149,7590311,363640918,0,-0.474205762,-0.700223744,2.628971189,1.49888128,-0.468857855,-0.883273602,2.655710727,0.583631992